Empresa;Família;Modelo;OPC;Chassi;Placa;Veículo;Estado Placa;Ano;Cor;NF Número;Valor Compra;Custo Operacional;Preço Público/Venda;Custo Valor Compra;NF Compra;Empresa Compra;Valor Agregado;KM;Opcionais;Data Chegada;Dias Estoque;Data Emissão;Situação;Valor Escrito;Valor Escrito2;Valor Escrito3;Combustível;Avaliação Usado;Em Trânsito;Pago;Data Pagamento;Estoque;Flag Proposta;Flag Pedido;Flag Bloqueio;Flag Reserva;NTI Valor;Tipo Faturamento;Valores Agregados;Pis/Fin;ICMS Valor Venda;Valor HoldBack;Nr. Renavam;Promoção;Custo Venda;Localização;Floor;Tipo Transmissão
PEDRAGON MANAUS;NV SILVERADO;NX SILVERADO HC PEC;PEC;3GCUK9ED4SG291354;        ;43124;;2025/2025;*PRETO GLOBAL (GBA) MET;         153284;345297,32;0,00;389990,00;345297,32;      785;PEDRAGON MANAUS;10358,92;1;(693) UE1, (736) PEC;30/01/2026;318;15/10/2025 00:00;Bloqueado;FECHADO;"CHASSI NAO CONTEMPLA BONUS, CANCELAMENTO POSTERIOR AO DIA 15 DO MES SUBSEQUENTE""  - JURÍDICO   ";201585;GASOLINA;0,00;;Sim;24/02/2026;VN - VEICULOS  NOVOS;Não;Não;Sim;Não;0,00;CAPLAN GM;HOLD BACK (GM), (CUSTO) TOP NA VENDA (NOVOS);0,00;0,00;0,00;201585;0,00;355656,24;PEDRAGON MANAUS FLORES;0,00;AUTOMÁTICO
PEDRAGON MANAUS;NW TRAILBLAZER;NW TRAILBLAZER HC R6A;R6A;9BG156PK0VC412054;;111651;;2026/2027;PRETO OURO NEGRO;        1489978;339291,61;0,00;424640,00;335144,71;   172909;PEDRAGON MANAUS;10178,75;1;(690) PDB, (693) UE1, (707) R6A;  /  /     ;64;26/06/2026 00:00;;;PEDRAGON MANAUS;201783     ;DIESEL;0,00;Sim;;  /  /     ;VN - VEICULOS  NOVOS;Não;Não;Não;Não;0,00;CAPLAN GM;HOLD BACK (GM), (CUSTO) TOP NA VENDA (NOVOS);0,00;0,00;0,00;201783     ;0,00;345323,46;PEDRAGON MANAUS;0,00;AUTOMÁTICO
PEDRAGON MANAUS;NW TRACKER;NW TRACKER 1.2 PREM R8I;R8I;9BGEY76T0VB135041;;116274;;2026/2027;AZUL BOREAL;        3067270;141628,50;0,00;179990,00;141628,50;   217746;PEDRAGON MANAUS;4248,85;1;(693) UE1, (712) R8I;  /  /     ;8;21/08/2026 00:00;;;PEDRAGON MANAUS;149037     ;ALCO/GASOL;0,00;Sim;;  /  /     ;VN - VEICULOS  NOVOS;Não;Não;Não;Não;0,00;FLOOR PLAN - GM;HOLD BACK (GM), (CUSTO) TOP NA VENDA (NOVOS);0,00;0,00;0,00;149037     ;0,00;145877,35;PEDRAGON MANAUS;0,00;AUTOMÁTICO
PEDRAGON MANAUS;NW TRACKER;NW TRACKER 1.2 PREM R8I;R8I;9BGEY76T0VB135499;;115511;;2026/2027;PRATA SHARK;        3064490;143085,60;0,00;181840,00;143085,60;   210959;PEDRAGON MANAUS;0,00;1;(690) PDB, (693) UE1, (712) R8I;  /  /     ;16;13/08/2026 00:00;;;PEDRAGON MANAUS;149037     ;ALCO/GASOL;0,00;Sim;;  /  /     ;VN - VEICULOS  NOVOS;Não;Não;Não;Não;0,00;FLOOR PLAN - GM;(CUSTO) TOP NA VENDA (NOVOS);0,00;0,00;0,00;149037     ;0,00;143085,60;PEDRAGON MANAUS;0,00;AUTOMÁTICO
PEDRAGON MANAUS;NW TRACKER;NW TRACKER 1.2 PREM R8I;R8I;9BGEY76T0VB135491;;115510;;2026/2027;PRATA SHARK;        3064491;143085,60;0,00;181840,00;143085,60;   210960;PEDRAGON MANAUS;0,00;1;(690) PDB, (693) UE1, (712) R8I;  /  /     ;16;13/08/2026 00:00;;;PEDRAGON MANAUS;149037     ;ALCO/GASOL;0,00;Sim;;  /  /     ;VN - VEICULOS  NOVOS;Não;Não;Não;Não;0,00;FLOOR PLAN - GM;(CUSTO) TOP NA VENDA (NOVOS);0,00;0,00;0,00;149037     ;0,00;143085,60;PEDRAGON MANAUS;0,00;AUTOMÁTICO
PEDRAGON MANAUS;NW TRACKER;NW TRACKER 1.2 PREM R8I;R8I;9BGEY76T0VB137316;;115831;;2026/2027;PRETO OURO NEGRO;        3065278;143085,60;0,00;181840,00;143085,60;   213503;PEDRAGON MANAUS;4196,92;1;(690) PDB, (693) UE1, (712) R8I;  /  /     ;12;17/08/2026 00:00;Pedido;Paulo;PEDRAGON MANAUS;149037     ;ALCO/GASOL;0,00;Sim;;  /  /     ;VN - VEICULOS  NOVOS;Sim;Sim;Não;Não;0,00;CAPLAN GM;HOLD BACK (GM), (CUSTO) TOP NA VENDA (NOVOS);0,00;0,00;0,00;149037     ;0,00;147282,52;PEDRAGON MANAUS;0,00;AUTOMÁTICO
PEDRAGON MANAUS;NW TRACKER;NW TRACKER 1.2 PREM R8I;R8I;9BGEY76T0VB136046;;116581;;2026/2027;BRANCO SUMMIT;        3068533;142377,30;0,00;180940,00;142377,30;   220343;PEDRAGON MANAUS;4271,31;1;(691) PDJ, (693) UE1, (712) R8I;  /  /     ;4;25/08/2026 00:00;;;PEDRAGON MANAUS;149037     ;ALCO/GASOL;0,00;Sim;;  /  /     ;VN - VEICULOS  NOVOS;Não;Não;Não;Não;0,00;FLOOR PLAN - GM;HOLD BACK (GM), (CUSTO) TOP NA VENDA (NOVOS);0,00;0,00;0,00;149037     ;0,00;146648,61;PEDRAGON MANAUS;0,00;AUTOMÁTICO
PEDRAGON MANAUS;NW TRACKER;NW TRACKER 1.2 PREM R8I;R8I;9BGEY76T0VB136068;;116582;;2026/2027;BRANCO SUMMIT;        3068535;142377,30;0,00;180940,00;142377,30;   220344;PEDRAGON MANAUS;4271,31;1;(691) PDJ, (693) UE1, (712) R8I;  /  /     ;4;25/08/2026 00:00;;;PEDRAGON MANAUS;149037     ;ALCO/GASOL;0,00;Sim;;  /  /     ;VN - VEICULOS  NOVOS;Não;Não;Não;Não;0,00;FLOOR PLAN - GM;HOLD BACK (GM), (CUSTO) TOP NA VENDA (NOVOS);0,00;0,00;0,00;149037     ;0,00;146648,61;PEDRAGON MANAUS;0,00;AUTOMÁTICO
PEDRAGON MANAUS;NW TRACKER;NW TRACKER 1.2 PREM R8I;R8I;9BGEY76T0VB140622;;116696;;2026/2027;PRATA SHARK;        3068987;143085,60;0,00;181840,00;143085,60;   221345;PEDRAGON MANAUS;8585,12;1;(690) PDB, (693) UE1, (712) R8I;  /  /     ;3;26/08/2026 00:00;;;PEDRAGON MANAUS;149037     ;ALCO/GASOL;0,00;Sim;;  /  /     ;VN - VEICULOS  NOVOS;Não;Não;Não;Não;0,00;CAPLAN GM;HOLD BACK (GM), HOLD BACK (GM), (CUSTO) TOP NA VENDA (NOVOS);0,00;0,00;0,00;149037     ;0,00;151670,72;PEDRAGON MANAUS;0,00;AUTOMÁTICO
PEDRAGON MANAUS;NW TRACKER;NW TRACKER 1.2 PREM R8I;R8I;9BGEY76T0VB140614;;116695;;2026/2027;PRATA SHARK;        3069032;143085,60;0,00;181840,00;143085,60;   221346;PEDRAGON MANAUS;8585,12;1;(690) PDB, (693) UE1, (712) R8I;  /  /     ;3;26/08/2026 00:00;;;PEDRAGON MANAUS;149037     ;ALCO/GASOL;0,00;Sim;;  /  /     ;VN - VEICULOS  NOVOS;Não;Não;Não;Não;0,00;CAPLAN GM;HOLD BACK (GM), HOLD BACK (GM), (CUSTO) TOP NA VENDA (NOVOS);0,00;0,00;0,00;149037     ;0,00;151670,72;PEDRAGON MANAUS;0,00;AUTOMÁTICO
PEDRAGON MANAUS;NW TRACKER;NW TRACKER 1.2 PREM R8I;R8I;9BGEY76T0VB135503;;115403;;2026/2027;PRATA SHARK;        3063927;143085,60;0,00;181840,00;143085,60;   209966;PEDRAGON MANAUS;4854,33;1;(690) PDB, (693) UE1, (712) R8I;  /  /     ;17;12/08/2026 00:00;;;PEDRAGON MANAUS;149037     ;ALCO/GASOL;0,00;Sim;;  /  /     ;VN - VEICULOS  NOVOS;Não;Não;Não;Não;0,00;CAPLAN GM;HOLD BACK (GM), (CUSTO) TOP NA VENDA (NOVOS);0,00;0,00;0,00;149037     ;0,00;147939,93;PEDRAGON MANAUS;0,00;AUTOMÁTICO
PEDRAGON MANAUS;NW TRACKER;NW TRACKER 1.2 PREM R8I;R8I;9BGEY76T0VB135595;;115404;;2026/2027;PRATA SHARK;        3063985;143085,60;0,00;181840,00;143085,60;   209967;PEDRAGON MANAUS;4854,33;1;(690) PDB, (693) UE1, (712) R8I;  /  /     ;17;12/08/2026 00:00;;;PEDRAGON MANAUS;149037     ;ALCO/GASOL;0,00;Sim;;  /  /     ;VN - VEICULOS  NOVOS;Não;Não;Não;Não;0,00;CAPLAN GM;HOLD BACK (GM), (CUSTO) TOP NA VENDA (NOVOS);0,00;0,00;0,00;149037     ;0,00;147939,93;PEDRAGON MANAUS;0,00;AUTOMÁTICO
PEDRAGON MANAUS;NW TRACKER;NW TRACKER 1.2 PREM R8I;R8I;9BGEY76T0VB135600;;115405;;2026/2027;PRATA SHARK;        3063986;143085,60;0,00;181840,00;143085,60;   209968;PEDRAGON MANAUS;4854,33;1;(690) PDB, (693) UE1, (712) R8I;  /  /     ;17;12/08/2026 00:00;;;PEDRAGON MANAUS;149037     ;ALCO/GASOL;0,00;Sim;;  /  /     ;VN - VEICULOS  NOVOS;Não;Não;Não;Não;0,00;CAPLAN GM;HOLD BACK (GM), (CUSTO) TOP NA VENDA (NOVOS);0,00;0,00;0,00;149037     ;0,00;147939,93;PEDRAGON MANAUS;0,00;AUTOMÁTICO
PEDRAGON MANAUS;NW TRACKER;NW TRACKER 1.2 PREM R8I;R8I;9BGEY76T0VB142122;;117094;;2026/2027;CINZA AMBAR;        3071147;143085,60;0,00;181840,00;143085,60;   223668;PEDRAGON MANAUS;4248,85;1;(690) PDB, (693) UE1, (712) R8I;  /  /     ;1;28/08/2026 00:00;;;PEDRAGON MANAUS;149037     ;ALCO/GASOL;0,00;Sim;;  /  /     ;VN - VEICULOS  NOVOS;Não;Não;Não;Não;0,00;CAPLAN GM;HOLD BACK (GM), (CUSTO) TOP NA VENDA (NOVOS);0,00;0,00;0,00;149037     ;0,00;147334,45;PEDRAGON MANAUS;0,00;AUTOMÁTICO
PEDRAGON MANAUS;NW TRACKER;NW TRACKER 1.2 PREM R8I;R8I;9BGEY76T0VB142119;;117093;;2026/2027;CINZA AMBAR;        3071148;143085,60;0,00;181840,00;143085,60;   223669;PEDRAGON MANAUS;4248,85;1;(690) PDB, (693) UE1, (712) R8I;  /  /     ;1;28/08/2026 00:00;;;PEDRAGON MANAUS;149037     ;ALCO/GASOL;0,00;Sim;;  /  /     ;VN - VEICULOS  NOVOS;Não;Não;Não;Não;0,00;CAPLAN GM;HOLD BACK (GM), (CUSTO) TOP NA VENDA (NOVOS);0,00;0,00;0,00;149037     ;0,00;147334,45;PEDRAGON MANAUS;0,00;AUTOMÁTICO
PEDRAGON MANAUS;NW TRACKER;NW TRACKER 1.2 PREM R8I;R8I;9BGEY76T0VB142186;;117096;;2026/2027;AZUL BOREAL;        3071149;141628,50;0,00;179990,00;141628,50;   223670;PEDRAGON MANAUS;4248,85;1;(693) UE1, (712) R8I;  /  /     ;1;28/08/2026 00:00;;;PEDRAGON MANAUS;149037     ;ALCO/GASOL;0,00;Sim;;  /  /     ;VN - VEICULOS  NOVOS;Não;Não;Não;Não;0,00;CAPLAN GM;HOLD BACK (GM), (CUSTO) TOP NA VENDA (NOVOS);0,00;0,00;0,00;149037     ;0,00;145877,35;PEDRAGON MANAUS;0,00;AUTOMÁTICO
PEDRAGON MANAUS;NW TRACKER;NW TRACKER 1.2 PREM R8I;R8I;9BGEY76T0VB142176;;117095;;2026/2027;AZUL BOREAL;        3070931;141628,50;0,00;179990,00;141628,50;   223661;PEDRAGON MANAUS;4248,85;1;(693) UE1, (712) R8I;  /  /     ;1;28/08/2026 00:00;;;PEDRAGON MANAUS;149037     ;ALCO/GASOL;0,00;Sim;;  /  /     ;VN - VEICULOS  NOVOS;Não;Não;Não;Não;0,00;CAPLAN GM;HOLD BACK (GM), (CUSTO) TOP NA VENDA (NOVOS);0,00;0,00;0,00;149037     ;0,00;145877,35;PEDRAGON MANAUS;0,00;AUTOMÁTICO
PEDRAGON MANAUS;NW TRACKER;NW TRACKER 1.2 PREM R8I;R8I;9BGEY76T0VB142113;;117092;;2026/2027;CINZA AMBAR;        3070965;143085,60;0,00;181840,00;143085,60;   223663;PEDRAGON MANAUS;4248,85;1;(690) PDB, (693) UE1, (712) R8I;  /  /     ;1;28/08/2026 00:00;;;PEDRAGON MANAUS;149037     ;ALCO/GASOL;0,00;Sim;;  /  /     ;VN - VEICULOS  NOVOS;Não;Não;Não;Não;0,00;CAPLAN GM;HOLD BACK (GM), (CUSTO) TOP NA VENDA (NOVOS);0,00;0,00;0,00;149037     ;0,00;147334,45;PEDRAGON MANAUS;0,00;AUTOMÁTICO
PEDRAGON MANAUS;NW TRACKER;NW TRACKER 1.2 PREM R8I;R8I;9BGEY76T0VB142029;;117091;;2026/2027;VERMELHO SCARLET;        3070753;143085,60;0,00;181840,00;143085,60;   223658;PEDRAGON MANAUS;4248,85;1;(690) PDB, (693) UE1, (712) R8I;  /  /     ;1;28/08/2026 00:00;;;PEDRAGON MANAUS;149037     ;ALCO/GASOL;0,00;Sim;;  /  /     ;VN - VEICULOS  NOVOS;Não;Não;Não;Não;0,00;CAPLAN GM;HOLD BACK (GM), (CUSTO) TOP NA VENDA (NOVOS);0,00;0,00;0,00;149037     ;0,00;147334,45;PEDRAGON MANAUS;0,00;AUTOMÁTICO
PEDRAGON MANAUS;NW TRACKER;NW TRACKER 1.0 LTZ R8F;R8F;9BGEN76D0VB138328;        ;116133;;2026/2027;*CINZA AMBAR (GEK) MET;        3066871;129772,80;0,00;164740,00;129772,80;   216503;PEDRAGON MANAUS;3893,18;1;(53) PINTURA METALICA, (690) PDB, (693) UE1, (727) R8F;  /  /     ;9;20/08/2026 00:00;;;PEDRAGON MANAUS;149039;ALCO/GASOL;0,00;Sim;;  /  /     ;VN - VEICULOS  NOVOS;Não;Não;Não;Não;0,00;;HOLD BACK (GM), (CUSTO) TOP NA VENDA (NOVOS);0,00;0,00;0,00;149039;0,00;133665,98;PEDRAGON MANAUS;0,00;AUTOMÁTICO
PEDRAGON MANAUS;NW TRACKER;NW TRACKER 1.0 LTZ R8F;R8F;9BGEN76D0VB139290;;116275;;2026/2027;PRATA SHARK;        3067155;129772,80;0,00;164740,00;129772,80;   217744;PEDRAGON MANAUS;3893,18;1;(690) PDB, (693) UE1, (727) R8F;  /  /     ;8;21/08/2026 00:00;;;PEDRAGON MANAUS;149039     ;ALCO/GASOL;0,00;Sim;;  /  /     ;VN - VEICULOS  NOVOS;Não;Não;Não;Não;0,00;CAPLAN GM;HOLD BACK (GM), (CUSTO) TOP NA VENDA (NOVOS);0,00;0,00;0,00;149039     ;0,00;133665,98;PEDRAGON MANAUS;0,00;AUTOMÁTICO
PEDRAGON MANAUS;NW TRACKER;NW TRACKER 1.0 LT R8D;R8D;8AGEB76D0VR100602;        ;109259;;2026/2027;PRETO OURO NEGRO;        4778321;117010,79;0,00;148540,00;115580,66;   150773;PEDRAGON MANAUS;3510,32;1;(690) PDB, (693) UE1, (697) R8D, (698) R9S;  /  /     ;93;28/05/2026 00:00;;PAMOLA;PEDRAGON MANAUS;100197;ALCO/GASOL;0,00;Sim;;  /  /     ;VN - VEICULOS  NOVOS;Não;Não;Não;Não;0,00;CAPLAN GM;HOLD BACK (GM), (CUSTO) TOP NA VENDA (NOVOS);0,00;0,00;0,00;100197;0,00;119090,98;PEDRAGON MANAUS;0,00;AUTOMÁTICO
PEDRAGON MANAUS;NW TRACKER;NW TRACKER 1.0 LT R8D;R8D;8AGEB76D0VR100814;        ;109260;;2026/2027;BRANCO SUMMIT;        4778322;116302,50;0,00;147640,00;114881,02;   150774;PEDRAGON MANAUS;3489,08;1;(691) PDJ, (693) UE1, (697) R8D, (698) R9S;  /  /     ;93;28/05/2026 00:00;;adria;PEDRAGON MANAUS;100197;ALCO/GASOL;0,00;Sim;;  /  /     ;VN - VEICULOS  NOVOS;Não;Não;Não;Não;0,00;CAPLAN GM;HOLD BACK (GM), (CUSTO) TOP NA VENDA (NOVOS);0,00;0,00;0,00;100197;0,00;118370,10;PEDRAGON MANAUS;0,00;AUTOMÁTICO
PEDRAGON MANAUS;NW TRACKER;NW TRACKER 1.0 LT R8D;R8D;8AGEB76D0VR101457;;111521;;2026/2027;AZUL BOREAL;        4797738;115553,69;0,00;146690,00;114141,37;   171525;PEDRAGON MANAUS;3466,61;1;(693) UE1, (697) R8D, (698) R9S;  /  /     ;65;25/06/2026 00:00;;IZADORA ;PEDRAGON MANAUS;100197     ;ALCO/GASOL;0,00;Sim;;  /  /     ;VN - VEICULOS  NOVOS;Não;Não;Não;Não;0,00;FLOOR PLAN - GM;HOLD BACK (GM), (CUSTO) TOP NA VENDA (NOVOS);0,00;0,00;0,00;100197     ;0,00;117607,98;PEDRAGON MANAUS;0,00;AUTOMÁTICO
PEDRAGON MANAUS;NW TRACKER;NW TRACKER 1.0 LT R8D;R8D;8AGEB76D0VR100626;;111520;;2026/2027;PRETO OURO NEGRO;        4797739;117010,79;0,00;148540,00;115580,66;   171526;PEDRAGON MANAUS;3510,32;1;(690) PDB, (693) UE1, (697) R8D, (698) R9S;  /  /     ;65;25/06/2026 00:00;;;PEDRAGON MANAUS;100197     ;ALCO/GASOL;0,00;Sim;;  /  /     ;VN - VEICULOS  NOVOS;Não;Não;Não;Não;0,00;FLOOR PLAN - GM;HOLD BACK (GM), (CUSTO) TOP NA VENDA (NOVOS);0,00;0,00;0,00;100197     ;0,00;119090,98;PEDRAGON MANAUS;0,00;AUTOMÁTICO
PEDRAGON MANAUS;NW TRACKER;NW TRACKER 1.0 LT R8D;R8D;8AGEB76D0VR102767;;111526;;2026/2027;CINZA AMBAR;        4797740;117010,79;0,00;148540,00;115580,66;   171527;PEDRAGON MANAUS;3510,32;1;(690) PDB, (693) UE1, (697) R8D, (698) R9S;  /  /     ;65;25/06/2026 00:00;;;PEDRAGON MANAUS;100197     ;ALCO/GASOL;0,00;Sim;;  /  /     ;VN - VEICULOS  NOVOS;Não;Não;Não;Não;0,00;FLOOR PLAN - GM;HOLD BACK (GM), (CUSTO) TOP NA VENDA (NOVOS);0,00;0,00;0,00;100197     ;0,00;119090,98;PEDRAGON MANAUS;0,00;AUTOMÁTICO
PEDRAGON MANAUS;NW TRACKER;NW TRACKER 1.0 LT R8D;R8D;8AGEB76D0VR102650;;111525;;2026/2027;BRANCO SUMMIT;        4797741;116302,50;0,00;147640,00;114881,02;   171528;PEDRAGON MANAUS;3489,08;1;(691) PDJ, (693) UE1, (697) R8D, (698) R9S;  /  /     ;65;25/06/2026 00:00;;;PEDRAGON MANAUS;100197     ;ALCO/GASOL;0,00;Sim;;  /  /     ;VN - VEICULOS  NOVOS;Não;Não;Não;Não;0,00;FLOOR PLAN - GM;HOLD BACK (GM), (CUSTO) TOP NA VENDA (NOVOS);0,00;0,00;0,00;100197     ;0,00;118370,10;PEDRAGON MANAUS;0,00;AUTOMÁTICO
PEDRAGON MANAUS;NW TRACKER;NW TRACKER 1.0 LT R8D;R8D;8AGEB76D0VR102253;;111524;;2026/2027;CINZA AMBAR;        4797744;117010,79;0,00;148540,00;115580,66;   171531;PEDRAGON MANAUS;3510,32;1;(690) PDB, (693) UE1, (697) R8D, (698) R9S;  /  /     ;65;25/06/2026 00:00;;;PEDRAGON MANAUS;100197     ;ALCO/GASOL;0,00;Sim;;  /  /     ;VN - VEICULOS  NOVOS;Não;Não;Não;Não;0,00;FLOOR PLAN - GM;HOLD BACK (GM), (CUSTO) TOP NA VENDA (NOVOS);0,00;0,00;0,00;100197     ;0,00;119090,98;PEDRAGON MANAUS;0,00;AUTOMÁTICO
PEDRAGON MANAUS;NW TRACKER;NW TRACKER 1.0 AT R8M;R8M;9BGEX76D0VB134564;;115513;;2026/2027;PRETO OURO NEGRO;        3064541;98980,55;0,00;119900,00;98980,55;   210961;PEDRAGON MANAUS;494,90;1;(693) UE1, (774) R8M;  /  /     ;16;13/08/2026 00:00;;;PEDRAGON MANAUS;149038     ;ALCO/GASOL;0,00;Sim;;  /  /     ;VN - VEICULOS  NOVOS;Não;Não;Não;Não;0,00;FLOOR PLAN - GM;HOLD BACK (GM), (CUSTO) TOP NA VENDA (NOVOS);0,00;0,00;0,00;149038     ;0,00;99475,45;PEDRAGON MANAUS;0,00;AUTOMÁTICO
PEDRAGON MANAUS;NW TRACKER;NW TRACKER 1.0 AT R8M;R8M;9BGEX76D0VB134566;;115514;;2026/2027;PRETO OURO NEGRO;        3064542;98980,55;0,00;119900,00;98980,55;   210962;PEDRAGON MANAUS;494,90;1;(693) UE1, (774) R8M;  /  /     ;16;13/08/2026 00:00;;;PEDRAGON MANAUS;149038     ;ALCO/GASOL;0,00;Sim;;  /  /     ;VN - VEICULOS  NOVOS;Não;Não;Não;Não;0,00;FLOOR PLAN - GM;HOLD BACK (GM), (CUSTO) TOP NA VENDA (NOVOS);0,00;0,00;0,00;149038     ;0,00;99475,45;PEDRAGON MANAUS;0,00;AUTOMÁTICO
PEDRAGON MANAUS;NW TRACKER;NW TRACKER 1.0 AT R8M;R8M;9BGEX76D0VB134568;;115515;;2026/2027;PRETO OURO NEGRO;        3064543;98980,55;0,00;119900,00;98980,55;   210963;PEDRAGON MANAUS;494,90;1;(693) UE1, (774) R8M;  /  /     ;16;13/08/2026 00:00;;;PEDRAGON MANAUS;149038     ;ALCO/GASOL;0,00;Sim;;  /  /     ;VN - VEICULOS  NOVOS;Não;Não;Não;Não;0,00;FLOOR PLAN - GM;HOLD BACK (GM), (CUSTO) TOP NA VENDA (NOVOS);0,00;0,00;0,00;149038     ;0,00;99475,45;PEDRAGON MANAUS;0,00;AUTOMÁTICO
PEDRAGON MANAUS;NW TRACKER;NW TRACKER 1.0 AT R8M;R8M;9BGEX76D0VB134571;;115516;;2026/2027;PRETO OURO NEGRO;        3064544;98980,55;0,00;119900,00;98980,55;   210964;PEDRAGON MANAUS;494,90;1;(693) UE1, (774) R8M;  /  /     ;16;13/08/2026 00:00;;;PEDRAGON MANAUS;149038     ;ALCO/GASOL;0,00;Sim;;  /  /     ;VN - VEICULOS  NOVOS;Não;Não;Não;Não;0,00;FLOOR PLAN - GM;HOLD BACK (GM), (CUSTO) TOP NA VENDA (NOVOS);0,00;0,00;0,00;149038     ;0,00;99475,45;PEDRAGON MANAUS;0,00;AUTOMÁTICO
PEDRAGON MANAUS;NW TRACKER;NW TRACKER 1.0 AT R8M;R8M;9BGEX76D0VB134574;;115517;;2026/2027;PRETO OURO NEGRO;        3064564;98980,55;0,00;119900,00;98980,55;   210965;PEDRAGON MANAUS;494,90;1;(693) UE1, (774) R8M;  /  /     ;16;13/08/2026 00:00;;;PEDRAGON MANAUS;149038     ;ALCO/GASOL;0,00;Sim;;  /  /     ;VN - VEICULOS  NOVOS;Não;Não;Não;Não;0,00;FLOOR PLAN - GM;HOLD BACK (GM), (CUSTO) TOP NA VENDA (NOVOS);0,00;0,00;0,00;149038     ;0,00;99475,45;PEDRAGON MANAUS;0,00;AUTOMÁTICO
PEDRAGON MANAUS;NW TRACKER;NW TRACKER 1.0 AT R8M;R8M;9BGEX76D0VB135789;;115520;;2026/2027;PRATA SHARK;        3064565;98980,55;0,00;119900,00;98980,55;   210966;PEDRAGON MANAUS;494,90;1;(693) UE1, (774) R8M;  /  /     ;16;13/08/2026 00:00;;;PEDRAGON MANAUS;149038     ;ALCO/GASOL;0,00;Sim;;  /  /     ;VN - VEICULOS  NOVOS;Não;Não;Não;Não;0,00;FLOOR PLAN - GM;HOLD BACK (GM), (CUSTO) TOP NA VENDA (NOVOS);0,00;0,00;0,00;149038     ;0,00;99475,45;PEDRAGON MANAUS;0,00;AUTOMÁTICO
PEDRAGON MANAUS;NW TRACKER;NW TRACKER 1.0 AT R8M;R8M;9BGEX76D0VB135790;;115521;;2026/2027;PRATA SHARK;        3064566;98980,55;0,00;119900,00;98980,55;   210967;PEDRAGON MANAUS;494,90;1;(693) UE1, (774) R8M;  /  /     ;16;13/08/2026 00:00;;;PEDRAGON MANAUS;149038     ;ALCO/GASOL;0,00;Sim;;  /  /     ;VN - VEICULOS  NOVOS;Não;Não;Não;Não;0,00;FLOOR PLAN - GM;HOLD BACK (GM), (CUSTO) TOP NA VENDA (NOVOS);0,00;0,00;0,00;149038     ;0,00;99475,45;PEDRAGON MANAUS;0,00;AUTOMÁTICO
PEDRAGON MANAUS;NW TRACKER;NW TRACKER 1.0 AT R8M;R8M;9BGEX76D0VB135839;;115522;;2026/2027;PRATA SHARK;        3064567;98980,55;0,00;119900,00;98980,55;   210968;PEDRAGON MANAUS;494,90;1;(693) UE1, (774) R8M;  /  /     ;16;13/08/2026 00:00;;;PEDRAGON MANAUS;149038     ;ALCO/GASOL;0,00;Sim;;  /  /     ;VN - VEICULOS  NOVOS;Não;Não;Não;Não;0,00;FLOOR PLAN - GM;HOLD BACK (GM), (CUSTO) TOP NA VENDA (NOVOS);0,00;0,00;0,00;149038     ;0,00;99475,45;PEDRAGON MANAUS;0,00;AUTOMÁTICO
PEDRAGON MANAUS;NW TRACKER;NW TRACKER 1.0 AT R8M;R8M;9BGEX76D0VB135842;;115523;;2026/2027;PRATA SHARK;        3064568;98980,55;0,00;119900,00;98980,55;   210969;PEDRAGON MANAUS;494,90;1;(693) UE1, (774) R8M;  /  /     ;16;13/08/2026 00:00;;;PEDRAGON MANAUS;149038     ;ALCO/GASOL;0,00;Sim;;  /  /     ;VN - VEICULOS  NOVOS;Não;Não;Não;Não;0,00;FLOOR PLAN - GM;HOLD BACK (GM), (CUSTO) TOP NA VENDA (NOVOS);0,00;0,00;0,00;149038     ;0,00;99475,45;PEDRAGON MANAUS;0,00;AUTOMÁTICO
PEDRAGON MANAUS;NW TRACKER;NW TRACKER 1.0 AT R8M;R8M;9BGEX76D0VB135843;;115524;;2026/2027;PRATA SHARK;        3064569;98980,55;0,00;119900,00;98980,55;   210970;PEDRAGON MANAUS;494,90;1;(693) UE1, (774) R8M;  /  /     ;16;13/08/2026 00:00;;;PEDRAGON MANAUS;149038     ;ALCO/GASOL;0,00;Sim;;  /  /     ;VN - VEICULOS  NOVOS;Não;Não;Não;Não;0,00;FLOOR PLAN - GM;HOLD BACK (GM), (CUSTO) TOP NA VENDA (NOVOS);0,00;0,00;0,00;149038     ;0,00;99475,45;PEDRAGON MANAUS;0,00;AUTOMÁTICO
PEDRAGON MANAUS;NW TRACKER;NW TRACKER 1.0 AT R8M;R8M;9BGEX76D0VB135845;;115525;;2026/2027;PRATA SHARK;        3064570;98980,55;0,00;119900,00;98980,55;   210971;PEDRAGON MANAUS;494,90;1;(693) UE1, (774) R8M;  /  /     ;16;13/08/2026 00:00;;;PEDRAGON MANAUS;149038     ;ALCO/GASOL;0,00;Sim;;  /  /     ;VN - VEICULOS  NOVOS;Não;Não;Não;Não;0,00;FLOOR PLAN - GM;HOLD BACK (GM), (CUSTO) TOP NA VENDA (NOVOS);0,00;0,00;0,00;149038     ;0,00;99475,45;PEDRAGON MANAUS;0,00;AUTOMÁTICO
PEDRAGON MANAUS;NW TRACKER;NW TRACKER 1.0 AT R8M;R8M;9BGEX76D0VB134911;;115518;;2026/2027;CINZA AMBAR;        3064571;98980,55;0,00;119900,00;98980,55;   210972;PEDRAGON MANAUS;494,90;1;(693) UE1, (774) R8M;  /  /     ;16;13/08/2026 00:00;;;PEDRAGON MANAUS;149038     ;ALCO/GASOL;0,00;Sim;;  /  /     ;VN - VEICULOS  NOVOS;Não;Não;Não;Não;0,00;FLOOR PLAN - GM;HOLD BACK (GM), (CUSTO) TOP NA VENDA (NOVOS);0,00;0,00;0,00;149038     ;0,00;99475,45;PEDRAGON MANAUS;0,00;AUTOMÁTICO
PEDRAGON MANAUS;NW TRACKER;NW TRACKER 1.0 AT R8M;R8M;9BGEX76D0VB135848;;115526;;2026/2027;PRATA SHARK;        3064572;98980,55;0,00;119900,00;98980,55;   210973;PEDRAGON MANAUS;494,90;1;(693) UE1, (774) R8M;  /  /     ;16;13/08/2026 00:00;;;PEDRAGON MANAUS;149038     ;ALCO/GASOL;0,00;Sim;;  /  /     ;VN - VEICULOS  NOVOS;Não;Não;Não;Não;0,00;FLOOR PLAN - GM;HOLD BACK (GM), (CUSTO) TOP NA VENDA (NOVOS);0,00;0,00;0,00;149038     ;0,00;99475,45;PEDRAGON MANAUS;0,00;AUTOMÁTICO
PEDRAGON MANAUS;NW TRACKER;NW TRACKER 1.0 AT R8M;R8M;9BGEX76D0VB136107;;115527;;2026/2027;PRATA SHARK;        3064573;98980,55;0,00;119900,00;98980,55;   210974;PEDRAGON MANAUS;494,90;1;(693) UE1, (774) R8M;  /  /     ;16;13/08/2026 00:00;;;PEDRAGON MANAUS;149038     ;ALCO/GASOL;0,00;Sim;;  /  /     ;VN - VEICULOS  NOVOS;Não;Não;Não;Não;0,00;FLOOR PLAN - GM;HOLD BACK (GM), (CUSTO) TOP NA VENDA (NOVOS);0,00;0,00;0,00;149038     ;0,00;99475,45;PEDRAGON MANAUS;0,00;AUTOMÁTICO
PEDRAGON MANAUS;NW TRACKER;NW TRACKER 1.0 AT R8M;R8M;9BGEX76D0VB135043;;115519;;2026/2027;CINZA AMBAR;        3064574;98980,55;0,00;119900,00;98980,55;   210975;PEDRAGON MANAUS;494,90;1;(693) UE1, (774) R8M;  /  /     ;16;13/08/2026 00:00;;;PEDRAGON MANAUS;149038     ;ALCO/GASOL;0,00;Sim;;  /  /     ;VN - VEICULOS  NOVOS;Não;Não;Não;Não;0,00;FLOOR PLAN - GM;HOLD BACK (GM), (CUSTO) TOP NA VENDA (NOVOS);0,00;0,00;0,00;149038     ;0,00;99475,45;PEDRAGON MANAUS;0,00;AUTOMÁTICO
PEDRAGON MANAUS;NW TRACKER;NW TRACKER 1.0 AT R8M;R8M;9BGEX76D0VB136112;;115528;;2026/2027;PRATA SHARK;        3064575;98980,55;0,00;119900,00;98980,55;   210976;PEDRAGON MANAUS;494,90;1;(693) UE1, (774) R8M;  /  /     ;16;13/08/2026 00:00;;;PEDRAGON MANAUS;149038     ;ALCO/GASOL;0,00;Sim;;  /  /     ;VN - VEICULOS  NOVOS;Não;Não;Não;Não;0,00;FLOOR PLAN - GM;HOLD BACK (GM), (CUSTO) TOP NA VENDA (NOVOS);0,00;0,00;0,00;149038     ;0,00;99475,45;PEDRAGON MANAUS;0,00;AUTOMÁTICO
PEDRAGON MANAUS;NW TRACKER;NW TRACKER 1.0 AT R8M;R8M;9BGEX76D0VB136120;;115529;;2026/2027;PRATA SHARK;        3064576;98980,55;0,00;119900,00;98980,55;   210977;PEDRAGON MANAUS;494,90;1;(693) UE1, (774) R8M;  /  /     ;16;13/08/2026 00:00;;;PEDRAGON MANAUS;149038     ;ALCO/GASOL;0,00;Sim;;  /  /     ;VN - VEICULOS  NOVOS;Não;Não;Não;Não;0,00;FLOOR PLAN - GM;HOLD BACK (GM), (CUSTO) TOP NA VENDA (NOVOS);0,00;0,00;0,00;149038     ;0,00;99475,45;PEDRAGON MANAUS;0,00;AUTOMÁTICO
PEDRAGON MANAUS;NW TRACKER;NW TRACKER 1.0 AT R8M;R8M;9BGEX76D0VB136122;;115530;;2026/2027;PRATA SHARK;        3064577;98980,55;0,00;119900,00;98980,55;   210978;PEDRAGON MANAUS;494,90;1;(693) UE1, (774) R8M;  /  /     ;16;13/08/2026 00:00;;;PEDRAGON MANAUS;149038     ;ALCO/GASOL;0,00;Sim;;  /  /     ;VN - VEICULOS  NOVOS;Não;Não;Não;Não;0,00;FLOOR PLAN - GM;HOLD BACK (GM), (CUSTO) TOP NA VENDA (NOVOS);0,00;0,00;0,00;149038     ;0,00;99475,45;PEDRAGON MANAUS;0,00;AUTOMÁTICO
PEDRAGON MANAUS;NW TRACKER;NW TRACKER 1.0 AT R8M;R8M;9BGEX76D0VB136141;;115531;;2026/2027;AZUL BOREAL;        3064578;98980,55;0,00;119900,00;98980,55;   210979;PEDRAGON MANAUS;494,90;1;(693) UE1, (774) R8M;  /  /     ;16;13/08/2026 00:00;;;PEDRAGON MANAUS;149038     ;ALCO/GASOL;0,00;Sim;;  /  /     ;VN - VEICULOS  NOVOS;Não;Não;Não;Não;0,00;FLOOR PLAN - GM;HOLD BACK (GM), (CUSTO) TOP NA VENDA (NOVOS);0,00;0,00;0,00;149038     ;0,00;99475,45;PEDRAGON MANAUS;0,00;AUTOMÁTICO
PEDRAGON MANAUS;NW TRACKER;NW TRACKER 1.0 AT R8M;R8M;9BGEX76D0VB134490;;115512;;2026/2027;VERMELHO SCARLET;        3064579;98980,55;0,00;119900,00;98980,55;   210980;PEDRAGON MANAUS;494,90;1;(693) UE1, (774) R8M;  /  /     ;16;13/08/2026 00:00;;;PEDRAGON MANAUS;149038     ;ALCO/GASOL;0,00;Sim;;  /  /     ;VN - VEICULOS  NOVOS;Não;Não;Não;Não;0,00;FLOOR PLAN - GM;HOLD BACK (GM), (CUSTO) TOP NA VENDA (NOVOS);0,00;0,00;0,00;149038     ;0,00;99475,45;PEDRAGON MANAUS;0,00;AUTOMÁTICO
PEDRAGON MANAUS;NW TRACKER;NW TRACKER 1.0 AT R8M;R8M;9BGEX76D0VB137454;;115964;;2026/2027;PRETO OURO NEGRO;        3065714;98980,55;0,00;119900,00;98980,55;   214581;PEDRAGON MANAUS;1706,04;1;(693) UE1, (774) R8M;  /  /     ;11;18/08/2026 00:00;;;PEDRAGON MANAUS;149038     ;ALCO/GASOL;0,00;Sim;;  /  /     ;VN - VEICULOS  NOVOS;Não;Não;Não;Não;0,00;CAPLAN GM;HOLD BACK (GM), (CUSTO) TOP NA VENDA (NOVOS);0,00;0,00;0,00;149038     ;0,00;100686,59;PEDRAGON MANAUS;0,00;AUTOMÁTICO
PEDRAGON MANAUS;NW TRACKER;NW TRACKER 1.0 AT R8M;R8M;9BGEX76D0VB138531;;116072;;2026/2027;BRANCO SUMMIT;        3066271;98980,55;0,00;119900,00;98980,55;   215549;PEDRAGON MANAUS;494,90;1;(693) UE1, (774) R8M;  /  /     ;10;19/08/2026 00:00;;;PEDRAGON MANAUS;149038     ;ALCO/GASOL;0,00;Sim;;  /  /     ;VN - VEICULOS  NOVOS;Não;Não;Não;Não;0,00;CAPLAN GM;HOLD BACK (GM), (CUSTO) TOP NA VENDA (NOVOS);0,00;0,00;0,00;149038     ;0,00;99475,45;PEDRAGON MANAUS;0,00;AUTOMÁTICO
PEDRAGON MANAUS;NW TRACKER;NW TRACKER 1.0 AT R8M;R8M;9BGEX76D0VB138329;;116070;;2026/2027;CINZA AMBAR;        3066289;98980,55;0,00;119900,00;98980,55;   215550;PEDRAGON MANAUS;494,90;1;(693) UE1, (774) R8M;  /  /     ;10;19/08/2026 00:00;;;PEDRAGON MANAUS;149038     ;ALCO/GASOL;0,00;Sim;;  /  /     ;VN - VEICULOS  NOVOS;Não;Não;Não;Não;0,00;CAPLAN GM;HOLD BACK (GM), (CUSTO) TOP NA VENDA (NOVOS);0,00;0,00;0,00;149038     ;0,00;99475,45;PEDRAGON MANAUS;0,00;AUTOMÁTICO
PEDRAGON MANAUS;NW TRACKER;NW TRACKER 1.0 AT R8M;R8M;9BGEX76D0VB138524;;116071;;2026/2027;BRANCO SUMMIT;        3066333;98980,55;0,00;119900,00;98980,55;   215552;PEDRAGON MANAUS;494,90;1;(693) UE1, (774) R8M;  /  /     ;10;19/08/2026 00:00;;;PEDRAGON MANAUS;149038     ;ALCO/GASOL;0,00;Sim;;  /  /     ;VN - VEICULOS  NOVOS;Não;Não;Não;Não;0,00;CAPLAN GM;HOLD BACK (GM), (CUSTO) TOP NA VENDA (NOVOS);0,00;0,00;0,00;149038     ;0,00;99475,45;PEDRAGON MANAUS;0,00;AUTOMÁTICO
PEDRAGON MANAUS;NW TRACKER;NW TRACKER 1.0 AT R8M;R8M;9BGEX76D0VB137072;;115836;;2026/2027;VERMELHO SCARLET;        3065145;98980,55;0,00;119900,00;98980,55;   213500;PEDRAGON MANAUS;494,90;1;(693) UE1, (774) R8M;  /  /     ;12;17/08/2026 00:00;;;PEDRAGON MANAUS;149038     ;ALCO/GASOL;0,00;Sim;;  /  /     ;VN - VEICULOS  NOVOS;Não;Não;Não;Não;0,00;CAPLAN GM;HOLD BACK (GM), (CUSTO) TOP NA VENDA (NOVOS);0,00;0,00;0,00;149038     ;0,00;99475,45;PEDRAGON MANAUS;0,00;AUTOMÁTICO
PEDRAGON MANAUS;NW TRACKER;NW TRACKER 1.0 AT R8M;R8M;9BGEX76D0VB136097;;115832;;2026/2027;PRATA SHARK;        3065354;98980,55;0,00;119900,00;98980,55;   213509;PEDRAGON MANAUS;494,90;1;(693) UE1, (774) R8M;  /  /     ;12;17/08/2026 00:00;;;PEDRAGON MANAUS;149038     ;ALCO/GASOL;0,00;Sim;;  /  /     ;VN - VEICULOS  NOVOS;Não;Não;Não;Não;0,00;FLOOR PLAN - GM;HOLD BACK (GM), (CUSTO) TOP NA VENDA (NOVOS);0,00;0,00;0,00;149038     ;0,00;99475,45;PEDRAGON MANAUS;0,00;AUTOMÁTICO
PEDRAGON MANAUS;NW TRACKER;NW TRACKER 1.0 AT R8M;R8M;9BGEX76D0VB136102;;115833;;2026/2027;PRATA SHARK;        3065355;98980,55;0,00;119900,00;98980,55;   213510;PEDRAGON MANAUS;494,90;1;(693) UE1, (774) R8M;  /  /     ;12;17/08/2026 00:00;;;PEDRAGON MANAUS;149038     ;ALCO/GASOL;0,00;Sim;;  /  /     ;VN - VEICULOS  NOVOS;Não;Não;Não;Não;0,00;FLOOR PLAN - GM;HOLD BACK (GM), (CUSTO) TOP NA VENDA (NOVOS);0,00;0,00;0,00;149038     ;0,00;99475,45;PEDRAGON MANAUS;0,00;AUTOMÁTICO
PEDRAGON MANAUS;NW TRACKER;NW TRACKER 1.0 AT R8M;R8M;9BGEX76D0VB136472;;115834;;2026/2027;BRANCO SUMMIT;        3065356;98980,55;0,00;119900,00;98980,55;   213511;PEDRAGON MANAUS;494,90;1;(693) UE1, (774) R8M;  /  /     ;12;17/08/2026 00:00;;;PEDRAGON MANAUS;149038     ;ALCO/GASOL;0,00;Sim;;  /  /     ;VN - VEICULOS  NOVOS;Não;Não;Não;Não;0,00;FLOOR PLAN - GM;HOLD BACK (GM), (CUSTO) TOP NA VENDA (NOVOS);0,00;0,00;0,00;149038     ;0,00;99475,45;PEDRAGON MANAUS;0,00;AUTOMÁTICO
PEDRAGON MANAUS;NW TRACKER;NW TRACKER 1.0 AT R8M;R8M;9BGEX76D0VB136477;;115835;;2026/2027;BRANCO SUMMIT;        3065357;98980,55;0,00;119900,00;98980,55;   213512;PEDRAGON MANAUS;494,90;1;(693) UE1, (774) R8M;  /  /     ;12;17/08/2026 00:00;;;PEDRAGON MANAUS;149038     ;ALCO/GASOL;0,00;Sim;;  /  /     ;VN - VEICULOS  NOVOS;Não;Não;Não;Não;0,00;FLOOR PLAN - GM;HOLD BACK (GM), (CUSTO) TOP NA VENDA (NOVOS);0,00;0,00;0,00;149038     ;0,00;99475,45;PEDRAGON MANAUS;0,00;AUTOMÁTICO
PEDRAGON MANAUS;NW TRACKER;NW TRACKER 1.0 AT R8M;R8M;9BGEX76D0VB137452;;115837;;2026/2027;PRETO OURO NEGRO;        3065257;98980,55;0,00;119900,00;98980,55;   213502;PEDRAGON MANAUS;494,90;1;(693) UE1, (774) R8M;  /  /     ;12;17/08/2026 00:00;;;PEDRAGON MANAUS;149038     ;ALCO/GASOL;0,00;Sim;;  /  /     ;VN - VEICULOS  NOVOS;Não;Não;Não;Não;0,00;CAPLAN GM;HOLD BACK (GM), (CUSTO) TOP NA VENDA (NOVOS);0,00;0,00;0,00;149038     ;0,00;99475,45;PEDRAGON MANAUS;0,00;AUTOMÁTICO
PEDRAGON MANAUS;NW TRACKER;NW TRACKER 1.0 AT R8M;R8M;9BGEX76D0VB137074;;115624;;2026/2027;VERMELHO SCARLET;        3064893;98980,55;0,00;119900,00;98980,55;   211919;PEDRAGON MANAUS;494,90;1;(693) UE1, (774) R8M;  /  /     ;15;14/08/2026 00:00;;;PEDRAGON MANAUS;149038     ;ALCO/GASOL;0,00;Sim;;  /  /     ;VN - VEICULOS  NOVOS;Não;Não;Não;Não;0,00;CAPLAN GM;HOLD BACK (GM), (CUSTO) TOP NA VENDA (NOVOS);0,00;0,00;0,00;149038     ;0,00;99475,45;PEDRAGON MANAUS;0,00;AUTOMÁTICO
PEDRAGON MANAUS;NW TRACKER;NW TRACKER 1.0 AT R8M;R8M;9BGEX76D0VB134849;;115621;;2026/2027;CINZA AMBAR;        3064902;98980,55;0,00;119900,00;98980,55;   211920;PEDRAGON MANAUS;494,90;1;(693) UE1, (774) R8M;  /  /     ;15;14/08/2026 00:00;;;PEDRAGON MANAUS;149038     ;ALCO/GASOL;0,00;Sim;;  /  /     ;VN - VEICULOS  NOVOS;Não;Não;Não;Não;0,00;CAPLAN GM;HOLD BACK (GM), (CUSTO) TOP NA VENDA (NOVOS);0,00;0,00;0,00;149038     ;0,00;99475,45;PEDRAGON MANAUS;0,00;AUTOMÁTICO
PEDRAGON MANAUS;NW TRACKER;NW TRACKER 1.0 AT R8M;R8M;9BGEX76D0VB136941;;115623;;2026/2027;BRANCO SUMMIT;        3064973;98980,55;0,00;119900,00;98980,55;   211921;PEDRAGON MANAUS;494,90;1;(693) UE1, (774) R8M;  /  /     ;15;14/08/2026 00:00;;;PEDRAGON MANAUS;149038     ;ALCO/GASOL;0,00;Sim;;  /  /     ;VN - VEICULOS  NOVOS;Não;Não;Não;Não;0,00;FLOOR PLAN - GM;HOLD BACK (GM), (CUSTO) TOP NA VENDA (NOVOS);0,00;0,00;0,00;149038     ;0,00;99475,45;PEDRAGON MANAUS;0,00;AUTOMÁTICO
PEDRAGON MANAUS;NW TRACKER;NW TRACKER 1.0 AT R8M;R8M;9BGEX76D0VB136527;;115622;;2026/2027;BRANCO SUMMIT;        3064974;98980,55;0,00;119900,00;98980,55;   211922;PEDRAGON MANAUS;494,90;1;(693) UE1, (774) R8M;  /  /     ;15;14/08/2026 00:00;;;PEDRAGON MANAUS;149038     ;ALCO/GASOL;0,00;Sim;;  /  /     ;VN - VEICULOS  NOVOS;Não;Não;Não;Não;0,00;FLOOR PLAN - GM;HOLD BACK (GM), (CUSTO) TOP NA VENDA (NOVOS);0,00;0,00;0,00;149038     ;0,00;99475,45;PEDRAGON MANAUS;0,00;AUTOMÁTICO
PEDRAGON MANAUS;NW TRACKER;NW TRACKER 1.0 AT R8M;R8M;9BGEX76D0VB139294;;116276;;2026/2027;PRATA SHARK;        3067130;98980,55;0,00;119900,00;98980,55;   217743;PEDRAGON MANAUS;494,90;1;(693) UE1, (774) R8M;  /  /     ;8;21/08/2026 00:00;;;PEDRAGON MANAUS;149038     ;ALCO/GASOL;0,00;Sim;;  /  /     ;VN - VEICULOS  NOVOS;Não;Não;Não;Não;0,00;CAPLAN GM;HOLD BACK (GM), (CUSTO) TOP NA VENDA (NOVOS);0,00;0,00;0,00;149038     ;0,00;99475,45;PEDRAGON MANAUS;0,00;AUTOMÁTICO
PEDRAGON MANAUS;NW TRACKER;NW TRACKER 1.0 AT R8M;R8M;9BGEX76D0VB139156;;116169;;2026/2027;AZUL BOREAL;        3067026;98980,55;0,00;119900,00;98980,55;   216684;PEDRAGON MANAUS;494,90;1;(693) UE1, (774) R8M;  /  /     ;9;20/08/2026 00:00;;;PEDRAGON MANAUS;149038     ;ALCO/GASOL;0,00;Sim;;  /  /     ;VN - VEICULOS  NOVOS;Não;Não;Não;Não;0,00;CAPLAN GM;HOLD BACK (GM), (CUSTO) TOP NA VENDA (NOVOS);0,00;0,00;0,00;149038     ;0,00;99475,45;PEDRAGON MANAUS;0,00;AUTOMÁTICO
PEDRAGON MANAUS;NW TRACKER;NW TRACKER 1.0 AT R8M;R8M;9BGEX76D0VB142162;;117097;;2026/2027;CINZA AMBAR;        3070932;98980,55;0,00;119900,00;98980,55;   223662;PEDRAGON MANAUS;1706,04;1;(693) UE1, (774) R8M;  /  /     ;1;28/08/2026 00:00;;;PEDRAGON MANAUS;149038     ;ALCO/GASOL;0,00;Sim;;  /  /     ;VN - VEICULOS  NOVOS;Não;Não;Não;Não;0,00;CAPLAN GM;HOLD BACK (GM), (CUSTO) TOP NA VENDA (NOVOS);0,00;0,00;0,00;149038     ;0,00;100686,59;PEDRAGON MANAUS;0,00;AUTOMÁTICO
PEDRAGON MANAUS;NW TRACKER;NW TRACKER 1.0 AT R8M;R8M;9BGEX76D0VB142216;;117099;;2026/2027;AZUL BOREAL;        3070967;98980,55;0,00;119900,00;98980,55;   223664;PEDRAGON MANAUS;1706,04;1;(693) UE1, (774) R8M;  /  /     ;1;28/08/2026 00:00;;;PEDRAGON MANAUS;149038     ;ALCO/GASOL;0,00;Sim;;  /  /     ;VN - VEICULOS  NOVOS;Não;Não;Não;Não;0,00;CAPLAN GM;HOLD BACK (GM), (CUSTO) TOP NA VENDA (NOVOS);0,00;0,00;0,00;149038     ;0,00;100686,59;PEDRAGON MANAUS;0,00;AUTOMÁTICO
PEDRAGON MANAUS;NW TRACKER;NW TRACKER 1.0 AT R8M;R8M;9BGEX76D0VB142164;;117098;;2026/2027;CINZA AMBAR;        3071145;98980,55;0,00;119900,00;98980,55;   223666;PEDRAGON MANAUS;1706,04;1;(693) UE1, (774) R8M;  /  /     ;1;28/08/2026 00:00;;;PEDRAGON MANAUS;149038     ;ALCO/GASOL;0,00;Sim;;  /  /     ;VN - VEICULOS  NOVOS;Não;Não;Não;Não;0,00;CAPLAN GM;HOLD BACK (GM), (CUSTO) TOP NA VENDA (NOVOS);0,00;0,00;0,00;149038     ;0,00;100686,59;PEDRAGON MANAUS;0,00;AUTOMÁTICO
PEDRAGON MANAUS;NW TRACKER;NW TRACKER 1.0 AT R8M;R8M;9BGEX76D0VB142268;;117100;;2026/2027;PRATA SHARK;        3071146;98980,55;0,00;119900,00;98980,55;   223667;PEDRAGON MANAUS;1706,04;1;(693) UE1, (774) R8M;  /  /     ;1;28/08/2026 00:00;;;PEDRAGON MANAUS;149038     ;ALCO/GASOL;0,00;Sim;;  /  /     ;VN - VEICULOS  NOVOS;Não;Não;Não;Não;0,00;CAPLAN GM;HOLD BACK (GM), (CUSTO) TOP NA VENDA (NOVOS);0,00;0,00;0,00;149038     ;0,00;100686,59;PEDRAGON MANAUS;0,00;AUTOMÁTICO
PEDRAGON MANAUS;NW TRACKER;NW TRACKER 1.0 AT R8E;R8E;9BGEX76D0VB122751;;111972;;2026/2027;BRANCO SUMMIT;        3051487;98930,55;0,00;119990,00;98930,55;   175959;PEDRAGON MANAUS;494,65;1;(693) UE1, (745) R8E;  /  /     ;60;30/06/2026 00:00;;;PEDRAGON MANAUS;149038     ;ALCO/GASOL;0,00;Sim;;  /  /     ;VN - VEICULOS  NOVOS;Não;Não;Não;Não;0,00;CAPLAN GM;HOLD BACK (GM), (CUSTO) TOP NA VENDA (NOVOS);0,00;0,00;0,00;149038     ;0,00;99425,20;PEDRAGON MANAUS;0,00;AUTOMÁTICO
PEDRAGON MANAUS;NW TRACKER;NW TRACKER 1.0 AT R8E;R8E;9BGEX76D0VB122074;;111646;;2026/2027;VERMELHO SCARLET;        3050420;98930,55;0,00;119990,00;98930,55;   172894;PEDRAGON MANAUS;494,65;1;(693) UE1, (745) R8E;  /  /     ;64;26/06/2026 00:00;;THAYANE;PEDRAGON MANAUS;149038     ;ALCO/GASOL;0,00;Sim;;  /  /     ;VN - VEICULOS  NOVOS;Não;Não;Não;Não;0,00;CAPLAN GM;HOLD BACK (GM), (CUSTO) TOP NA VENDA (NOVOS);0,00;0,00;0,00;149038     ;0,00;99425,20;PEDRAGON MANAUS;0,00;AUTOMÁTICO
PEDRAGON MANAUS;NW TRACKER;NW TRACKER 1.0 AT R8E;R8E;9BGEX76D0VB122746;;111971;;2026/2027;BRANCO SUMMIT;        3051486;98930,55;0,00;119990,00;98930,55;   175958;PEDRAGON MANAUS;494,65;1;(693) UE1, (745) R8E;  /  /     ;60;30/06/2026 00:00;;;PEDRAGON MANAUS;149038     ;ALCO/GASOL;0,00;Sim;;  /  /     ;VN - VEICULOS  NOVOS;Não;Não;Não;Não;0,00;CAPLAN GM;HOLD BACK (GM), (CUSTO) TOP NA VENDA (NOVOS);0,00;0,00;0,00;149038     ;0,00;99425,20;PEDRAGON MANAUS;0,00;AUTOMÁTICO
PEDRAGON MANAUS;NW TRACKER;NW TRACKER 1.0 AT R8E;R8E;9BGEX76D0VB122634;;111830;;2026/2027;PRATA SHARK;        3051251;98930,55;0,00;119990,00;98930,55;   174163;PEDRAGON MANAUS;494,65;1;(693) UE1, (745) R8E;  /  /     ;61;29/06/2026 00:00;;;PEDRAGON MANAUS;149038     ;ALCO/GASOL;0,00;Sim;;  /  /     ;VN - VEICULOS  NOVOS;Não;Não;Não;Não;0,00;FLOOR PLAN - GM;HOLD BACK (GM), (CUSTO) TOP NA VENDA (NOVOS);0,00;0,00;0,00;149038     ;0,00;99425,20;PEDRAGON MANAUS;0,00;AUTOMÁTICO
PEDRAGON MANAUS;NW TRACKER;NW TRACKER 1.0 AT R8E;R8E;9BGEX76D0VB122639;;111831;;2026/2027;PRATA SHARK;        3051252;98930,55;0,00;119990,00;98930,55;   174164;PEDRAGON MANAUS;494,65;1;(693) UE1, (745) R8E;  /  /     ;61;29/06/2026 00:00;;;PEDRAGON MANAUS;149038     ;ALCO/GASOL;0,00;Sim;;  /  /     ;VN - VEICULOS  NOVOS;Não;Não;Não;Não;0,00;FLOOR PLAN - GM;HOLD BACK (GM), (CUSTO) TOP NA VENDA (NOVOS);0,00;0,00;0,00;149038     ;0,00;99425,20;PEDRAGON MANAUS;0,00;AUTOMÁTICO
PEDRAGON MANAUS;NW TRACKER;NW TRACKER 1.0 AT R8E;R8E;9BGEX76D0VB122081;;111647;;2026/2027;VERMELHO SCARLET;        3050727;98930,55;0,00;119990,00;98930,55;   172898;PEDRAGON MANAUS;494,65;1;(693) UE1, (745) R8E;  /  /     ;64;26/06/2026 00:00;;;PEDRAGON MANAUS;149038     ;ALCO/GASOL;0,00;Sim;;  /  /     ;VN - VEICULOS  NOVOS;Não;Não;Não;Não;0,00;FLOOR PLAN - GM;HOLD BACK (GM), (CUSTO) TOP NA VENDA (NOVOS);0,00;0,00;0,00;149038     ;0,00;99425,20;PEDRAGON MANAUS;0,00;AUTOMÁTICO
PEDRAGON MANAUS;NW TRACKER;NW TRACKER 1.0 AT R8E;R8E;9BGEX76D0VB122300;;111650;;2026/2027;PRETO OURO NEGRO;        3050728;98930,55;0,00;119990,00;98930,55;   172899;PEDRAGON MANAUS;494,65;1;(693) UE1, (745) R8E;  /  /     ;64;26/06/2026 00:00;;;PEDRAGON MANAUS;149038     ;ALCO/GASOL;0,00;Sim;;  /  /     ;VN - VEICULOS  NOVOS;Não;Não;Não;Não;0,00;FLOOR PLAN - GM;HOLD BACK (GM), (CUSTO) TOP NA VENDA (NOVOS);0,00;0,00;0,00;149038     ;0,00;99425,20;PEDRAGON MANAUS;0,00;AUTOMÁTICO
PEDRAGON MANAUS;NW TRACKER;NW TRACKER 1.0 AT R8E;R8E;9BGEX76D0VB122940;;113021;;2026/2027;BRANCO SUMMIT;        3056123;98930,55;0,00;119990,00;98930,55;   188088;PEDRAGON MANAUS;494,65;1;(693) UE1, (745) R8E;  /  /     ;44;16/07/2026 00:00;;;PEDRAGON MANAUS;149038     ;ALCO/GASOL;0,00;Sim;;  /  /     ;VN - VEICULOS  NOVOS;Não;Não;Não;Não;0,00;CAPLAN GM;HOLD BACK (GM), (CUSTO) TOP NA VENDA (NOVOS);0,00;0,00;0,00;149038     ;0,00;99425,20;PEDRAGON MANAUS;0,00;AUTOMÁTICO
PEDRAGON MANAUS;NW TRACKER;NW TRACKER 1.0 AT R8E;R8E;9BGEX76D0VB126831;;113023;;2026/2027;PRATA SHARK;        3056127;98930,55;0,00;119990,00;98930,55;   188092;PEDRAGON MANAUS;494,65;1;(693) UE1, (745) R8E;27/08/2026;44;16/07/2026 00:00;;;PEDRAGON MANAUS TEGMA;149038     ;ALCO/GASOL;0,00;;;  /  /     ;VN - VEICULOS  NOVOS;Não;Não;Não;Não;0,00;CAPLAN GM;HOLD BACK (GM), (CUSTO) TOP NA VENDA (NOVOS);0,00;0,00;0,00;149038     ;0,00;99425,20;PEDRAGON MANAUS TEGMA;0,00;AUTOMÁTICO
PEDRAGON MANAUS;NW TRACKER;NW TRACKER 1.0 AT R8E;R8E;9BGEX76D0VB122635;;113020;;2026/2027;PRATA SHARK;        3056128;98930,55;0,00;119990,00;98930,55;   188093;PEDRAGON MANAUS;494,65;1;(693) UE1, (745) R8E;  /  /     ;44;16/07/2026 00:00;;;PEDRAGON MANAUS;149038     ;ALCO/GASOL;0,00;Sim;;  /  /     ;VN - VEICULOS  NOVOS;Não;Não;Não;Não;0,00;CAPLAN GM;HOLD BACK (GM), (CUSTO) TOP NA VENDA (NOVOS);0,00;0,00;0,00;149038     ;0,00;99425,20;PEDRAGON MANAUS;0,00;AUTOMÁTICO
PEDRAGON MANAUS;NW TRACKER;NW TRACKER 1.0 AT R8E;R8E;9BGEX76D0VB127342;;113027;;2026/2027;PRETO OURO NEGRO;        3056129;98930,55;0,00;119990,00;98930,55;   188094;PEDRAGON MANAUS;494,65;1;(693) UE1, (745) R8E;  /  /     ;44;16/07/2026 00:00;;;PEDRAGON MANAUS;149038     ;ALCO/GASOL;0,00;Sim;;  /  /     ;VN - VEICULOS  NOVOS;Não;Não;Não;Não;0,00;CAPLAN GM;HOLD BACK (GM), (CUSTO) TOP NA VENDA (NOVOS);0,00;0,00;0,00;149038     ;0,00;99425,20;PEDRAGON MANAUS;0,00;AUTOMÁTICO
PEDRAGON MANAUS;NW TRACKER;NW TRACKER 1.0 AT R8E;R8E;9BGEX76D0VB127340;;113026;;2026/2027;PRETO OURO NEGRO;        3056130;98930,55;0,00;119990,00;98930,55;   188095;PEDRAGON MANAUS;494,65;1;(693) UE1, (745) R8E;  /  /     ;44;16/07/2026 00:00;;;PEDRAGON MANAUS;149038     ;ALCO/GASOL;0,00;Sim;;  /  /     ;VN - VEICULOS  NOVOS;Não;Não;Não;Não;0,00;CAPLAN GM;HOLD BACK (GM), (CUSTO) TOP NA VENDA (NOVOS);0,00;0,00;0,00;149038     ;0,00;99425,20;PEDRAGON MANAUS;0,00;AUTOMÁTICO
PEDRAGON MANAUS;NW TRACKER;NW TRACKER 1.0 AT R8E;R8E;9BGEX76D0VB128417;;113385;;2026/2027;AZUL BOREAL;        3057440;98930,55;0,00;119990,00;98930,55;   191777;PEDRAGON MANAUS;494,65;1;(693) UE1, (745) R8E;  /  /     ;39;21/07/2026 00:00;;EMANUELA ;PEDRAGON MANAUS;149038     ;ALCO/GASOL;0,00;Sim;;  /  /     ;VN - VEICULOS  NOVOS;Não;Não;Não;Não;0,00;CAPLAN GM;HOLD BACK (GM), (CUSTO) TOP NA VENDA (NOVOS);0,00;0,00;0,00;149038     ;0,00;99425,20;PEDRAGON MANAUS;0,00;AUTOMÁTICO
PEDRAGON MANAUS;NW TRACKER;NW TRACKER 1.0 AT R8E;R8E;9BGEX76D0VB128049;;113382;;2026/2027;VERMELHO SCARLET;        3057441;98930,55;0,00;119990,00;98930,55;   191778;PEDRAGON MANAUS;494,65;1;(693) UE1, (745) R8E;  /  /     ;39;21/07/2026 00:00;;;PEDRAGON MANAUS;149038     ;ALCO/GASOL;0,00;Sim;;  /  /     ;VN - VEICULOS  NOVOS;Não;Não;Não;Não;0,00;CAPLAN GM;HOLD BACK (GM), (CUSTO) TOP NA VENDA (NOVOS);0,00;0,00;0,00;149038     ;0,00;99425,20;PEDRAGON MANAUS;0,00;AUTOMÁTICO
PEDRAGON MANAUS;NW TRACKER;NW TRACKER 1.0 AT R8E;R8E;9BGEX76D0VB128636;;113387;;2026/2027;PRETO OURO NEGRO;        3057442;98930,55;0,00;119990,00;98930,55;   191779;PEDRAGON MANAUS;494,65;1;(693) UE1, (745) R8E;  /  /     ;39;21/07/2026 00:00;;;PEDRAGON MANAUS;149038     ;ALCO/GASOL;0,00;Sim;;  /  /     ;VN - VEICULOS  NOVOS;Não;Não;Não;Não;0,00;CAPLAN GM;HOLD BACK (GM), (CUSTO) TOP NA VENDA (NOVOS);0,00;0,00;0,00;149038     ;0,00;99425,20;PEDRAGON MANAUS;0,00;AUTOMÁTICO
PEDRAGON MANAUS;NW TRACKER;NW TRACKER 1.0 AT R8E;R8E;9BGEX76D0VB128583;;113386;;2026/2027;PRETO OURO NEGRO;        3057453;98930,55;0,00;119990,00;98930,55;   191781;PEDRAGON MANAUS;494,65;1;(693) UE1, (745) R8E;  /  /     ;39;21/07/2026 00:00;;;PEDRAGON MANAUS;149038     ;ALCO/GASOL;0,00;Sim;;  /  /     ;VN - VEICULOS  NOVOS;Não;Não;Não;Não;0,00;CAPLAN GM;HOLD BACK (GM), (CUSTO) TOP NA VENDA (NOVOS);0,00;0,00;0,00;149038     ;0,00;99425,20;PEDRAGON MANAUS;0,00;AUTOMÁTICO
PEDRAGON MANAUS;NW TRACKER;NW TRACKER 1.0 AT R8E;R8E;9BGEX76D0VB130044;;113390;;2026/2027;BRANCO SUMMIT;        3057525;98930,55;0,00;119990,00;98930,55;   191782;PEDRAGON MANAUS;494,65;1;(693) UE1, (745) R8E;  /  /     ;39;21/07/2026 00:00;;;PEDRAGON MANAUS;149038     ;ALCO/GASOL;0,00;Sim;;  /  /     ;VN - VEICULOS  NOVOS;Não;Não;Não;Não;0,00;CAPLAN GM;HOLD BACK (GM), (CUSTO) TOP NA VENDA (NOVOS);0,00;0,00;0,00;149038     ;0,00;99425,20;PEDRAGON MANAUS;0,00;AUTOMÁTICO
PEDRAGON MANAUS;NW TRACKER;NW TRACKER 1.0 AT R8E;R8E;9BGEX76D0VB128706;;113389;;2026/2027;CINZA AMBAR;        3057527;98930,55;0,00;119990,00;98930,55;   191784;PEDRAGON MANAUS;494,65;1;(693) UE1, (745) R8E;  /  /     ;39;21/07/2026 00:00;Pedido;EMANUELA ;PEDRAGON MANAUS;149038     ;ALCO/GASOL;0,00;Sim;;  /  /     ;VN - VEICULOS  NOVOS;Sim;Sim;Não;Não;0,00;CAPLAN GM;HOLD BACK (GM), (CUSTO) TOP NA VENDA (NOVOS);0,00;0,00;0,00;149038     ;0,00;99425,20;PEDRAGON MANAUS;0,00;AUTOMÁTICO
PEDRAGON MANAUS;NW TRACKER;NW TRACKER 1.0 AT R8E;R8E;9BGEX76D0VB111460;        ;108968;;2026/2027;BRANCO SUMMIT;        3039903;98930,55;0,00;119990,00;98930,55;   148611;PEDRAGON MANAUS;494,65;1;(693) UE1, (745) R8E;22/06/2026;95;26/05/2026 00:00;;EMANUELA VENDIDO;PEDRAGON MANAUS;149038;ALCO/GASOL;0,00;;Sim;06/07/2026;VN - VEICULOS  NOVOS;Não;Não;Não;Não;0,00;CAPLAN GM;HOLD BACK (GM), (CUSTO) TOP NA VENDA (NOVOS);0,00;0,00;0,00;149038;0,00;99425,20;PEDRAGON MANAUS;0,00;AUTOMÁTICO
PEDRAGON MANAUS;NW TRACKER;NW TRACKER 1.0 AT R8E;R8E;9BGEX76D0VB115754;;111381;;2026/2027;PRATA SHARK;        3049337;98930,55;0,00;119990,00;98930,55;   170507;PEDRAGON MANAUS;494,65;1;(693) UE1, (745) R8E;  /  /     ;66;24/06/2026 00:00;;;PEDRAGON MANAUS;149038     ;ALCO/GASOL;0,00;Sim;;  /  /     ;VN - VEICULOS  NOVOS;Não;Não;Não;Não;0,00;CAPLAN GM;HOLD BACK (GM), (CUSTO) TOP NA VENDA (NOVOS);0,00;0,00;0,00;149038     ;0,00;99425,20;PEDRAGON MANAUS;0,00;AUTOMÁTICO
PEDRAGON MANAUS;NW TRACKER;NW TRACKER 1.0 AT R8E;R8E;9BGEX76D0VB112035;;111374;;2026/2027;PRATA SHARK;        3049340;98930,55;0,00;119990,00;98930,55;   170510;PEDRAGON MANAUS;494,65;1;(693) UE1, (745) R8E;  /  /     ;66;24/06/2026 00:00;;WELLYNGTON VENDIDO ;YURI;149038     ;ALCO/GASOL;0,00;Sim;;  /  /     ;VN - VEICULOS  NOVOS;Não;Não;Não;Não;0,00;CAPLAN GM;HOLD BACK (GM), (CUSTO) TOP NA VENDA (NOVOS);0,00;0,00;0,00;149038     ;0,00;99425,20;PEDRAGON MANAUS;0,00;AUTOMÁTICO
PEDRAGON MANAUS;NW TRACKER;NW TRACKER 1.0 AT R8E;R8E;9BGEX76D0VB115768;;111382;;2026/2027;PRATA SHARK;        3049341;98930,55;0,00;119990,00;98930,55;   170511;PEDRAGON MANAUS;494,65;1;(693) UE1, (745) R8E;  /  /     ;66;24/06/2026 00:00;;;PEDRAGON MANAUS;149038     ;ALCO/GASOL;0,00;Sim;;  /  /     ;VN - VEICULOS  NOVOS;Não;Não;Não;Não;0,00;CAPLAN GM;HOLD BACK (GM), (CUSTO) TOP NA VENDA (NOVOS);0,00;0,00;0,00;149038     ;0,00;99425,20;PEDRAGON MANAUS;0,00;AUTOMÁTICO
PEDRAGON MANAUS;NW TRACKER;NW TRACKER 1.0 AT R8E;R8E;9BGEX76D0VB112140;;111377;;2026/2027;PRATA SHARK;        3049342;98930,55;0,00;119990,00;98930,55;   170512;PEDRAGON MANAUS;494,65;1;(693) UE1, (745) R8E;  /  /     ;66;24/06/2026 00:00;;WELLINGTON VENDIDO ;PEDRAGON MANAUS;149038     ;ALCO/GASOL;0,00;Sim;;  /  /     ;VN - VEICULOS  NOVOS;Não;Não;Não;Não;0,00;CAPLAN GM;HOLD BACK (GM), (CUSTO) TOP NA VENDA (NOVOS);0,00;0,00;0,00;149038     ;0,00;99425,20;PEDRAGON MANAUS;0,00;AUTOMÁTICO
PEDRAGON MANAUS;NW TRACKER;NW TRACKER 1.0 AT R8E;R8E;9BGEX76D0VB112204;;111378;;2026/2027;PRATA SHARK;        3049345;98930,55;0,00;119990,00;98930,55;   170515;PEDRAGON MANAUS;494,65;1;(693) UE1, (745) R8E;  /  /     ;66;24/06/2026 00:00;;;PEDRAGON MANAUS;149038     ;ALCO/GASOL;0,00;Sim;;  /  /     ;VN - VEICULOS  NOVOS;Não;Não;Não;Não;0,00;CAPLAN GM;HOLD BACK (GM), (CUSTO) TOP NA VENDA (NOVOS);0,00;0,00;0,00;149038     ;0,00;99425,20;PEDRAGON MANAUS;0,00;AUTOMÁTICO
PEDRAGON MANAUS;NW TRACKER;NW TRACKER 1.0 AT R8E;R8E;9BGEX76D0VB115605;;111380;;2026/2027;PRATA SHARK;        3049346;98930,55;0,00;119990,00;98930,55;   170516;PEDRAGON MANAUS;494,65;1;(693) UE1, (745) R8E;  /  /     ;66;24/06/2026 00:00;;;PEDRAGON MANAUS;149038     ;ALCO/GASOL;0,00;Sim;;  /  /     ;VN - VEICULOS  NOVOS;Não;Não;Não;Não;0,00;CAPLAN GM;HOLD BACK (GM), (CUSTO) TOP NA VENDA (NOVOS);0,00;0,00;0,00;149038     ;0,00;99425,20;PEDRAGON MANAUS;0,00;AUTOMÁTICO
PEDRAGON MANAUS;NW TRACKER;NW TRACKER 1.0 AT R8E;R8E;9BGEX76D0VB112237;;111379;;2026/2027;PRATA SHARK;        3049347;98930,55;0,00;119990,00;98930,55;   170517;PEDRAGON MANAUS;494,65;1;(693) UE1, (745) R8E;  /  /     ;66;24/06/2026 00:00;;;PEDRAGON MANAUS;149038     ;ALCO/GASOL;0,00;Sim;;  /  /     ;VN - VEICULOS  NOVOS;Não;Não;Não;Não;0,00;CAPLAN GM;HOLD BACK (GM), (CUSTO) TOP NA VENDA (NOVOS);0,00;0,00;0,00;149038     ;0,00;99425,20;PEDRAGON MANAUS;0,00;AUTOMÁTICO
PEDRAGON MANAUS;NW TRACKER;NW TRACKER 1.0 AT R8E;R8E;9BGEX76D0VB117343;;111386;;2026/2027;VERMELHO SCARLET;        3049356;98930,55;0,00;119990,00;98930,55;   170522;PEDRAGON MANAUS;494,65;1;(693) UE1, (745) R8E;  /  /     ;66;24/06/2026 00:00;Proposta;pamola;PEDRAGON MANAUS;149038     ;ALCO/GASOL;0,00;Sim;;  /  /     ;VN - VEICULOS  NOVOS;Sim;Não;Não;Não;0,00;CAPLAN GM;HOLD BACK (GM), (CUSTO) TOP NA VENDA (NOVOS);0,00;0,00;0,00;149038     ;0,00;99425,20;PEDRAGON MANAUS;0,00;AUTOMÁTICO
PEDRAGON MANAUS;NW TRACKER;NW TRACKER 1.0 AT R8E;R8E;9BGEX76D0VB116854;;110915;;2026/2027;PRETO OURO NEGRO;        3047859;98930,55;0,00;119990,00;98930,55;   167750;PEDRAGON MANAUS;494,65;1;(693) UE1, (745) R8E;  /  /     ;71;19/06/2026 00:00;Pedido;;PEDRAGON MANAUS;149038     ;ALCO/GASOL;0,00;Sim;;  /  /     ;VN - VEICULOS  NOVOS;Sim;Sim;Não;Não;0,00;FLOOR PLAN - GM;HOLD BACK (GM), (CUSTO) TOP NA VENDA (NOVOS);0,00;0,00;0,00;149038     ;0,00;99425,20;PEDRAGON MANAUS;0,00;AUTOMÁTICO
PEDRAGON MANAUS;NW SPIN;NW SPIN PREM AT R6S;R6S;9BGJP7520VB122121;;116857;;2026/2027;CINZA AMBAR;        3069758;134830,61;0,00;165590,00;134830,61;   222336;PEDRAGON MANAUS;2022,46;1;(690) PDB, (693) UE1, (753) R6S;  /  /     ;2;27/08/2026 00:00;;;PEDRAGON MANAUS;104678     ;ALCO/GASOL;0,00;Sim;;  /  /     ;VN - VEICULOS  NOVOS;Não;Não;Não;Não;0,00;CAPLAN GM;HOLD BACK (GM), (CUSTO) TOP NA VENDA (NOVOS);0,00;0,00;0,00;104678     ;0,00;136853,07;PEDRAGON MANAUS;0,00;AUTOMÁTICO
PEDRAGON MANAUS;NW SPIN;NW SPIN PREM AT R6S;R6S;9BGJP7520VB135501;;116858;;2026/2027;PRATA SHARK;        3069773;134830,61;0,00;165590,00;134830,61;   222337;PEDRAGON MANAUS;2022,46;1;(690) PDB, (693) UE1, (753) R6S;  /  /     ;2;27/08/2026 00:00;;;PEDRAGON MANAUS;104678     ;ALCO/GASOL;0,00;Sim;;  /  /     ;VN - VEICULOS  NOVOS;Não;Não;Não;Não;0,00;CAPLAN GM;HOLD BACK (GM), (CUSTO) TOP NA VENDA (NOVOS);0,00;0,00;0,00;104678     ;0,00;136853,07;PEDRAGON MANAUS;0,00;AUTOMÁTICO
PEDRAGON MANAUS;NW SONIC;NW SONIC RS RGD;RGD;9BGED58D0VG170355;;116460;;2026/2027;PRETO OURO NEGRO;        4837111;110694,56;0,00;140990,00;110694,56;   219279;PEDRAGON MANAUS;1660,42;1;(693) UE1, (768) RGD;  /  /     ;5;24/08/2026 00:00;;;PEDRAGON MANAUS;102132     ;ALCO/GASOL;0,00;Sim;;  /  /     ;VN - VEICULOS  NOVOS;Não;Não;Não;Não;0,00;FLOOR PLAN - GM;HOLD BACK (GM), (CUSTO) TOP NA VENDA (NOVOS);0,00;0,00;0,00;102132     ;0,00;112354,98;PEDRAGON MANAUS;0,00;AUTOMÁTICO
PEDRAGON MANAUS;NW SONIC;NW SONIC RS RGD;RGD;9BGED58D0VG145825;;113788;;2026/2027;PRETO OURO NEGRO;        4814580;110694,56;0,00;140990,00;110694,56;   195971;PEDRAGON MANAUS;1660,42;1;(693) UE1, (768) RGD;  /  /     ;33;27/07/2026 00:00;;;PEDRAGON MANAUS;102132     ;ALCO/GASOL;0,00;Sim;;  /  /     ;VN - VEICULOS  NOVOS;Não;Não;Não;Não;0,00;CAPLAN GM;HOLD BACK (GM), (CUSTO) TOP NA VENDA (NOVOS);0,00;0,00;0,00;102132     ;0,00;112354,98;PEDRAGON MANAUS;0,00;AUTOMÁTICO
PEDRAGON MANAUS;NW SONIC;NW SONIC RS RGD;RGD;9BGED58D0VG145828;;113789;;2026/2027;PRETO OURO NEGRO;        4814581;110694,56;0,00;140990,00;110694,56;   195972;PEDRAGON MANAUS;1660,42;1;(693) UE1, (768) RGD;  /  /     ;33;27/07/2026 00:00;;;PEDRAGON MANAUS;102132     ;ALCO/GASOL;0,00;Sim;;  /  /     ;VN - VEICULOS  NOVOS;Não;Não;Não;Não;0,00;CAPLAN GM;HOLD BACK (GM), (CUSTO) TOP NA VENDA (NOVOS);0,00;0,00;0,00;102132     ;0,00;112354,98;PEDRAGON MANAUS;0,00;AUTOMÁTICO
PEDRAGON MANAUS;NW SONIC;NW SONIC RS RGD;RGD;9BGED58D0VG145832;;113790;;2026/2027;PRETO OURO NEGRO;        4814583;110694,56;0,00;140990,00;110694,56;   195973;PEDRAGON MANAUS;1660,42;1;(693) UE1, (768) RGD;  /  /     ;33;27/07/2026 00:00;;;PEDRAGON MANAUS;102132     ;ALCO/GASOL;0,00;Sim;;  /  /     ;VN - VEICULOS  NOVOS;Não;Não;Não;Não;0,00;CAPLAN GM;HOLD BACK (GM), (CUSTO) TOP NA VENDA (NOVOS);0,00;0,00;0,00;102132     ;0,00;112354,98;PEDRAGON MANAUS;0,00;AUTOMÁTICO
PEDRAGON MANAUS;NW SONIC;NW SONIC RS RGD;RGD;9BGED58D0VG145839;;113791;;2026/2027;PRETO OURO NEGRO;        4814585;110694,56;0,00;140990,00;110694,56;   195974;PEDRAGON MANAUS;1660,42;1;(693) UE1, (768) RGD;  /  /     ;33;27/07/2026 00:00;;;PEDRAGON MANAUS;102132     ;ALCO/GASOL;0,00;Sim;;  /  /     ;VN - VEICULOS  NOVOS;Não;Não;Não;Não;0,00;CAPLAN GM;HOLD BACK (GM), (CUSTO) TOP NA VENDA (NOVOS);0,00;0,00;0,00;102132     ;0,00;112354,98;PEDRAGON MANAUS;0,00;AUTOMÁTICO
PEDRAGON MANAUS;NW SONIC;NW SONIC RS RGD;RGD;9BGED58D0VG145843;;113792;;2026/2027;PRETO OURO NEGRO;        4814587;110694,56;0,00;140990,00;110694,56;   195975;PEDRAGON MANAUS;1660,42;1;(693) UE1, (768) RGD;  /  /     ;33;27/07/2026 00:00;;;PEDRAGON MANAUS;102132     ;ALCO/GASOL;0,00;Sim;;  /  /     ;VN - VEICULOS  NOVOS;Não;Não;Não;Não;0,00;CAPLAN GM;HOLD BACK (GM), (CUSTO) TOP NA VENDA (NOVOS);0,00;0,00;0,00;102132     ;0,00;112354,98;PEDRAGON MANAUS;0,00;AUTOMÁTICO
PEDRAGON MANAUS;NW SONIC;NW SONIC RS RGD;RGD;9BGED58D0VG145846;;113793;;2026/2027;PRETO OURO NEGRO;        4814588;110694,56;0,00;140990,00;110694,56;   195976;PEDRAGON MANAUS;1660,42;1;(693) UE1, (768) RGD;  /  /     ;33;27/07/2026 00:00;;;PEDRAGON MANAUS;102132     ;ALCO/GASOL;0,00;Sim;;  /  /     ;VN - VEICULOS  NOVOS;Não;Não;Não;Não;0,00;CAPLAN GM;HOLD BACK (GM), (CUSTO) TOP NA VENDA (NOVOS);0,00;0,00;0,00;102132     ;0,00;112354,98;PEDRAGON MANAUS;0,00;AUTOMÁTICO
PEDRAGON MANAUS;NW SONIC;NW SONIC RS RGD;RGD;9BGED58D0VG145850;;113794;;2026/2027;PRETO OURO NEGRO;        4814590;110694,56;0,00;140990,00;110694,56;   195977;PEDRAGON MANAUS;1660,42;1;(693) UE1, (768) RGD;  /  /     ;33;27/07/2026 00:00;;;PEDRAGON MANAUS;102132     ;ALCO/GASOL;0,00;Sim;;  /  /     ;VN - VEICULOS  NOVOS;Não;Não;Não;Não;0,00;CAPLAN GM;HOLD BACK (GM), (CUSTO) TOP NA VENDA (NOVOS);0,00;0,00;0,00;102132     ;0,00;112354,98;PEDRAGON MANAUS;0,00;AUTOMÁTICO
PEDRAGON MANAUS;NW SONIC;NW SONIC RS RGD;RGD;9BGED58D0VG149671;;113796;;2026/2027;PRETO OURO NEGRO;        4815203;110694,56;0,00;140990,00;110694,56;   195978;PEDRAGON MANAUS;1660,42;1;(693) UE1, (768) RGD;  /  /     ;33;27/07/2026 00:00;;;PEDRAGON MANAUS;102132     ;ALCO/GASOL;0,00;Sim;;  /  /     ;VN - VEICULOS  NOVOS;Não;Não;Não;Não;0,00;CAPLAN GM;HOLD BACK (GM), (CUSTO) TOP NA VENDA (NOVOS);0,00;0,00;0,00;102132     ;0,00;112354,98;PEDRAGON MANAUS;0,00;AUTOMÁTICO
PEDRAGON MANAUS;NW SONIC;NW SONIC RS RGD;RGD;9BGED58D0VG149664;;113795;;2026/2027;PRETO OURO NEGRO;        4815350;110694,56;0,00;140990,00;110694,56;   195979;PEDRAGON MANAUS;1660,42;1;(693) UE1, (768) RGD;  /  /     ;33;27/07/2026 00:00;;;PEDRAGON MANAUS;102132     ;ALCO/GASOL;0,00;Sim;;  /  /     ;VN - VEICULOS  NOVOS;Não;Não;Não;Não;0,00;FLOOR PLAN - GM;HOLD BACK (GM), (CUSTO) TOP NA VENDA (NOVOS);0,00;0,00;0,00;102132     ;0,00;112354,98;PEDRAGON MANAUS;0,00;AUTOMÁTICO
PEDRAGON MANAUS;NW SONIC;NW SONIC RS RGD;RGD;9BGED58D0VG155514;;114982;;2026/2027;PRETO OURO NEGRO;        4825305;110694,56;0,00;140990,00;110694,56;   205456;PEDRAGON MANAUS;1660,42;1;(693) UE1, (768) RGD;  /  /     ;23;06/08/2026 00:00;;;PEDRAGON MANAUS;102132     ;ALCO/GASOL;0,00;Sim;;  /  /     ;VN - VEICULOS  NOVOS;Não;Não;Não;Não;0,00;CAPLAN GM;HOLD BACK (GM), (CUSTO) TOP NA VENDA (NOVOS);0,00;0,00;0,00;102132     ;0,00;112354,98;PEDRAGON MANAUS;0,00;AUTOMÁTICO
PEDRAGON MANAUS;NW SONIC;NW SONIC RS RGD;RGD;9BGED58D0VG104266;        ;108962;;2026/2027;PRETO OURO NEGRO;        4773053;110694,56;0,00;140990,00;110694,56;   148620;PEDRAGON MANAUS;1660,42;1;(693) UE1, (768) RGD;  /  /     ;95;26/05/2026 00:00;;;PEDRAGON MANAUS;102132;ALCO/GASOL;0,00;Sim;;  /  /     ;VN - VEICULOS  NOVOS;Não;Não;Não;Não;0,00;CAPLAN GM;HOLD BACK (GM), (CUSTO) TOP NA VENDA (NOVOS);0,00;0,00;0,00;102132;0,00;112354,98;PEDRAGON MANAUS;0,00;AUTOMÁTICO
PEDRAGON MANAUS;NW SONIC;NW SONIC RS RGD;RGD;9BGED58D0VG104293;        ;108963;;2026/2027;PRETO OURO NEGRO;        4773056;110694,56;0,00;140990,00;110694,56;   148621;PEDRAGON MANAUS;1660,42;1;(693) UE1, (768) RGD;  /  /     ;95;26/05/2026 00:00;;;PEDRAGON MANAUS;102132;ALCO/GASOL;0,00;Sim;;  /  /     ;VN - VEICULOS  NOVOS;Não;Não;Não;Não;0,00;CAPLAN GM;HOLD BACK (GM), (CUSTO) TOP NA VENDA (NOVOS);0,00;0,00;0,00;102132;0,00;112354,98;PEDRAGON MANAUS;0,00;AUTOMÁTICO
PEDRAGON MANAUS;NW SONIC;NW SONIC RS RGD;RGD;9BGED58D0VG112869;        ;109381;;2026/2027;PRETO OURO NEGRO;        4779275;110694,56;0,00;140990,00;110694,56;   151850;PEDRAGON MANAUS;1660,42;1;(693) UE1, (768) RGD;  /  /     ;92;29/05/2026 00:00;;;PEDRAGON MANAUS;102132;ALCO/GASOL;0,00;Sim;;  /  /     ;VN - VEICULOS  NOVOS;Não;Não;Não;Não;0,00;CAPLAN GM;HOLD BACK (GM), (CUSTO) TOP NA VENDA (NOVOS);0,00;0,00;0,00;102132;0,00;112354,98;PEDRAGON MANAUS;0,00;AUTOMÁTICO
PEDRAGON MANAUS;NW SONIC;NW SONIC RS RGD;RGD;9BGED58D0VG113036;        ;109382;;2026/2027;PRETO OURO NEGRO;        4780282;110694,56;0,00;140990,00;110694,56;   151859;PEDRAGON MANAUS;1660,42;1;(693) UE1, (768) RGD;  /  /     ;92;29/05/2026 00:00;;;PEDRAGON MANAUS;102132;ALCO/GASOL;0,00;Sim;;  /  /     ;VN - VEICULOS  NOVOS;Não;Não;Não;Não;0,00;CAPLAN GM;HOLD BACK (GM), (CUSTO) TOP NA VENDA (NOVOS);0,00;0,00;0,00;102132;0,00;112354,98;PEDRAGON MANAUS;0,00;AUTOMÁTICO
PEDRAGON MANAUS;NW SONIC;NW SONIC RS RGD;RGD;9BGED58D0VG119840;;110140;;2026/2027;PRETO OURO NEGRO;        4785496;110694,56;0,00;140990,00;110694,56;   161261;PEDRAGON MANAUS;1660,42;1;(693) UE1, (768) RGD;  /  /     ;79;11/06/2026 00:00;;;PEDRAGON MANAUS;102132     ;ALCO/GASOL;0,00;Sim;;  /  /     ;VN - VEICULOS  NOVOS;Não;Não;Não;Não;0,00;FLOOR PLAN - GM;HOLD BACK (GM), (CUSTO) TOP NA VENDA (NOVOS);0,00;0,00;0,00;102132     ;0,00;112354,98;PEDRAGON MANAUS;0,00;AUTOMÁTICO
PEDRAGON MANAUS;NW SONIC;NW SONIC RS RGD;RGD;9BGED58D0VG125372;;110905;;2026/2027;PRETO OURO NEGRO;        4792236;110694,56;0,00;140990,00;110694,56;   167788;PEDRAGON MANAUS;1660,42;1;(693) UE1, (768) RGD;  /  /     ;71;19/06/2026 00:00;;;PEDRAGON MANAUS;102132     ;ALCO/GASOL;0,00;Sim;;  /  /     ;VN - VEICULOS  NOVOS;Não;Não;Não;Não;0,00;FLOOR PLAN - GM;HOLD BACK (GM), (CUSTO) TOP NA VENDA (NOVOS);0,00;0,00;0,00;102132     ;0,00;112354,98;PEDRAGON MANAUS;0,00;AUTOMÁTICO
PEDRAGON MANAUS;NW SONIC;NW SONIC RS RGD;RGD;9BGED58D0VG131359;;111829;;2026/2027;PRETO OURO NEGRO;        4799336;110694,56;0,00;140990,00;110694,56;   174171;PEDRAGON MANAUS;1660,42;1;(693) UE1, (768) RGD;  /  /     ;61;29/06/2026 00:00;;;PEDRAGON MANAUS;102132     ;ALCO/GASOL;0,00;Sim;;  /  /     ;VN - VEICULOS  NOVOS;Não;Não;Não;Não;0,00;FLOOR PLAN - GM;HOLD BACK (GM), (CUSTO) TOP NA VENDA (NOVOS);0,00;0,00;0,00;102132     ;0,00;112354,98;PEDRAGON MANAUS;0,00;AUTOMÁTICO
PEDRAGON MANAUS;NW SONIC;NW SONIC RS R8D;R8D;9BGED58D0VG100401;        ;108725;AM;2026/2027;*CINZA URBANO (GRE) MET;        4760757;93802,50;0,00;140990,00;93802,50;   148335;PEDRAGON MANAUS;0,00;19;;26/05/2026;117;04/05/2026 00:00;;TEST DRIVE - NÃO VENDER ;PEDRAGON MANAUS;1234;ALCO/GASOL;0,00;;;  /  /     ;VD - VEICULO NOVO EM DEMONSTRACAO;Não;Não;Não;Não;4143,00;;(CUSTO) TOP NA VENDA (NOVOS);0,00;0,00;0,00;1234;0,00;97945,50;PEDRAGON MANAUS;0,00;AUTOMÁTICO
PEDRAGON MANAUS;NW SONIC;NW SONIC RS R8D;R8D;9BGED58D0VG128359;;111503;;2026/2027;BRANCO SUMMIT;        4797754;111460,00;0,00;141940,00;111460,00;   171534;PEDRAGON MANAUS;1671,90;1;(691) PDJ, (693) UE1, (697) R8D;  /  /     ;65;25/06/2026 00:00;;;PEDRAGON MANAUS;102132     ;ALCO/GASOL;0,00;Sim;;  /  /     ;VN - VEICULOS  NOVOS;Não;Não;Não;Não;0,00;FLOOR PLAN - GM;HOLD BACK (GM), (CUSTO) TOP NA VENDA (NOVOS);0,00;0,00;0,00;102132     ;0,00;113131,90;PEDRAGON MANAUS;0,00;AUTOMÁTICO
PEDRAGON MANAUS;NW SONIC;NW SONIC RS R8D;R8D;9BGED58D0VG127767;;111369;;2026/2027;BRANCO SUMMIT;        4795389;111460,00;0,00;141940,00;111460,00;   170563;PEDRAGON MANAUS;1671,90;1;(691) PDJ, (693) UE1, (697) R8D;  /  /     ;66;24/06/2026 00:00;;;PEDRAGON MANAUS;102132     ;ALCO/GASOL;0,00;Sim;;  /  /     ;VN - VEICULOS  NOVOS;Não;Não;Não;Não;0,00;CAPLAN GM;HOLD BACK (GM), (CUSTO) TOP NA VENDA (NOVOS);0,00;0,00;0,00;102132     ;0,00;113131,90;PEDRAGON MANAUS;0,00;AUTOMÁTICO
PEDRAGON MANAUS;NW SONIC;NW SONIC RS R8D;R8D;9BGED58D0VG118370;;110223;;2026/2027;BRANCO SUMMIT;        4786269;111460,00;0,00;141940,00;111460,00;   162327;PEDRAGON MANAUS;1671,90;1;(691) PDJ, (693) UE1, (697) R8D;  /  /     ;78;12/06/2026 00:00;;;PEDRAGON MANAUS;102132     ;ALCO/GASOL;0,00;Sim;;  /  /     ;VN - VEICULOS  NOVOS;Não;Não;Não;Não;0,00;CAPLAN GM;HOLD BACK (GM), (CUSTO) TOP NA VENDA (NOVOS);0,00;0,00;0,00;102132     ;0,00;113131,90;PEDRAGON MANAUS;0,00;AUTOMÁTICO
PEDRAGON MANAUS;NW SONIC;NW SONIC RS R8D;R8D;9BGED58D0VG110208;        ;108617;;2026/2027;BRANCO SUMMIT;        4771128;111460,00;0,00;141940,00;111460,00;   146021;PEDRAGON MANAUS;1671,90;1;(691) PDJ, (693) UE1, (697) R8D;  /  /     ;99;22/05/2026 00:00;;;PEDRAGON MANAUS;102132;ALCO/GASOL;0,00;Sim;;  /  /     ;VN - VEICULOS  NOVOS;Não;Não;Não;Não;0,00;FLOOR PLAN - GM;HOLD BACK (GM), (CUSTO) TOP NA VENDA (NOVOS);0,00;0,00;0,00;102132;0,00;113131,90;PEDRAGON MANAUS;0,00;AUTOMÁTICO
PEDRAGON MANAUS;NW SONIC;NW SONIC RS R8D;R8D;9BGED58D0VG126287;;110625;;2026/2027;VERMELHO SCARLET;        4789412;112145,41;0,00;142790,00;112145,41;   165647;PEDRAGON MANAUS;1682,18;1;(690) PDB, (693) UE1, (697) R8D;  /  /     ;73;17/06/2026 00:00;;;PEDRAGON MANAUS;102132     ;ALCO/GASOL;0,00;Sim;;  /  /     ;VN - VEICULOS  NOVOS;Não;Não;Não;Não;0,00;CAPLAN GM;HOLD BACK (GM), (CUSTO) TOP NA VENDA (NOVOS);0,00;0,00;0,00;102132     ;0,00;113827,59;PEDRAGON MANAUS;0,00;AUTOMÁTICO
PEDRAGON MANAUS;NW SONIC;NW SONIC RS R8D;R8D;9BGED58D0VG103392;;107914;;2026/2027;BRANCO SUMMIT;        4767256;111460,00;0,00;141940,00;111460,00;   138237;PEDRAGON MANAUS;1671,90;1;(691) PDJ, (693) UE1, (697) R8D;  /  /     ;108;13/05/2026 00:00;;;PEDRAGON MANAUS;102132     ;ALCO/GASOL;0,00;Sim;;  /  /     ;VN - VEICULOS  NOVOS;Não;Não;Não;Não;0,00;CAPLAN GM;HOLD BACK (GM), (CUSTO) TOP NA VENDA (NOVOS);0,00;0,00;0,00;102132     ;0,00;113131,90;PEDRAGON MANAUS;0,00;AUTOMÁTICO
PEDRAGON MANAUS;NW SONIC;NW SONIC RS R8D;R8D;9BGED58D0VG104860;;108283;;2026/2027;BRANCO SUMMIT;        4769443;111460,00;0,00;141940,00;111460,00;   141786;PEDRAGON MANAUS;1671,90;1;(691) PDJ, (693) UE1, (697) R8D;26/08/2026;103;18/05/2026 00:00;;;PEDRAGON MANAUS FLORES;102132     ;ALCO/GASOL;0,00;;;  /  /     ;VN - VEICULOS  NOVOS;Não;Não;Não;Não;0,00;CAPLAN GM;HOLD BACK (GM), (CUSTO) TOP NA VENDA (NOVOS);0,00;0,00;0,00;102132     ;0,00;113131,90;PEDRAGON MANAUS FLORES;0,00;AUTOMÁTICO
PEDRAGON MANAUS;NW SONIC;NW SONIC RS R8D;R8D;9BGED58D0VG102238;;107458;;2026/2027;BRANCO SUMMIT;        4763496;111460,00;0,00;141940,00;111460,00;   134146;PEDRAGON MANAUS;1671,90;1;(691) PDJ, (693) UE1, (697) R8D;27/07/2026;114;07/05/2026 00:00;Pedido;;PEDRAGON MANAUS FLORES;102132     ;ALCO/GASOL;0,00;;;  /  /     ;VN - VEICULOS  NOVOS;Sim;Sim;Não;Não;0,00;CAPLAN GM;HOLD BACK (GM), (CUSTO) TOP NA VENDA (NOVOS);0,00;0,00;0,00;102132     ;0,00;113131,90;PEDRAGON MANAUS FLORES;0,00;AUTOMÁTICO
PEDRAGON MANAUS;NW SONIC;NW SONIC RS R8D;R8D;9BGED58D0VG102284;        ;107460;;2026/2027;BRANCO SUMMIT;        4763501;111460,00;0,00;141940,00;111460,00;   134148;PEDRAGON MANAUS;1671,90;10;(691) PDJ, (693) UE1, (697) R8D;10/06/2026;114;07/05/2026 00:00;;;PEDRAGON MANAUS FLORES;102132     ;ALCO/GASOL;0,00;;;  /  /     ;VN - VEICULOS  NOVOS;Não;Não;Não;Não;0,00;CAPLAN GM;HOLD BACK (GM), (CUSTO) TOP NA VENDA (NOVOS);0,00;0,00;0,00;102132     ;0,00;113131,90;PEDRAGON MANAUS FLORES;0,00;AUTOMÁTICO
PEDRAGON MANAUS;NW SONIC;NW SONIC RS R8D;R8D;9BGED58D0VG154802;;114978;;2026/2027;VERMELHO SCARLET;        4825271;112145,41;0,00;142790,00;112145,41;   205450;PEDRAGON MANAUS;1682,18;1;(690) PDB, (693) UE1, (697) R8D;  /  /     ;23;06/08/2026 00:00;;;PEDRAGON MANAUS;102132     ;ALCO/GASOL;0,00;Sim;;  /  /     ;VN - VEICULOS  NOVOS;Não;Não;Não;Não;0,00;CAPLAN GM;HOLD BACK (GM), (CUSTO) TOP NA VENDA (NOVOS);0,00;0,00;0,00;102132     ;0,00;113827,59;PEDRAGON MANAUS;0,00;AUTOMÁTICO
PEDRAGON MANAUS;NW SONIC;NW SONIC RS R8D;R8D;9BGED58D0VG154808;;114979;;2026/2027;VERMELHO SCARLET;        4825272;112145,41;0,00;142790,00;112145,41;   205451;PEDRAGON MANAUS;1682,18;1;(690) PDB, (693) UE1, (697) R8D;  /  /     ;23;06/08/2026 00:00;;;PEDRAGON MANAUS;102132     ;ALCO/GASOL;0,00;Sim;;  /  /     ;VN - VEICULOS  NOVOS;Não;Não;Não;Não;0,00;CAPLAN GM;HOLD BACK (GM), (CUSTO) TOP NA VENDA (NOVOS);0,00;0,00;0,00;102132     ;0,00;113827,59;PEDRAGON MANAUS;0,00;AUTOMÁTICO
PEDRAGON MANAUS;NW SONIC;NW SONIC RS R8D;R8D;9BGED58D0VG154815;;114980;;2026/2027;VERMELHO SCARLET;        4825273;112145,41;0,00;142790,00;112145,41;   205452;PEDRAGON MANAUS;1682,18;1;(690) PDB, (693) UE1, (697) R8D;  /  /     ;23;06/08/2026 00:00;;;PEDRAGON MANAUS;102132     ;ALCO/GASOL;0,00;Sim;;  /  /     ;VN - VEICULOS  NOVOS;Não;Não;Não;Não;0,00;CAPLAN GM;HOLD BACK (GM), (CUSTO) TOP NA VENDA (NOVOS);0,00;0,00;0,00;102132     ;0,00;113827,59;PEDRAGON MANAUS;0,00;AUTOMÁTICO
PEDRAGON MANAUS;NW SONIC;NW SONIC RS R8D;R8D;9BGED58D0VG154822;;114981;;2026/2027;VERMELHO SCARLET;        4825274;112145,41;0,00;142790,00;112145,41;   205453;PEDRAGON MANAUS;1682,18;1;(690) PDB, (693) UE1, (697) R8D;  /  /     ;23;06/08/2026 00:00;;;PEDRAGON MANAUS;102132     ;ALCO/GASOL;0,00;Sim;;  /  /     ;VN - VEICULOS  NOVOS;Não;Não;Não;Não;0,00;CAPLAN GM;HOLD BACK (GM), (CUSTO) TOP NA VENDA (NOVOS);0,00;0,00;0,00;102132     ;0,00;113827,59;PEDRAGON MANAUS;0,00;AUTOMÁTICO
PEDRAGON MANAUS;NW SONIC;NW SONIC RS R8D;R8D;9BGED58D0VG153682;;114977;;2026/2027;CINZA URBANO;        4824691;112145,41;0,00;142790,00;112145,41;   205446;PEDRAGON MANAUS;1682,18;1;(690) PDB, (693) UE1, (697) R8D;  /  /     ;23;06/08/2026 00:00;;;PEDRAGON MANAUS;102132     ;ALCO/GASOL;0,00;Sim;;  /  /     ;VN - VEICULOS  NOVOS;Não;Não;Não;Não;0,00;CAPLAN GM;HOLD BACK (GM), (CUSTO) TOP NA VENDA (NOVOS);0,00;0,00;0,00;102132     ;0,00;113827,59;PEDRAGON MANAUS;0,00;AUTOMÁTICO
PEDRAGON MANAUS;NW SONIC;NW SONIC RS R8D;R8D;9BGED58D0VG153654;;114540;;2026/2027;CINZA URBANO;        4822299;112145,41;0,00;142790,00;112145,41;   201446;PEDRAGON MANAUS;1682,18;1;(690) PDB, (693) UE1, (697) R8D;  /  /     ;29;31/07/2026 00:00;;;PEDRAGON MANAUS;102132     ;ALCO/GASOL;0,00;Sim;;  /  /     ;VN - VEICULOS  NOVOS;Não;Não;Não;Não;0,00;CAPLAN GM;HOLD BACK (GM), (CUSTO) TOP NA VENDA (NOVOS);0,00;0,00;0,00;102132     ;0,00;113827,59;PEDRAGON MANAUS;0,00;AUTOMÁTICO
PEDRAGON MANAUS;NW SONIC;NW SONIC RS R8D;R8D;9BGED58D0VG132097;;113787;;2026/2027;BRANCO SUMMIT;        4815351;111460,00;0,00;141940,00;111460,00;   195980;PEDRAGON MANAUS;1671,90;1;(691) PDJ, (693) UE1, (697) R8D;  /  /     ;33;27/07/2026 00:00;;;PEDRAGON MANAUS;102132     ;ALCO/GASOL;0,00;Sim;;  /  /     ;VN - VEICULOS  NOVOS;Não;Não;Não;Não;0,00;FLOOR PLAN - GM;HOLD BACK (GM), (CUSTO) TOP NA VENDA (NOVOS);0,00;0,00;0,00;102132     ;0,00;113131,90;PEDRAGON MANAUS;0,00;AUTOMÁTICO
PEDRAGON MANAUS;NW SONIC;NW SONIC RS R8D;R8D;9BGED58D0VG153675;;114312;;2026/2027;CINZA URBANO;        4821268;112145,41;0,00;142790,00;112145,41;   199809;PEDRAGON MANAUS;1682,18;1;(690) PDB, (693) UE1, (697) R8D;  /  /     ;30;30/07/2026 00:00;;;PEDRAGON MANAUS;102132     ;ALCO/GASOL;0,00;Sim;;  /  /     ;VN - VEICULOS  NOVOS;Não;Não;Não;Não;0,00;FLOOR PLAN - GM;HOLD BACK (GM), (CUSTO) TOP NA VENDA (NOVOS);0,00;0,00;0,00;102132     ;0,00;113827,59;PEDRAGON MANAUS;0,00;AUTOMÁTICO
PEDRAGON MANAUS;NW SONIC;NW SONIC RS R8D;R8D;9BGED58D0VG151884;;113954;;2026/2027;BRANCO SUMMIT;        4817081;111460,00;0,00;141940,00;111460,00;   197305;PEDRAGON MANAUS;1671,90;1;(691) PDJ, (693) UE1, (697) R8D;  /  /     ;32;28/07/2026 00:00;;;PEDRAGON MANAUS;102132     ;ALCO/GASOL;0,00;Sim;;  /  /     ;VN - VEICULOS  NOVOS;Não;Não;Não;Não;0,00;CAPLAN GM;HOLD BACK (GM), (CUSTO) TOP NA VENDA (NOVOS);0,00;0,00;0,00;102132     ;0,00;113131,90;PEDRAGON MANAUS;0,00;AUTOMÁTICO
PEDRAGON MANAUS;NW SONIC;NW SONIC RS R8D;R8D;9BGED58D0VG151888;;113955;;2026/2027;BRANCO SUMMIT;        4817082;111460,00;0,00;141940,00;111460,00;   197306;PEDRAGON MANAUS;1671,90;1;(691) PDJ, (693) UE1, (697) R8D;  /  /     ;32;28/07/2026 00:00;;;PEDRAGON MANAUS;102132     ;ALCO/GASOL;0,00;Sim;;  /  /     ;VN - VEICULOS  NOVOS;Não;Não;Não;Não;0,00;CAPLAN GM;HOLD BACK (GM), (CUSTO) TOP NA VENDA (NOVOS);0,00;0,00;0,00;102132     ;0,00;113131,90;PEDRAGON MANAUS;0,00;AUTOMÁTICO
PEDRAGON MANAUS;NW SONIC;NW SONIC RS R8D;R8D;9BGED58D0VG151895;;113956;;2026/2027;BRANCO SUMMIT;        4817085;111460,00;0,00;141940,00;111460,00;   197307;PEDRAGON MANAUS;1671,90;1;(691) PDJ, (693) UE1, (697) R8D;  /  /     ;32;28/07/2026 00:00;;;PEDRAGON MANAUS;102132     ;ALCO/GASOL;0,00;Sim;;  /  /     ;VN - VEICULOS  NOVOS;Não;Não;Não;Não;0,00;CAPLAN GM;HOLD BACK (GM), (CUSTO) TOP NA VENDA (NOVOS);0,00;0,00;0,00;102132     ;0,00;113131,90;PEDRAGON MANAUS;0,00;AUTOMÁTICO
PEDRAGON MANAUS;NW SONIC;NW SONIC RS R8D;R8D;9BGED58D0VG151902;;113957;;2026/2027;BRANCO SUMMIT;        4817087;111460,00;0,00;141940,00;111460,00;   197308;PEDRAGON MANAUS;1671,90;1;(691) PDJ, (693) UE1, (697) R8D;  /  /     ;32;28/07/2026 00:00;;;PEDRAGON MANAUS;102132     ;ALCO/GASOL;0,00;Sim;;  /  /     ;VN - VEICULOS  NOVOS;Não;Não;Não;Não;0,00;CAPLAN GM;HOLD BACK (GM), (CUSTO) TOP NA VENDA (NOVOS);0,00;0,00;0,00;102132     ;0,00;113131,90;PEDRAGON MANAUS;0,00;AUTOMÁTICO
PEDRAGON MANAUS;NW SONIC;NW SONIC RS R8D;R8D;9BGED58D0VG151909;;113958;;2026/2027;BRANCO SUMMIT;        4817089;111460,00;0,00;141940,00;111460,00;   197309;PEDRAGON MANAUS;1671,90;1;(691) PDJ, (693) UE1, (697) R8D;  /  /     ;32;28/07/2026 00:00;;;PEDRAGON MANAUS;102132     ;ALCO/GASOL;0,00;Sim;;  /  /     ;VN - VEICULOS  NOVOS;Não;Não;Não;Não;0,00;CAPLAN GM;HOLD BACK (GM), (CUSTO) TOP NA VENDA (NOVOS);0,00;0,00;0,00;102132     ;0,00;113131,90;PEDRAGON MANAUS;0,00;AUTOMÁTICO
PEDRAGON MANAUS;NW SONIC;NW SONIC RS R8D;R8D;9BGED58D0VG151914;;113959;;2026/2027;BRANCO SUMMIT;        4817091;111460,00;0,00;141940,00;111460,00;   197310;PEDRAGON MANAUS;1671,90;1;(691) PDJ, (693) UE1, (697) R8D;  /  /     ;32;28/07/2026 00:00;;;PEDRAGON MANAUS;102132     ;ALCO/GASOL;0,00;Sim;;  /  /     ;VN - VEICULOS  NOVOS;Não;Não;Não;Não;0,00;CAPLAN GM;HOLD BACK (GM), (CUSTO) TOP NA VENDA (NOVOS);0,00;0,00;0,00;102132     ;0,00;113131,90;PEDRAGON MANAUS;0,00;AUTOMÁTICO
PEDRAGON MANAUS;NW SONIC;NW SONIC RS R8D;R8D;9BGED58D0VG103443;;108025;;2026/2027;BRANCO SUMMIT;        4768079;111460,00;0,00;141940,00;111460,00;   139451;PEDRAGON MANAUS;1671,90;1;(691) PDJ, (693) UE1, (697) R8D;13/07/2026;107;14/05/2026 00:00;;;PEDRAGON MANAUS FLORES;102132     ;ALCO/GASOL;0,00;;;  /  /     ;VN - VEICULOS  NOVOS;Não;Não;Não;Não;0,00;CAPLAN GM;HOLD BACK (GM), (CUSTO) TOP NA VENDA (NOVOS);0,00;0,00;0,00;102132     ;0,00;113131,90;PEDRAGON MANAUS FLORES;0,00;AUTOMÁTICO
PEDRAGON MANAUS;NW SONIC;NW SONIC RS R8D;R8D;9BGED58D0VG100401;        ;108725;AM;2026/2027;*CINZA URBANO (GRE) MET;        4760757;93802,50;0,00;140990,00;93802,50;   148335;PEDRAGON MANAUS;0,00;19;;26/05/2026;117;04/05/2026 00:00;;TEST DRIVE - NÃO VENDER ;PEDRAGON MANAUS;1234;ALCO/GASOL;0,00;;;  /  /     ;VD - VEICULO NOVO EM DEMONSTRACAO;Não;Não;Não;Não;4143,00;;(CUSTO) TOP NA VENDA (NOVOS);0,00;0,00;0,00;1234;0,00;97945,50;PEDRAGON MANAUS;0,00;AUTOMÁTICO
PEDRAGON MANAUS;NW SONIC;NW SONIC RS R8D;R8D;9BGED58D0VG102170;;107456;;2026/2027;BRANCO SUMMIT;        4763489;111460,00;0,00;141940,00;111460,00;   134144;PEDRAGON MANAUS;1671,90;1;(691) PDJ, (693) UE1, (697) R8D;16/06/2026;114;07/05/2026 00:00;;RENATA 23.05;PEDRAGON MANAUS FLORES;102132     ;ALCO/GASOL;0,00;;;  /  /     ;VN - VEICULOS  NOVOS;Não;Não;Não;Não;0,00;CAPLAN GM;HOLD BACK (GM), (CUSTO) TOP NA VENDA (NOVOS);0,00;0,00;0,00;102132     ;0,00;113131,90;PEDRAGON MANAUS FLORES;0,00;AUTOMÁTICO
PEDRAGON MANAUS;NW SONIC;NW SONIC RS R8D;R8D;9BGED58D0VG114109;        ;108965;;2026/2027;VERMELHO SCARLET;        4773136;112145,41;0,00;142790,00;112145,41;   148625;PEDRAGON MANAUS;1682,18;2;(690) PDB, (693) UE1, (697) R8D;19/08/2026;95;26/05/2026 00:00;;RAFAELA;PEDRAGON MANAUS FLORES;102132;ALCO/GASOL;0,00;;;  /  /     ;VD - VEICULO NOVO EM DEMONSTRACAO;Não;Não;Não;Não;0,00;CAPLAN GM;HOLD BACK (GM), (CUSTO) TOP NA VENDA (NOVOS);0,00;0,00;0,00;102132;0,00;114627,59;PEDRAGON MANAUS FLORES;0,00;AUTOMÁTICO
PEDRAGON MANAUS;NW SONIC;NW SONIC RS R8D;R8D;9BGED58D0VG173272;;117089;;2026/2027;CINZA URBANO;        4841360;112145,41;0,00;142790,00;112145,41;   223674;PEDRAGON MANAUS;1682,18;1;(690) PDB, (693) UE1, (697) R8D;  /  /     ;1;28/08/2026 00:00;;;PEDRAGON MANAUS;102132     ;ALCO/GASOL;0,00;Sim;;  /  /     ;VN - VEICULOS  NOVOS;Não;Não;Não;Não;0,00;CAPLAN GM;HOLD BACK (GM), (CUSTO) TOP NA VENDA (NOVOS);0,00;0,00;0,00;102132     ;0,00;113827,59;PEDRAGON MANAUS;0,00;AUTOMÁTICO
PEDRAGON MANAUS;NW SONIC;NW SONIC RS R8D;R8D;9BGED58D0VG175138;;117090;;2026/2027;BRANCO SUMMIT;        4841424;111460,00;0,00;141940,00;111460,00;   223675;PEDRAGON MANAUS;1671,90;1;(691) PDJ, (693) UE1, (697) R8D;  /  /     ;1;28/08/2026 00:00;;;PEDRAGON MANAUS;102132     ;ALCO/GASOL;0,00;Sim;;  /  /     ;VN - VEICULOS  NOVOS;Não;Não;Não;Não;0,00;CAPLAN GM;HOLD BACK (GM), (CUSTO) TOP NA VENDA (NOVOS);0,00;0,00;0,00;102132     ;0,00;113131,90;PEDRAGON MANAUS;0,00;AUTOMÁTICO
PEDRAGON MANAUS;NW SONIC;NW SONIC PREMIER R8C;R8C;9BGEP58D0VG129124;;116855;;2026/2027;CINZA URBANO;        4840306;107310,80;0,00;136790,00;107310,80;   222528;PEDRAGON MANAUS;1609,66;1;(690) PDB, (693) UE1, (726) R8C;  /  /     ;2;27/08/2026 00:00;;;PEDRAGON MANAUS;102122     ;ALCO/GASOL;0,00;Sim;;  /  /     ;VN - VEICULOS  NOVOS;Não;Não;Não;Não;0,00;FLOOR PLAN - GM;HOLD BACK (GM), (CUSTO) TOP NA VENDA (NOVOS);0,00;0,00;0,00;102122     ;0,00;108920,46;PEDRAGON MANAUS;0,00;AUTOMÁTICO
PEDRAGON MANAUS;NW SONIC;NW SONIC PREMIER R8C;R8C;9BGEP58D0VG174503;;116856;;2026/2027;CINZA URBANO;        4840312;107310,80;0,00;136790,00;107310,80;   222529;PEDRAGON MANAUS;1609,66;1;(690) PDB, (693) UE1, (726) R8C;  /  /     ;2;27/08/2026 00:00;;;PEDRAGON MANAUS;102122     ;ALCO/GASOL;0,00;Sim;;  /  /     ;VN - VEICULOS  NOVOS;Não;Não;Não;Não;0,00;FLOOR PLAN - GM;HOLD BACK (GM), (CUSTO) TOP NA VENDA (NOVOS);0,00;0,00;0,00;102122     ;0,00;108920,46;PEDRAGON MANAUS;0,00;AUTOMÁTICO
PEDRAGON MANAUS;NW SONIC;NW SONIC PREMIER R8C;R8C;9BGEP58D0VG169557;;116456;;2026/2027;VERMELHO SCARLET;        4836898;107310,80;0,00;136790,00;107310,80;   219267;PEDRAGON MANAUS;1609,66;1;(690) PDB, (693) UE1, (726) R8C;  /  /     ;5;24/08/2026 00:00;;;PEDRAGON MANAUS;102122     ;ALCO/GASOL;0,00;Sim;;  /  /     ;VN - VEICULOS  NOVOS;Não;Não;Não;Não;0,00;CAPLAN GM;HOLD BACK (GM), (CUSTO) TOP NA VENDA (NOVOS);0,00;0,00;0,00;102122     ;0,00;108920,46;PEDRAGON MANAUS;0,00;AUTOMÁTICO
PEDRAGON MANAUS;NW SONIC;NW SONIC PREMIER R8C;R8C;9BGEP58D0VG170891;;116459;;2026/2027;AZUL BOREAL;        4836937;105859,96;0,00;134990,00;105859,96;   219268;PEDRAGON MANAUS;1587,90;1;(693) UE1, (726) R8C;  /  /     ;5;24/08/2026 00:00;;;PEDRAGON MANAUS;102122     ;ALCO/GASOL;0,00;Sim;;  /  /     ;VN - VEICULOS  NOVOS;Não;Não;Não;Não;0,00;CAPLAN GM;HOLD BACK (GM), (CUSTO) TOP NA VENDA (NOVOS);0,00;0,00;0,00;102122     ;0,00;107447,86;PEDRAGON MANAUS;0,00;AUTOMÁTICO
PEDRAGON MANAUS;NW SONIC;NW SONIC PREMIER R8C;R8C;9BGEP58D0VG170003;;116457;;2026/2027;PRETO OURO NEGRO;        4836950;107310,80;0,00;136790,00;107310,80;   219269;PEDRAGON MANAUS;1609,66;1;(690) PDB, (693) UE1, (726) R8C;  /  /     ;5;24/08/2026 00:00;;;PEDRAGON MANAUS;102122     ;ALCO/GASOL;0,00;Sim;;  /  /     ;VN - VEICULOS  NOVOS;Não;Não;Não;Não;0,00;CAPLAN GM;HOLD BACK (GM), (CUSTO) TOP NA VENDA (NOVOS);0,00;0,00;0,00;102122     ;0,00;108920,46;PEDRAGON MANAUS;0,00;AUTOMÁTICO
PEDRAGON MANAUS;NW SONIC;NW SONIC PREMIER R8C;R8C;9BGEP58D0VG170010;;116458;;2026/2027;PRETO OURO NEGRO;        4836951;107310,80;0,00;136790,00;107310,80;   219270;PEDRAGON MANAUS;1609,66;1;(690) PDB, (693) UE1, (726) R8C;  /  /     ;5;24/08/2026 00:00;;;PEDRAGON MANAUS;102122     ;ALCO/GASOL;0,00;Sim;;  /  /     ;VN - VEICULOS  NOVOS;Não;Não;Não;Não;0,00;CAPLAN GM;HOLD BACK (GM), (CUSTO) TOP NA VENDA (NOVOS);0,00;0,00;0,00;102122     ;0,00;108920,46;PEDRAGON MANAUS;0,00;AUTOMÁTICO
PEDRAGON MANAUS;NW SONIC;NW SONIC PREMIER R8C;R8C;9BGEP58D0VG168051;;116694;;2026/2027;BRANCO SUMMIT;        4839269;106625,40;0,00;135940,00;106625,40;   221352;PEDRAGON MANAUS;1599,38;1;(691) PDJ, (693) UE1, (726) R8C;  /  /     ;3;26/08/2026 00:00;;;PEDRAGON MANAUS;102122     ;ALCO/GASOL;0,00;Sim;;  /  /     ;VN - VEICULOS  NOVOS;Não;Não;Não;Não;0,00;CAPLAN GM;HOLD BACK (GM), (CUSTO) TOP NA VENDA (NOVOS);0,00;0,00;0,00;102122     ;0,00;108224,78;PEDRAGON MANAUS;0,00;AUTOMÁTICO
PEDRAGON MANAUS;NW SONIC;NW SONIC PREMIER R8C;R8C;9BGEP58D0VG171857;;116580;;2026/2027;BRANCO SUMMIT;        4838290;106625,40;0,00;135940,00;106625,40;   220345;PEDRAGON MANAUS;1599,38;1;(691) PDJ, (693) UE1, (726) R8C;  /  /     ;4;25/08/2026 00:00;;;PEDRAGON MANAUS;102122     ;ALCO/GASOL;0,00;Sim;;  /  /     ;VN - VEICULOS  NOVOS;Não;Não;Não;Não;0,00;FLOOR PLAN - GM;HOLD BACK (GM), (CUSTO) TOP NA VENDA (NOVOS);0,00;0,00;0,00;102122     ;0,00;108224,78;PEDRAGON MANAUS;0,00;AUTOMÁTICO
PEDRAGON MANAUS;NW SONIC;NW SONIC PREMIER R8C;R8C;9BGEP58D0VG108936;        ;112611;;2026/2027;AZUL;        4777607;88678,50;0,00;134990,00;88678,50;   184236;PEDRAGON MANAUS;0,00;1;;13/07/2026;94;27/05/2026 00:00;;;PEDRAGON MANAUS;102122;ALCO/GASOL;0,00;;;  /  /     ;VD - VEICULO NOVO EM DEMONSTRACAO;Não;Não;Não;Não;0,00;;(CUSTO) TOP NA VENDA (NOVOS);0,00;0,00;0,00;102122;0,00;88678,50;PEDRAGON MANAUS;0,00;AUTOMÁTICO
PEDRAGON MANAUS;NW SONIC;NW SONIC PREMIER R8C;R8C;9BGEP58D0VG167406;;116068;;2026/2027;CINZA URBANO;        4833658;107310,80;0,00;136790,00;107310,80;   215560;PEDRAGON MANAUS;1609,66;1;(690) PDB, (693) UE1, (726) R8C;  /  /     ;10;19/08/2026 00:00;;;PEDRAGON MANAUS;102122     ;ALCO/GASOL;0,00;Sim;;  /  /     ;VN - VEICULOS  NOVOS;Não;Não;Não;Não;0,00;CAPLAN GM;HOLD BACK (GM), (CUSTO) TOP NA VENDA (NOVOS);0,00;0,00;0,00;102122     ;0,00;108920,46;PEDRAGON MANAUS;0,00;AUTOMÁTICO
PEDRAGON MANAUS;NW SONIC;NW SONIC PREMIER R8C;R8C;9BGEP58D0VG167410;;116069;;2026/2027;CINZA URBANO;        4833560;107310,80;0,00;136790,00;107310,80;   215556;PEDRAGON MANAUS;1609,66;1;(690) PDB, (693) UE1, (726) R8C;  /  /     ;10;19/08/2026 00:00;;;PEDRAGON MANAUS;102122     ;ALCO/GASOL;0,00;Sim;;  /  /     ;VN - VEICULOS  NOVOS;Não;Não;Não;Não;0,00;CAPLAN GM;HOLD BACK (GM), (CUSTO) TOP NA VENDA (NOVOS);0,00;0,00;0,00;102122     ;0,00;108920,46;PEDRAGON MANAUS;0,00;AUTOMÁTICO
PEDRAGON MANAUS;NW SONIC;NW SONIC PREMIER R8C;R8C;9BGEP58D0VG167392;;116067;;2026/2027;CINZA URBANO;        4833563;107310,80;0,00;136790,00;107310,80;   215557;PEDRAGON MANAUS;1609,66;1;(690) PDB, (693) UE1, (726) R8C;  /  /     ;10;19/08/2026 00:00;;;PEDRAGON MANAUS;102122     ;ALCO/GASOL;0,00;Sim;;  /  /     ;VN - VEICULOS  NOVOS;Não;Não;Não;Não;0,00;CAPLAN GM;HOLD BACK (GM), (CUSTO) TOP NA VENDA (NOVOS);0,00;0,00;0,00;102122     ;0,00;108920,46;PEDRAGON MANAUS;0,00;AUTOMÁTICO
PEDRAGON MANAUS;NW SONIC;NW SONIC PREMIER R8C;R8C;9BGEP58D0VG169176;;116272;;2026/2027;PRATA SHARK;        4835970;107310,80;0,00;136790,00;107310,80;   217782;PEDRAGON MANAUS;1609,66;1;(690) PDB, (693) UE1, (726) R8C;  /  /     ;8;21/08/2026 00:00;;;PEDRAGON MANAUS;102122     ;ALCO/GASOL;0,00;Sim;;  /  /     ;VN - VEICULOS  NOVOS;Não;Não;Não;Não;0,00;FLOOR PLAN - GM;HOLD BACK (GM), (CUSTO) TOP NA VENDA (NOVOS);0,00;0,00;0,00;102122     ;0,00;108920,46;PEDRAGON MANAUS;0,00;AUTOMÁTICO
PEDRAGON MANAUS;NW SONIC;NW SONIC PREMIER R8C;R8C;9BGEP58D0VG169173;;116271;;2026/2027;PRATA SHARK;        4836125;107310,80;0,00;136790,00;107310,80;   217783;PEDRAGON MANAUS;1609,66;1;(690) PDB, (693) UE1, (726) R8C;  /  /     ;8;21/08/2026 00:00;;;PEDRAGON MANAUS;102122     ;ALCO/GASOL;0,00;Sim;;  /  /     ;VN - VEICULOS  NOVOS;Não;Não;Não;Não;0,00;FLOOR PLAN - GM;HOLD BACK (GM), (CUSTO) TOP NA VENDA (NOVOS);0,00;0,00;0,00;102122     ;0,00;108920,46;PEDRAGON MANAUS;0,00;AUTOMÁTICO
PEDRAGON MANAUS;NW SONIC;NW SONIC PREMIER R8C;R8C;9BGEP58D0VG168064;;116168;;2026/2027;BRANCO SUMMIT;        4835200;106625,40;0,00;135940,00;106625,40;   216704;PEDRAGON MANAUS;1599,38;1;(691) PDJ, (693) UE1, (726) R8C;  /  /     ;9;20/08/2026 00:00;;;PEDRAGON MANAUS;102122     ;ALCO/GASOL;0,00;Sim;;  /  /     ;VN - VEICULOS  NOVOS;Não;Não;Não;Não;0,00;CAPLAN GM;HOLD BACK (GM), (CUSTO) TOP NA VENDA (NOVOS);0,00;0,00;0,00;102122     ;0,00;108224,78;PEDRAGON MANAUS;0,00;AUTOMÁTICO
PEDRAGON MANAUS;NW SONIC;NW SONIC PREMIER R8C;R8C;9BGEP58D0VG152764;;113786;;2026/2027;CINZA URBANO;        4815408;107310,80;0,00;136790,00;107310,80;   195982;PEDRAGON MANAUS;1609,66;1;(690) PDB, (693) UE1, (726) R8C;  /  /     ;33;27/07/2026 00:00;;;PEDRAGON MANAUS;102122     ;ALCO/GASOL;0,00;Sim;;  /  /     ;VN - VEICULOS  NOVOS;Não;Não;Não;Não;0,00;FLOOR PLAN - GM;HOLD BACK (GM), (CUSTO) TOP NA VENDA (NOVOS);0,00;0,00;0,00;102122     ;0,00;108920,46;PEDRAGON MANAUS;0,00;AUTOMÁTICO
PEDRAGON MANAUS;NW SONIC;NW SONIC PREMIER R8C;R8C;9BGEP58D0VG152752;;113785;;2026/2027;CINZA URBANO;        4815518;107310,80;0,00;136790,00;107310,80;   195984;PEDRAGON MANAUS;1609,66;1;(690) PDB, (693) UE1, (726) R8C;  /  /     ;33;27/07/2026 00:00;;;PEDRAGON MANAUS;102122     ;ALCO/GASOL;0,00;Sim;;  /  /     ;VN - VEICULOS  NOVOS;Não;Não;Não;Não;0,00;FLOOR PLAN - GM;HOLD BACK (GM), (CUSTO) TOP NA VENDA (NOVOS);0,00;0,00;0,00;102122     ;0,00;108920,46;PEDRAGON MANAUS;0,00;AUTOMÁTICO
PEDRAGON MANAUS;NW SONIC;NW SONIC PREMIER R8C;R8C;9BGEP58D0VG151718;;114153;;2026/2027;BRANCO SUMMIT;        4818744;106625,40;0,00;135940,00;106625,40;   198560;PEDRAGON MANAUS;1599,38;1;(691) PDJ, (693) UE1, (726) R8C;  /  /     ;31;29/07/2026 00:00;;;PEDRAGON MANAUS;102122     ;ALCO/GASOL;0,00;Sim;;  /  /     ;VN - VEICULOS  NOVOS;Não;Não;Não;Não;0,00;CAPLAN GM;HOLD BACK (GM), (CUSTO) TOP NA VENDA (NOVOS);0,00;0,00;0,00;102122     ;0,00;108224,78;PEDRAGON MANAUS;0,00;AUTOMÁTICO
PEDRAGON MANAUS;NW SONIC;NW SONIC PREMIER R8C;R8C;9BGEP58D0VG151736;;114154;;2026/2027;BRANCO SUMMIT;        4818762;106625,40;0,00;135940,00;106625,40;   198561;PEDRAGON MANAUS;1599,38;1;(691) PDJ, (693) UE1, (726) R8C;  /  /     ;31;29/07/2026 00:00;;;PEDRAGON MANAUS;102122     ;ALCO/GASOL;0,00;Sim;;  /  /     ;VN - VEICULOS  NOVOS;Não;Não;Não;Não;0,00;CAPLAN GM;HOLD BACK (GM), (CUSTO) TOP NA VENDA (NOVOS);0,00;0,00;0,00;102122     ;0,00;108224,78;PEDRAGON MANAUS;0,00;AUTOMÁTICO
PEDRAGON MANAUS;NW SONIC;NW SONIC PREMIER R8C;R8C;9BGEP58D0VG151729;;113953;;2026/2027;BRANCO SUMMIT;        4818610;106625,40;0,00;135940,00;106625,40;   197311;PEDRAGON MANAUS;1599,38;1;(691) PDJ, (693) UE1, (726) R8C;  /  /     ;32;28/07/2026 00:00;;;PEDRAGON MANAUS;102122     ;ALCO/GASOL;0,00;Sim;;  /  /     ;VN - VEICULOS  NOVOS;Não;Não;Não;Não;0,00;CAPLAN GM;HOLD BACK (GM), (CUSTO) TOP NA VENDA (NOVOS);0,00;0,00;0,00;102122     ;0,00;108224,78;PEDRAGON MANAUS;0,00;AUTOMÁTICO
PEDRAGON MANAUS;NW SONIC;NW SONIC PREMIER R8C;R8C;9BGEP58D0VG145089;;113950;;2026/2027;PRETO OURO NEGRO;        4816989;107310,80;0,00;136790,00;107310,80;   197302;PEDRAGON MANAUS;1609,66;1;(690) PDB, (693) UE1, (726) R8C;  /  /     ;32;28/07/2026 00:00;;RAFAEL 26.08;PEDRAGON MANAUS;102122     ;ALCO/GASOL;0,00;Sim;;  /  /     ;VN - VEICULOS  NOVOS;Não;Não;Não;Não;0,00;CAPLAN GM;HOLD BACK (GM), (CUSTO) TOP NA VENDA (NOVOS);0,00;0,00;0,00;102122     ;0,00;108920,46;PEDRAGON MANAUS;0,00;AUTOMÁTICO
PEDRAGON MANAUS;NW SONIC;NW SONIC PREMIER R8C;R8C;9BGEP58D0VG145101;;113951;;2026/2027;PRETO OURO NEGRO;        4816990;107310,80;0,00;136790,00;107310,80;   197303;PEDRAGON MANAUS;1609,66;1;(690) PDB, (693) UE1, (726) R8C;  /  /     ;32;28/07/2026 00:00;;TATY ;PEDRAGON MANAUS;102122     ;ALCO/GASOL;0,00;Sim;;  /  /     ;VN - VEICULOS  NOVOS;Não;Não;Não;Não;0,00;CAPLAN GM;HOLD BACK (GM), (CUSTO) TOP NA VENDA (NOVOS);0,00;0,00;0,00;102122     ;0,00;108920,46;PEDRAGON MANAUS;0,00;AUTOMÁTICO
PEDRAGON MANAUS;NW SONIC;NW SONIC PREMIER R8C;R8C;9BGEP58D0VG155191;;114973;;2026/2027;PRETO OURO NEGRO;        4825291;107310,80;0,00;136790,00;107310,80;   205454;PEDRAGON MANAUS;1609,66;1;(690) PDB, (693) UE1, (726) R8C;  /  /     ;23;06/08/2026 00:00;;;PEDRAGON MANAUS;102122     ;ALCO/GASOL;0,00;Sim;;  /  /     ;VN - VEICULOS  NOVOS;Não;Não;Não;Não;0,00;CAPLAN GM;HOLD BACK (GM), (CUSTO) TOP NA VENDA (NOVOS);0,00;0,00;0,00;102122     ;0,00;108920,46;PEDRAGON MANAUS;0,00;AUTOMÁTICO
PEDRAGON MANAUS;NW SONIC;NW SONIC PREMIER R8C;R8C;9BGEP58D0VG155198;;114974;;2026/2027;PRETO OURO NEGRO;        4825292;107310,80;0,00;136790,00;107310,80;   205455;PEDRAGON MANAUS;1609,66;1;(690) PDB, (693) UE1, (726) R8C;  /  /     ;23;06/08/2026 00:00;;;PEDRAGON MANAUS;102122     ;ALCO/GASOL;0,00;Sim;;  /  /     ;VN - VEICULOS  NOVOS;Não;Não;Não;Não;0,00;CAPLAN GM;HOLD BACK (GM), (CUSTO) TOP NA VENDA (NOVOS);0,00;0,00;0,00;102122     ;0,00;108920,46;PEDRAGON MANAUS;0,00;AUTOMÁTICO
PEDRAGON MANAUS;NW SONIC;NW SONIC PREMIER R8C;R8C;9BGEP58D0VG143225;        ;113380;;2026/2027;CINZA URBANO;        4811778;107310,80;0,00;136790,00;107310,80;   191810;PEDRAGON MANAUS;1609,66;1;(690) PDB, (693) UE1, (726) R8C;05/08/2026;39;21/07/2026 00:00;;;PEDRAGON MANAUS;102122     ;ALCO/GASOL;0,00;;Sim;06/08/2026;VN - VEICULOS  NOVOS;Não;Não;Não;Não;0,00;FLOOR PLAN - GM;HOLD BACK (GM), (CUSTO) TOP NA VENDA (NOVOS);0,00;0,00;0,00;102122     ;0,00;108920,46;PEDRAGON MANAUS;0,00;AUTOMÁTICO
PEDRAGON MANAUS;NW SONIC;NW SONIC PREMIER R8C;R8C;9BGEP58D0VG144430;;114969;;2026/2027;PRATA SHARK;        4824417;107310,80;0,00;136790,00;107310,80;   205445;PEDRAGON MANAUS;1609,66;1;(690) PDB, (693) UE1, (726) R8C;  /  /     ;23;06/08/2026 00:00;;;PEDRAGON MANAUS;102122     ;ALCO/GASOL;0,00;Sim;;  /  /     ;VN - VEICULOS  NOVOS;Não;Não;Não;Não;0,00;CAPLAN GM;HOLD BACK (GM), (CUSTO) TOP NA VENDA (NOVOS);0,00;0,00;0,00;102122     ;0,00;108920,46;PEDRAGON MANAUS;0,00;AUTOMÁTICO
PEDRAGON MANAUS;NW SONIC;NW SONIC PREMIER R8C;R8C;9BGEP58D0VG154122;;114970;;2026/2027;PRATA SHARK;        4824714;107310,80;0,00;136790,00;107310,80;   205447;PEDRAGON MANAUS;1609,66;1;(690) PDB, (693) UE1, (726) R8C;  /  /     ;23;06/08/2026 00:00;;BEL ;PEDRAGON MANAUS;102122     ;ALCO/GASOL;0,00;Sim;;  /  /     ;VN - VEICULOS  NOVOS;Não;Não;Não;Não;0,00;CAPLAN GM;HOLD BACK (GM), (CUSTO) TOP NA VENDA (NOVOS);0,00;0,00;0,00;102122     ;0,00;108920,46;PEDRAGON MANAUS;0,00;AUTOMÁTICO
PEDRAGON MANAUS;NW SONIC;NW SONIC PREMIER R8C;R8C;9BGEP58D0VG154609;;114971;;2026/2027;VERMELHO SCARLET;        4824718;107310,80;0,00;136790,00;107310,80;   205448;PEDRAGON MANAUS;1609,66;1;(690) PDB, (693) UE1, (726) R8C;  /  /     ;23;06/08/2026 00:00;;;PEDRAGON MANAUS;102122     ;ALCO/GASOL;0,00;Sim;;  /  /     ;VN - VEICULOS  NOVOS;Não;Não;Não;Não;0,00;CAPLAN GM;HOLD BACK (GM), (CUSTO) TOP NA VENDA (NOVOS);0,00;0,00;0,00;102122     ;0,00;108920,46;PEDRAGON MANAUS;0,00;AUTOMÁTICO
PEDRAGON MANAUS;NW SONIC;NW SONIC PREMIER R8C;R8C;9BGEP58D0VG154612;;114972;;2026/2027;VERMELHO SCARLET;        4824719;107310,80;0,00;136790,00;107310,80;   205449;PEDRAGON MANAUS;1609,66;1;(690) PDB, (693) UE1, (726) R8C;  /  /     ;23;06/08/2026 00:00;;;PEDRAGON MANAUS;102122     ;ALCO/GASOL;0,00;Sim;;  /  /     ;VN - VEICULOS  NOVOS;Não;Não;Não;Não;0,00;CAPLAN GM;HOLD BACK (GM), (CUSTO) TOP NA VENDA (NOVOS);0,00;0,00;0,00;102122     ;0,00;108920,46;PEDRAGON MANAUS;0,00;AUTOMÁTICO
PEDRAGON MANAUS;NW SONIC;NW SONIC PREMIER R8C;R8C;9BGEP58D0VG155737;;114976;;2026/2027;AZUL BOREAL;        4825321;105859,96;0,00;134990,00;105859,96;   205458;PEDRAGON MANAUS;1587,90;1;(693) UE1, (726) R8C;  /  /     ;23;06/08/2026 00:00;;;PEDRAGON MANAUS;102122     ;ALCO/GASOL;0,00;Sim;;  /  /     ;VN - VEICULOS  NOVOS;Não;Não;Não;Não;0,00;CAPLAN GM;HOLD BACK (GM), (CUSTO) TOP NA VENDA (NOVOS);0,00;0,00;0,00;102122     ;0,00;107447,86;PEDRAGON MANAUS;0,00;AUTOMÁTICO
PEDRAGON MANAUS;NW SONIC;NW SONIC PREMIER R8C;R8C;9BGEP58D0VG144419;;115083;;2026/2027;PRATA SHARK;        4825493;107310,80;0,00;136790,00;107310,80;   206346;PEDRAGON MANAUS;1609,66;1;(690) PDB, (693) UE1, (726) R8C;  /  /     ;22;07/08/2026 00:00;;;PEDRAGON MANAUS;102122     ;ALCO/GASOL;0,00;Sim;;  /  /     ;VN - VEICULOS  NOVOS;Não;Não;Não;Não;0,00;CAPLAN GM;HOLD BACK (GM), (CUSTO) TOP NA VENDA (NOVOS);0,00;0,00;0,00;102122     ;0,00;108920,46;PEDRAGON MANAUS;0,00;AUTOMÁTICO
PEDRAGON MANAUS;NW SONIC;NW SONIC PREMIER R8C;R8C;9BGEP58D0VG124038;;111501;;2026/2027;BRANCO SUMMIT;        4797752;106625,40;0,00;135940,00;106625,40;   171532;PEDRAGON MANAUS;1599,38;1;(691) PDJ, (693) UE1, (726) R8C;  /  /     ;65;25/06/2026 00:00;Pedido;SAMYRA;VICTOR ;102122     ;ALCO/GASOL;0,00;Sim;;  /  /     ;VN - VEICULOS  NOVOS;Sim;Sim;Não;Não;0,00;FLOOR PLAN - GM;HOLD BACK (GM), (CUSTO) TOP NA VENDA (NOVOS);0,00;0,00;0,00;102122     ;0,00;108224,78;PEDRAGON MANAUS;0,00;AUTOMÁTICO
PEDRAGON MANAUS;NW SONIC;NW SONIC PREMIER R8C;R8C;9BGEP58D0VG141997;;113143;;2026/2027;BRANCO SUMMIT;        4808418;106625,40;0,00;135940,00;106625,40;   189233;PEDRAGON MANAUS;1599,38;1;(691) PDJ, (693) UE1, (726) R8C;  /  /     ;43;17/07/2026 00:00;;;PEDRAGON MANAUS;102122     ;ALCO/GASOL;0,00;Sim;;  /  /     ;VN - VEICULOS  NOVOS;Não;Não;Não;Não;0,00;CAPLAN GM;HOLD BACK (GM), (CUSTO) TOP NA VENDA (NOVOS);0,00;0,00;0,00;102122     ;0,00;108224,78;PEDRAGON MANAUS;0,00;AUTOMÁTICO
PEDRAGON MANAUS;NW SONIC;NW SONIC PREMIER R8C;R8C;9BGEP58D0VG142008;;113144;;2026/2027;BRANCO SUMMIT;        4808896;106625,40;0,00;135940,00;106625,40;   189237;PEDRAGON MANAUS;1599,38;1;(691) PDJ, (693) UE1, (726) R8C;  /  /     ;43;17/07/2026 00:00;;;PEDRAGON MANAUS;102122     ;ALCO/GASOL;0,00;Sim;;  /  /     ;VN - VEICULOS  NOVOS;Não;Não;Não;Não;0,00;CAPLAN GM;HOLD BACK (GM), (CUSTO) TOP NA VENDA (NOVOS);0,00;0,00;0,00;102122     ;0,00;108224,78;PEDRAGON MANAUS;0,00;AUTOMÁTICO
PEDRAGON MANAUS;NW S10;NW S10 CD Z71 DD4A PQQ;PQQ;9BG148ZK0VC413282;;113979;;2026/2027;CINZA AMBAR;         177207;189794,31;0,00;327340,00;189794,31;   197300;PEDRAGON MANAUS;5693,83;1;(690) PDB, (693) UE1, (724) PQQ;  /  /     ;32;28/07/2026 00:00;;;PEDRAGON MANAUS;200145     ;DIESEL;0,00;Sim;;  /  /     ;VN - VEICULOS  NOVOS;Não;Não;Não;Não;0,00;CAPLAN GM;HOLD BACK (GM), (CUSTO) TOP NA VENDA (NOVOS);0,00;0,00;0,00;200145     ;0,00;195488,14;PEDRAGON MANAUS;0,00;AUTOMÁTICO
PEDRAGON MANAUS;NW S10;NW S10 CD Z71 DD4A PQQ;PQQ;9BG148ZK0VC417777;;116461;;2026/2027;BRANCO SUMMIT;         179076;189089,95;0,00;326240,00;189089,95;   219260;PEDRAGON MANAUS;5672,70;1;(691) PDJ, (693) UE1, (724) PQQ;  /  /     ;5;24/08/2026 00:00;;;PEDRAGON MANAUS;200145     ;DIESEL;0,00;Sim;;  /  /     ;VN - VEICULOS  NOVOS;Não;Não;Não;Não;0,00;FLOOR PLAN - GM;HOLD BACK (GM), (CUSTO) TOP NA VENDA (NOVOS);0,00;0,00;0,00;200145     ;0,00;194762,65;PEDRAGON MANAUS;0,00;AUTOMÁTICO
PEDRAGON MANAUS;NW S10;NW S10 CD Z71 DD4A PQQ;PQQ;9BG148ZK0VC418182;;116462;;2026/2027;CINZA TOPAZIO;         179077;189794,31;0,00;327340,00;189794,31;   219261;PEDRAGON MANAUS;5693,83;1;(690) PDB, (693) UE1, (724) PQQ;  /  /     ;5;24/08/2026 00:00;;;PEDRAGON MANAUS;200145     ;DIESEL;0,00;Sim;;  /  /     ;VN - VEICULOS  NOVOS;Não;Não;Não;Não;0,00;FLOOR PLAN - GM;HOLD BACK (GM), (CUSTO) TOP NA VENDA (NOVOS);0,00;0,00;0,00;200145     ;0,00;195488,14;PEDRAGON MANAUS;0,00;AUTOMÁTICO
PEDRAGON MANAUS;NW S10;NW S10 CD Z71 DD4A PQQ;PQQ;9BG148ZK0VC417497;;115849;;2026/2027;PRATA SHARK;         178893;189794,31;0,00;327340,00;189794,31;   216699;PEDRAGON MANAUS;5672,70;1;(690) PDB, (693) UE1, (724) PQQ;  /  /     ;9;20/08/2026 00:00;;;YURI VENDIDO;200145     ;DIESEL;0,00;Sim;;  /  /     ;VN - VEICULOS  NOVOS;Não;Não;Não;Não;0,00;FLOOR PLAN - GM;HOLD BACK (GM), (CUSTO) TOP NA VENDA (NOVOS);0,00;0,00;0,00;200145     ;0,00;195467,01;PEDRAGON MANAUS;0,00;AUTOMÁTICO
PEDRAGON MANAUS;NW S10;NW S10 CD Z71 DD4A PQQ;PQQ;9BG148ZK0VC418233;;116170;;2026/2027;BRANCO DUNAS;         178894;189089,95;0,00;326240,00;189089,95;   216700;PEDRAGON MANAUS;5672,70;1;(691) PDJ, (693) UE1, (724) PQQ;  /  /     ;9;20/08/2026 00:00;;;PEDRAGON MANAUS;200145     ;DIESEL;0,00;Sim;;  /  /     ;VN - VEICULOS  NOVOS;Não;Não;Não;Não;0,00;CAPLAN GM;HOLD BACK (GM), (CUSTO) TOP NA VENDA (NOVOS);0,00;0,00;0,00;200145     ;0,00;194762,65;PEDRAGON MANAUS;0,00;AUTOMÁTICO
PEDRAGON MANAUS;NW S10;NW S10 CD Z71 DD4A PQQ;PQQ;9BG148ZK0VC418008;;115626;;2026/2027;CINZA AMBAR;         178331;189794,31;0,00;327340,00;189794,31;   211924;PEDRAGON MANAUS;5693,83;1;(690) PDB, (693) UE1, (724) PQQ;  /  /     ;15;14/08/2026 00:00;Pedido;thayane ;PEDRAGON MANAUS;LULIANA ;DIESEL;0,00;Sim;;  /  /     ;VN - VEICULOS  NOVOS;Sim;Sim;Não;Não;0,00;CAPLAN GM;HOLD BACK (GM), (CUSTO) TOP NA VENDA (NOVOS);0,00;0,00;0,00;200145     ;0,00;195488,14;PEDRAGON MANAUS;0,00;AUTOMÁTICO
PEDRAGON MANAUS;NW S10;NW S10 CD Z71 DD4A PQQ;PQQ;9BG148ZK0VC420868;;116697;;2026/2027;CINZA AMBAR;         179226;189794,31;0,00;327340,00;189794,31;   221349;PEDRAGON MANAUS;5693,83;1;(690) PDB, (693) UE1, (724) PQQ;  /  /     ;3;26/08/2026 00:00;;;PEDRAGON MANAUS;200145     ;DIESEL;0,00;Sim;;  /  /     ;VN - VEICULOS  NOVOS;Não;Não;Não;Não;0,00;CAPLAN GM;HOLD BACK (GM), (CUSTO) TOP NA VENDA (NOVOS);0,00;0,00;0,00;200145     ;0,00;195488,14;PEDRAGON MANAUS;0,00;AUTOMÁTICO
PEDRAGON MANAUS;NW S10;NW S10 CD Z71 DD4A PQQ;PQQ;9BG148ZK0VC421535;;116698;;2026/2027;BRANCO DUNAS;         179227;189089,95;0,00;326240,00;189089,95;   221350;PEDRAGON MANAUS;5672,70;1;(691) PDJ, (693) UE1, (724) PQQ;  /  /     ;3;26/08/2026 00:00;;;PEDRAGON MANAUS;200145     ;DIESEL;0,00;Sim;;  /  /     ;VN - VEICULOS  NOVOS;Não;Não;Não;Não;0,00;CAPLAN GM;HOLD BACK (GM), (CUSTO) TOP NA VENDA (NOVOS);0,00;0,00;0,00;200145     ;0,00;194762,65;PEDRAGON MANAUS;0,00;AUTOMÁTICO
PEDRAGON MANAUS;NW S10;NW S10 CD Z71 DD4A PQQ;PQQ;9BG148ZK0VC420873;;116970;;2026/2027;CINZA AMBAR;         179313;189794,31;0,00;327340,00;189794,31;   222408;PEDRAGON MANAUS;5693,83;1;(690) PDB, (693) UE1, (724) PQQ;  /  /     ;2;27/08/2026 00:00;;;PEDRAGON MANAUS;200145     ;DIESEL;0,00;Sim;;  /  /     ;VN - VEICULOS  NOVOS;Não;Não;Não;Não;0,00;CAPLAN GM;HOLD BACK (GM), (CUSTO) TOP NA VENDA (NOVOS);0,00;0,00;0,00;200145     ;0,00;195488,14;PEDRAGON MANAUS;0,00;AUTOMÁTICO
PEDRAGON MANAUS;NW S10;NW S10 CD Z71 DD4A PQQ;PQQ;9BG148ZK0VC421526;;116971;;2026/2027;BRANCO DUNAS;         179314;189089,95;0,00;326240,00;189089,95;   222409;PEDRAGON MANAUS;5672,70;1;(691) PDJ, (693) UE1, (724) PQQ;  /  /     ;2;27/08/2026 00:00;;;PEDRAGON MANAUS;200145     ;DIESEL;0,00;Sim;;  /  /     ;VN - VEICULOS  NOVOS;Não;Não;Não;Não;0,00;CAPLAN GM;HOLD BACK (GM), (CUSTO) TOP NA VENDA (NOVOS);0,00;0,00;0,00;200145     ;0,00;194762,65;PEDRAGON MANAUS;0,00;AUTOMÁTICO
PEDRAGON MANAUS;NW S10;NW S10 CD Z71 DD4A PQQ;PQQ;9BG148ZK0VC418218;;116463;;2026/2027;BRANCO SUMMIT;         179078;189089,95;0,00;326240,00;189089,95;   219262;PEDRAGON MANAUS;5672,70;1;(691) PDJ, (693) UE1, (724) PQQ;  /  /     ;5;24/08/2026 00:00;;;PEDRAGON MANAUS;200145     ;DIESEL;0,00;Sim;;  /  /     ;VN - VEICULOS  NOVOS;Não;Não;Não;Não;0,00;FLOOR PLAN - GM;HOLD BACK (GM), (CUSTO) TOP NA VENDA (NOVOS);0,00;0,00;0,00;200145     ;0,00;194762,65;PEDRAGON MANAUS;0,00;AUTOMÁTICO
PEDRAGON MANAUS;NW S10;NW S10 CD Z71 DD4A PQQ;PQQ;9BG148ZK0VC417250;;116942;;2026/2027;BRANCO SUMMIT;         179374;189089,95;0,00;326240,00;189089,95;   222457;PEDRAGON MANAUS;5672,70;1;(691) PDJ, (693) UE1, (724) PQQ;  /  /     ;2;27/08/2026 00:00;;;PEDRAGON MANAUS;200145     ;DIESEL;0,00;Sim;;  /  /     ;VN - VEICULOS  NOVOS;Não;Não;Não;Não;0,00;FLOOR PLAN - GM;HOLD BACK (GM), (CUSTO) TOP NA VENDA (NOVOS);0,00;0,00;0,00;200145     ;0,00;194762,65;PEDRAGON MANAUS;0,00;AUTOMÁTICO
PEDRAGON MANAUS;NW S10;NW S10 CD Z71 DD4A PQQ;PQQ;9BG148ZK0VC417257;;116943;;2026/2027;BRANCO SUMMIT;         179375;189089,95;0,00;326240,00;189089,95;   222458;PEDRAGON MANAUS;5672,70;1;(691) PDJ, (693) UE1, (724) PQQ;  /  /     ;2;27/08/2026 00:00;;;PEDRAGON MANAUS;200145     ;DIESEL;0,00;Sim;;  /  /     ;VN - VEICULOS  NOVOS;Não;Não;Não;Não;0,00;FLOOR PLAN - GM;HOLD BACK (GM), (CUSTO) TOP NA VENDA (NOVOS);0,00;0,00;0,00;200145     ;0,00;194762,65;PEDRAGON MANAUS;0,00;AUTOMÁTICO
PEDRAGON MANAUS;NW S10;NW S10 CD Z71 DD4A PQQ;PQQ;9BG148ZK0VC417260;;116944;;2026/2027;BRANCO SUMMIT;         179376;189089,95;0,00;326240,00;189089,95;   222459;PEDRAGON MANAUS;5672,70;1;(691) PDJ, (693) UE1, (724) PQQ;  /  /     ;2;27/08/2026 00:00;;;PEDRAGON MANAUS;200145     ;DIESEL;0,00;Sim;;  /  /     ;VN - VEICULOS  NOVOS;Não;Não;Não;Não;0,00;FLOOR PLAN - GM;HOLD BACK (GM), (CUSTO) TOP NA VENDA (NOVOS);0,00;0,00;0,00;200145     ;0,00;194762,65;PEDRAGON MANAUS;0,00;AUTOMÁTICO
PEDRAGON MANAUS;NW S10;NW S10 CD Z71 DD4A PQQ;PQQ;9BG148ZK0VC417263;;116945;;2026/2027;BRANCO SUMMIT;         179377;189089,95;0,00;326240,00;189089,95;   222460;PEDRAGON MANAUS;5672,70;1;(691) PDJ, (693) UE1, (724) PQQ;  /  /     ;2;27/08/2026 00:00;;;PEDRAGON MANAUS;200145     ;DIESEL;0,00;Sim;;  /  /     ;VN - VEICULOS  NOVOS;Não;Não;Não;Não;0,00;FLOOR PLAN - GM;HOLD BACK (GM), (CUSTO) TOP NA VENDA (NOVOS);0,00;0,00;0,00;200145     ;0,00;194762,65;PEDRAGON MANAUS;0,00;AUTOMÁTICO
PEDRAGON MANAUS;NW S10;NW S10 CD Z71 DD4A PQQ;PQQ;9BG148ZK0VC417266;;116946;;2026/2027;BRANCO DUNAS;         179378;189089,95;0,00;326240,00;189089,95;   222461;PEDRAGON MANAUS;5672,70;1;(691) PDJ, (693) UE1, (724) PQQ;  /  /     ;2;27/08/2026 00:00;;;PEDRAGON MANAUS;200145     ;DIESEL;0,00;Sim;;  /  /     ;VN - VEICULOS  NOVOS;Não;Não;Não;Não;0,00;FLOOR PLAN - GM;HOLD BACK (GM), (CUSTO) TOP NA VENDA (NOVOS);0,00;0,00;0,00;200145     ;0,00;194762,65;PEDRAGON MANAUS;0,00;AUTOMÁTICO
PEDRAGON MANAUS;NW S10;NW S10 CD Z71 DD4A PQQ;PQQ;9BG148ZK0VC418728;;116967;;2026/2027;CINZA TOPAZIO;         179420;189794,31;0,00;327340,00;189794,31;   222503;PEDRAGON MANAUS;5693,83;1;(690) PDB, (693) UE1, (724) PQQ;  /  /     ;2;27/08/2026 00:00;;;PEDRAGON MANAUS;200145     ;DIESEL;0,00;Sim;;  /  /     ;VN - VEICULOS  NOVOS;Não;Não;Não;Não;0,00;FLOOR PLAN - GM;HOLD BACK (GM), (CUSTO) TOP NA VENDA (NOVOS);0,00;0,00;0,00;200145     ;0,00;195488,14;PEDRAGON MANAUS;0,00;AUTOMÁTICO
PEDRAGON MANAUS;NW S10;NW S10 CD Z71 DD4A PQQ;PQQ;9BG148ZK0VC418731;;116968;;2026/2027;CINZA TOPAZIO;         179421;189794,31;0,00;327340,00;189794,31;   222504;PEDRAGON MANAUS;5693,83;1;(690) PDB, (693) UE1, (724) PQQ;  /  /     ;2;27/08/2026 00:00;;;PEDRAGON MANAUS;200145     ;DIESEL;0,00;Sim;;  /  /     ;VN - VEICULOS  NOVOS;Não;Não;Não;Não;0,00;FLOOR PLAN - GM;HOLD BACK (GM), (CUSTO) TOP NA VENDA (NOVOS);0,00;0,00;0,00;200145     ;0,00;195488,14;PEDRAGON MANAUS;0,00;AUTOMÁTICO
PEDRAGON MANAUS;NW S10;NW S10 CD Z71 DD4A PQQ;PQQ;9BG148ZK0VC418736;;116969;;2026/2027;CINZA AMBAR;         179422;189794,31;0,00;327340,00;189794,31;   222505;PEDRAGON MANAUS;5693,83;1;(690) PDB, (693) UE1, (724) PQQ;  /  /     ;2;27/08/2026 00:00;;;PEDRAGON MANAUS;200145     ;DIESEL;0,00;Sim;;  /  /     ;VN - VEICULOS  NOVOS;Não;Não;Não;Não;0,00;FLOOR PLAN - GM;HOLD BACK (GM), (CUSTO) TOP NA VENDA (NOVOS);0,00;0,00;0,00;200145     ;0,00;195488,14;PEDRAGON MANAUS;0,00;AUTOMÁTICO
PEDRAGON MANAUS;NW S10;NW S10 CD Z71 DD4A PQQ;PQQ;9BG148ZK0VC417947;;116953;;2026/2027;BRANCO SUMMIT;         179405;189089,95;0,00;326240,00;189089,95;   222488;PEDRAGON MANAUS;5672,70;1;(691) PDJ, (693) UE1, (724) PQQ;  /  /     ;2;27/08/2026 00:00;;;PEDRAGON MANAUS;200145     ;DIESEL;0,00;Sim;;  /  /     ;VN - VEICULOS  NOVOS;Não;Não;Não;Não;0,00;FLOOR PLAN - GM;HOLD BACK (GM), (CUSTO) TOP NA VENDA (NOVOS);0,00;0,00;0,00;200145     ;0,00;194762,65;PEDRAGON MANAUS;0,00;AUTOMÁTICO
PEDRAGON MANAUS;NW S10;NW S10 CD Z71 DD4A PQQ;PQQ;9BG148ZK0VC417954;;116954;;2026/2027;BRANCO SUMMIT;         179406;189089,95;0,00;326240,00;189089,95;   222489;PEDRAGON MANAUS;5672,70;1;(691) PDJ, (693) UE1, (724) PQQ;  /  /     ;2;27/08/2026 00:00;;;PEDRAGON MANAUS;200145     ;DIESEL;0,00;Sim;;  /  /     ;VN - VEICULOS  NOVOS;Não;Não;Não;Não;0,00;FLOOR PLAN - GM;HOLD BACK (GM), (CUSTO) TOP NA VENDA (NOVOS);0,00;0,00;0,00;200145     ;0,00;194762,65;PEDRAGON MANAUS;0,00;AUTOMÁTICO
PEDRAGON MANAUS;NW S10;NW S10 CD Z71 DD4A PQQ;PQQ;9BG148ZK0VC417957;;116955;;2026/2027;BRANCO DUNAS;         179407;189089,95;0,00;326240,00;189089,95;   222490;PEDRAGON MANAUS;5672,70;1;(691) PDJ, (693) UE1, (724) PQQ;  /  /     ;2;27/08/2026 00:00;;;PEDRAGON MANAUS;200145     ;DIESEL;0,00;Sim;;  /  /     ;VN - VEICULOS  NOVOS;Não;Não;Não;Não;0,00;FLOOR PLAN - GM;HOLD BACK (GM), (CUSTO) TOP NA VENDA (NOVOS);0,00;0,00;0,00;200145     ;0,00;194762,65;PEDRAGON MANAUS;0,00;AUTOMÁTICO
PEDRAGON MANAUS;NW S10;NW S10 CD Z71 DD4A PQQ;PQQ;9BG148ZK0VC417976;;116956;;2026/2027;BRANCO DUNAS;         179408;189089,95;0,00;326240,00;189089,95;   222491;PEDRAGON MANAUS;5672,70;1;(691) PDJ, (693) UE1, (724) PQQ;  /  /     ;2;27/08/2026 00:00;;;PEDRAGON MANAUS;200145     ;DIESEL;0,00;Sim;;  /  /     ;VN - VEICULOS  NOVOS;Não;Não;Não;Não;0,00;FLOOR PLAN - GM;HOLD BACK (GM), (CUSTO) TOP NA VENDA (NOVOS);0,00;0,00;0,00;200145     ;0,00;194762,65;PEDRAGON MANAUS;0,00;AUTOMÁTICO
PEDRAGON MANAUS;NW S10;NW S10 CD Z71 DD4A PQQ;PQQ;9BG148ZK0VC417990;;116957;;2026/2027;PRETO OURO NEGRO;         179409;189794,31;0,00;327340,00;189794,31;   222492;PEDRAGON MANAUS;5693,83;1;(690) PDB, (693) UE1, (724) PQQ;  /  /     ;2;27/08/2026 00:00;;;PEDRAGON MANAUS;200145     ;DIESEL;0,00;Sim;;  /  /     ;VN - VEICULOS  NOVOS;Não;Não;Não;Não;0,00;FLOOR PLAN - GM;HOLD BACK (GM), (CUSTO) TOP NA VENDA (NOVOS);0,00;0,00;0,00;200145     ;0,00;195488,14;PEDRAGON MANAUS;0,00;AUTOMÁTICO
PEDRAGON MANAUS;NW S10;NW S10 CD Z71 DD4A PQQ;PQQ;9BG148ZK0VC417997;;116958;;2026/2027;PRETO OURO NEGRO;         179410;189794,31;0,00;327340,00;189794,31;   222493;PEDRAGON MANAUS;5693,83;1;(690) PDB, (693) UE1, (724) PQQ;  /  /     ;2;27/08/2026 00:00;;;PEDRAGON MANAUS;200145     ;DIESEL;0,00;Sim;;  /  /     ;VN - VEICULOS  NOVOS;Não;Não;Não;Não;0,00;FLOOR PLAN - GM;HOLD BACK (GM), (CUSTO) TOP NA VENDA (NOVOS);0,00;0,00;0,00;200145     ;0,00;195488,14;PEDRAGON MANAUS;0,00;AUTOMÁTICO
PEDRAGON MANAUS;NW S10;NW S10 CD Z71 DD4A PQQ;PQQ;9BG148ZK0VC418000;;116959;;2026/2027;PRETO OURO NEGRO;         179411;189794,31;0,00;327340,00;189794,31;   222494;PEDRAGON MANAUS;5693,83;1;(690) PDB, (693) UE1, (724) PQQ;  /  /     ;2;27/08/2026 00:00;;;PEDRAGON MANAUS;200145     ;DIESEL;0,00;Sim;;  /  /     ;VN - VEICULOS  NOVOS;Não;Não;Não;Não;0,00;FLOOR PLAN - GM;HOLD BACK (GM), (CUSTO) TOP NA VENDA (NOVOS);0,00;0,00;0,00;200145     ;0,00;195488,14;PEDRAGON MANAUS;0,00;AUTOMÁTICO
PEDRAGON MANAUS;NW S10;NW S10 CD Z71 DD4A PQQ;PQQ;9BG148ZK0VC418028;;116960;;2026/2027;CINZA AMBAR;         179412;189794,31;0,00;327340,00;189794,31;   222495;PEDRAGON MANAUS;5693,83;1;(690) PDB, (693) UE1, (724) PQQ;  /  /     ;2;27/08/2026 00:00;;;PEDRAGON MANAUS;200145     ;DIESEL;0,00;Sim;;  /  /     ;VN - VEICULOS  NOVOS;Não;Não;Não;Não;0,00;FLOOR PLAN - GM;HOLD BACK (GM), (CUSTO) TOP NA VENDA (NOVOS);0,00;0,00;0,00;200145     ;0,00;195488,14;PEDRAGON MANAUS;0,00;AUTOMÁTICO
PEDRAGON MANAUS;NW S10;NW S10 CD Z71 DD4A PQQ;PQQ;9BG148ZK0VC418187;;116961;;2026/2027;BRANCO SUMMIT;         179413;189089,95;0,00;326240,00;189089,95;   222496;PEDRAGON MANAUS;5672,70;1;(691) PDJ, (693) UE1, (724) PQQ;  /  /     ;2;27/08/2026 00:00;;;PEDRAGON MANAUS;200145     ;DIESEL;0,00;Sim;;  /  /     ;VN - VEICULOS  NOVOS;Não;Não;Não;Não;0,00;FLOOR PLAN - GM;HOLD BACK (GM), (CUSTO) TOP NA VENDA (NOVOS);0,00;0,00;0,00;200145     ;0,00;194762,65;PEDRAGON MANAUS;0,00;AUTOMÁTICO
PEDRAGON MANAUS;NW S10;NW S10 CD Z71 DD4A PQQ;PQQ;9BG148ZK0VC418190;;116962;;2026/2027;BRANCO SUMMIT;         179414;189089,95;0,00;326240,00;189089,95;   222497;PEDRAGON MANAUS;5672,70;1;(691) PDJ, (693) UE1, (724) PQQ;  /  /     ;2;27/08/2026 00:00;;;PEDRAGON MANAUS;200145     ;DIESEL;0,00;Sim;;  /  /     ;VN - VEICULOS  NOVOS;Não;Não;Não;Não;0,00;FLOOR PLAN - GM;HOLD BACK (GM), (CUSTO) TOP NA VENDA (NOVOS);0,00;0,00;0,00;200145     ;0,00;194762,65;PEDRAGON MANAUS;0,00;AUTOMÁTICO
PEDRAGON MANAUS;NW S10;NW S10 CD Z71 DD4A PQQ;PQQ;9BG148ZK0VC418220;;116963;;2026/2027;BRANCO DUNAS;         179415;189089,95;0,00;326240,00;189089,95;   222498;PEDRAGON MANAUS;5672,70;1;(691) PDJ, (693) UE1, (724) PQQ;  /  /     ;2;27/08/2026 00:00;;;PEDRAGON MANAUS;200145     ;DIESEL;0,00;Sim;;  /  /     ;VN - VEICULOS  NOVOS;Não;Não;Não;Não;0,00;FLOOR PLAN - GM;HOLD BACK (GM), (CUSTO) TOP NA VENDA (NOVOS);0,00;0,00;0,00;200145     ;0,00;194762,65;PEDRAGON MANAUS;0,00;AUTOMÁTICO
PEDRAGON MANAUS;NW S10;NW S10 CD Z71 DD4A PQQ;PQQ;9BG148ZK0VC418467;;116964;;2026/2027;BRANCO DUNAS;         179416;189089,95;0,00;326240,00;189089,95;   222499;PEDRAGON MANAUS;5672,70;1;(691) PDJ, (693) UE1, (724) PQQ;  /  /     ;2;27/08/2026 00:00;;;PEDRAGON MANAUS;200145     ;DIESEL;0,00;Sim;;  /  /     ;VN - VEICULOS  NOVOS;Não;Não;Não;Não;0,00;FLOOR PLAN - GM;HOLD BACK (GM), (CUSTO) TOP NA VENDA (NOVOS);0,00;0,00;0,00;200145     ;0,00;194762,65;PEDRAGON MANAUS;0,00;AUTOMÁTICO
PEDRAGON MANAUS;NW S10;NW S10 CD Z71 DD4A PQQ;PQQ;9BG148ZK0VC418472;;116965;;2026/2027;BRANCO DUNAS;         179417;189089,95;0,00;326240,00;189089,95;   222500;PEDRAGON MANAUS;5672,70;1;(691) PDJ, (693) UE1, (724) PQQ;  /  /     ;2;27/08/2026 00:00;;;PEDRAGON MANAUS;200145     ;DIESEL;0,00;Sim;;  /  /     ;VN - VEICULOS  NOVOS;Não;Não;Não;Não;0,00;FLOOR PLAN - GM;HOLD BACK (GM), (CUSTO) TOP NA VENDA (NOVOS);0,00;0,00;0,00;200145     ;0,00;194762,65;PEDRAGON MANAUS;0,00;AUTOMÁTICO
PEDRAGON MANAUS;NW S10;NW S10 CD Z71 DD4A PQQ;PQQ;9BG148ZK0VC418475;;116966;;2026/2027;BRANCO DUNAS;         179418;189089,95;0,00;326240,00;189089,95;   222501;PEDRAGON MANAUS;5672,70;1;(691) PDJ, (693) UE1, (724) PQQ;  /  /     ;2;27/08/2026 00:00;;;PEDRAGON MANAUS;200145     ;DIESEL;0,00;Sim;;  /  /     ;VN - VEICULOS  NOVOS;Não;Não;Não;Não;0,00;FLOOR PLAN - GM;HOLD BACK (GM), (CUSTO) TOP NA VENDA (NOVOS);0,00;0,00;0,00;200145     ;0,00;194762,65;PEDRAGON MANAUS;0,00;AUTOMÁTICO
PEDRAGON MANAUS;NW S10;NW S10 CD Z71 DD4A PQQ;PQQ;9BG148ZK0VC417720;;116947;;2026/2027;PRETO OURO NEGRO;         179386;189794,31;0,00;327340,00;189794,31;   222469;PEDRAGON MANAUS;5693,83;1;(690) PDB, (693) UE1, (724) PQQ;  /  /     ;2;27/08/2026 00:00;;;PEDRAGON MANAUS;200145     ;DIESEL;0,00;Sim;;  /  /     ;VN - VEICULOS  NOVOS;Não;Não;Não;Não;0,00;FLOOR PLAN - GM;HOLD BACK (GM), (CUSTO) TOP NA VENDA (NOVOS);0,00;0,00;0,00;200145     ;0,00;195488,14;PEDRAGON MANAUS;0,00;AUTOMÁTICO
PEDRAGON MANAUS;NW S10;NW S10 CD Z71 DD4A PQQ;PQQ;9BG148ZK0VC417721;;116948;;2026/2027;PRETO OURO NEGRO;         179387;189794,31;0,00;327340,00;189794,31;   222470;PEDRAGON MANAUS;5693,83;1;(690) PDB, (693) UE1, (724) PQQ;  /  /     ;2;27/08/2026 00:00;;;PEDRAGON MANAUS;200145     ;DIESEL;0,00;Sim;;  /  /     ;VN - VEICULOS  NOVOS;Não;Não;Não;Não;0,00;FLOOR PLAN - GM;HOLD BACK (GM), (CUSTO) TOP NA VENDA (NOVOS);0,00;0,00;0,00;200145     ;0,00;195488,14;PEDRAGON MANAUS;0,00;AUTOMÁTICO
PEDRAGON MANAUS;NW S10;NW S10 CD Z71 DD4A PQQ;PQQ;9BG148ZK0VC417728;;116949;;2026/2027;PRETO OURO NEGRO;         179388;189794,31;0,00;327340,00;189794,31;   222471;PEDRAGON MANAUS;5693,83;1;(690) PDB, (693) UE1, (724) PQQ;  /  /     ;2;27/08/2026 00:00;;;PEDRAGON MANAUS;200145     ;DIESEL;0,00;Sim;;  /  /     ;VN - VEICULOS  NOVOS;Não;Não;Não;Não;0,00;FLOOR PLAN - GM;HOLD BACK (GM), (CUSTO) TOP NA VENDA (NOVOS);0,00;0,00;0,00;200145     ;0,00;195488,14;PEDRAGON MANAUS;0,00;AUTOMÁTICO
PEDRAGON MANAUS;NW S10;NW S10 CD Z71 DD4A PQQ;PQQ;9BG148ZK0VC417737;;116950;;2026/2027;PRETO OURO NEGRO;         179389;189794,31;0,00;327340,00;189794,31;   222472;PEDRAGON MANAUS;5693,83;1;(690) PDB, (693) UE1, (724) PQQ;  /  /     ;2;27/08/2026 00:00;;;PEDRAGON MANAUS;200145     ;DIESEL;0,00;Sim;;  /  /     ;VN - VEICULOS  NOVOS;Não;Não;Não;Não;0,00;FLOOR PLAN - GM;HOLD BACK (GM), (CUSTO) TOP NA VENDA (NOVOS);0,00;0,00;0,00;200145     ;0,00;195488,14;PEDRAGON MANAUS;0,00;AUTOMÁTICO
PEDRAGON MANAUS;NW S10;NW S10 CD Z71 DD4A PQQ;PQQ;9BG148ZK0VC417753;;116951;;2026/2027;CINZA TOPAZIO;         179390;189794,31;0,00;327340,00;189794,31;   222473;PEDRAGON MANAUS;5693,83;1;(690) PDB, (693) UE1, (724) PQQ;  /  /     ;2;27/08/2026 00:00;;;PEDRAGON MANAUS;200145     ;DIESEL;0,00;Sim;;  /  /     ;VN - VEICULOS  NOVOS;Não;Não;Não;Não;0,00;FLOOR PLAN - GM;HOLD BACK (GM), (CUSTO) TOP NA VENDA (NOVOS);0,00;0,00;0,00;200145     ;0,00;195488,14;PEDRAGON MANAUS;0,00;AUTOMÁTICO
PEDRAGON MANAUS;NW S10;NW S10 CD Z71 DD4A PQQ;PQQ;9BG148ZK0VC417763;;116952;;2026/2027;CINZA TOPAZIO;         179391;189794,31;0,00;327340,00;189794,31;   222474;PEDRAGON MANAUS;5693,83;1;(690) PDB, (693) UE1, (724) PQQ;  /  /     ;2;27/08/2026 00:00;;;PEDRAGON MANAUS;200145     ;DIESEL;0,00;Sim;;  /  /     ;VN - VEICULOS  NOVOS;Não;Não;Não;Não;0,00;FLOOR PLAN - GM;HOLD BACK (GM), (CUSTO) TOP NA VENDA (NOVOS);0,00;0,00;0,00;200145     ;0,00;195488,14;PEDRAGON MANAUS;0,00;AUTOMÁTICO
PEDRAGON MANAUS;NW S10;NW S10 CD Z71 DD4A PQQ;PQQ;9BG148ZK0VC400003;;116941;;2026/2027;BRANCO SUMMIT;         179484;189089,95;0,00;326240,00;189089,95;   222522;PEDRAGON MANAUS;5672,70;1;(691) PDJ, (693) UE1, (724) PQQ;  /  /     ;2;27/08/2026 00:00;;;PEDRAGON MANAUS;200145     ;DIESEL;0,00;Sim;;  /  /     ;VN - VEICULOS  NOVOS;Não;Não;Não;Não;0,00;FLOOR PLAN - GM;HOLD BACK (GM), (CUSTO) TOP NA VENDA (NOVOS);0,00;0,00;0,00;200145     ;0,00;194762,65;PEDRAGON MANAUS;0,00;AUTOMÁTICO
PEDRAGON MANAUS;NW S10;NW S10 CD Z71 DD4A PQQ;PQQ;9BG148ZK0VC421524;;117101;;2026/2027;BRANCO DUNAS;         179571;189089,95;0,00;326240,00;189089,95;   223673;PEDRAGON MANAUS;5672,70;1;(691) PDJ, (693) UE1, (724) PQQ;  /  /     ;1;28/08/2026 00:00;;;PEDRAGON MANAUS;200145     ;DIESEL;0,00;Sim;;  /  /     ;VN - VEICULOS  NOVOS;Não;Não;Não;Não;0,00;CAPLAN GM;HOLD BACK (GM), (CUSTO) TOP NA VENDA (NOVOS);0,00;0,00;0,00;200145     ;0,00;194762,65;PEDRAGON MANAUS;0,00;AUTOMÁTICO
PEDRAGON MANAUS;NW S10;NW S10 CD TRAILBOSS DD4A R7A;R7A;9BG148SK0VC411999;;116853;;2026/2027;BRANCO SUMMIT;         179309;197018,85;0,00;342240,00;197018,85;   222406;PEDRAGON MANAUS;5910,57;1;(691) PDJ, (693) UE1, (742) R7A;  /  /     ;2;27/08/2026 00:00;;;PEDRAGON MANAUS;203287     ;DIESEL;0,00;Sim;;  /  /     ;VN - VEICULOS  NOVOS;Não;Não;Não;Não;0,00;CAPLAN GM;HOLD BACK (GM), (CUSTO) TOP NA VENDA (NOVOS);0,00;0,00;0,00;203287     ;0,00;202929,42;PEDRAGON MANAUS;0,00;AUTOMÁTICO
PEDRAGON MANAUS;NW S10;NW S10 CD TRAILBOSS DD4A R7A;R7A;9BG148SK0VC412000;;116854;;2026/2027;PRETO OURO NEGRO;         179310;197716,03;0,00;343340,00;197716,03;   222407;PEDRAGON MANAUS;5931,48;1;(690) PDB, (693) UE1, (742) R7A;  /  /     ;2;27/08/2026 00:00;;;PEDRAGON MANAUS;203287     ;DIESEL;0,00;Sim;;  /  /     ;VN - VEICULOS  NOVOS;Não;Não;Não;Não;0,00;CAPLAN GM;HOLD BACK (GM), (CUSTO) TOP NA VENDA (NOVOS);0,00;0,00;0,00;203287     ;0,00;203647,51;PEDRAGON MANAUS;0,00;AUTOMÁTICO
PEDRAGON MANAUS;NW S10;NW S10 CD TRAILBOSS DD4A R7A;R7A;9BG148SK0VC412006;;116692;;2026/2027;PRATA SHARK;         179221;197716,03;0,00;343340,00;197716,03;   221347;PEDRAGON MANAUS;5931,48;1;(690) PDB, (693) UE1, (742) R7A;  /  /     ;3;26/08/2026 00:00;;;PEDRAGON MANAUS;203287     ;DIESEL;0,00;Sim;;  /  /     ;VN - VEICULOS  NOVOS;Não;Não;Não;Não;0,00;CAPLAN GM;HOLD BACK (GM), (CUSTO) TOP NA VENDA (NOVOS);0,00;0,00;0,00;203287     ;0,00;203647,51;PEDRAGON MANAUS;0,00;AUTOMÁTICO
PEDRAGON MANAUS;NW S10;NW S10 CD TRAILBOSS DD4A R7A;R7A;9BG148SK0VC420770;;116693;;2026/2027;BRANCO SUMMIT;         179225;197018,85;0,00;342240,00;197018,85;   221348;PEDRAGON MANAUS;5910,57;1;(691) PDJ, (693) UE1, (742) R7A;  /  /     ;3;26/08/2026 00:00;;;PEDRAGON MANAUS;203287     ;DIESEL;0,00;Sim;;  /  /     ;VN - VEICULOS  NOVOS;Não;Não;Não;Não;0,00;CAPLAN GM;HOLD BACK (GM), (CUSTO) TOP NA VENDA (NOVOS);0,00;0,00;0,00;203287     ;0,00;202929,42;PEDRAGON MANAUS;0,00;AUTOMÁTICO
PEDRAGON MANAUS;NW S10;NW S10 CD TRAILBOSS DD4A R7A;R7A;9BG148SK0VC412008;;116066;;2026/2027;BRANCO DUNAS;         178772;197018,85;0,00;342240,00;197018,85;   215553;PEDRAGON MANAUS;5910,57;1;(691) PDJ, (693) UE1, (742) R7A;  /  /     ;10;19/08/2026 00:00;;;PEDRAGON MANAUS;203287     ;DIESEL;0,00;Sim;;  /  /     ;VN - VEICULOS  NOVOS;Não;Não;Não;Não;0,00;CAPLAN GM;HOLD BACK (GM), (CUSTO) TOP NA VENDA (NOVOS);0,00;0,00;0,00;203287     ;0,00;202929,42;PEDRAGON MANAUS;0,00;AUTOMÁTICO
PEDRAGON MANAUS;NW S10;NW S10 CD TRAILBOSS DD4A R7A;R7A;9BG148SK0VC412002;;116270;;2026/2027;VERMELHO SCARLET;         178992;196416,78;0,00;341290,00;196416,78;   217769;PEDRAGON MANAUS;5892,50;1;(693) UE1, (742) R7A;  /  /     ;8;21/08/2026 00:00;;;PEDRAGON MANAUS;203287     ;DIESEL;0,00;Sim;;  /  /     ;VN - VEICULOS  NOVOS;Não;Não;Não;Não;0,00;FLOOR PLAN - GM;HOLD BACK (GM), (CUSTO) TOP NA VENDA (NOVOS);0,00;0,00;0,00;203287     ;0,00;202309,28;PEDRAGON MANAUS;0,00;AUTOMÁTICO
PEDRAGON MANAUS;NW S10;NW S10 CD TRAILBOSS DD4A R7A;R7A;9BG148SK0VC412051;;113949;;2026/2027;CINZA AMBAR;         177195;197716,03;0,00;343340,00;197716,03;   197297;PEDRAGON MANAUS;5931,48;1;(690) PDB, (693) UE1, (742) R7A;  /  /     ;32;28/07/2026 00:00;;jaciara;PEDRAGON MANAUS;203287     ;DIESEL;0,00;Sim;;  /  /     ;VN - VEICULOS  NOVOS;Não;Não;Não;Não;0,00;CAPLAN GM;HOLD BACK (GM), (CUSTO) TOP NA VENDA (NOVOS);0,00;0,00;0,00;203287     ;0,00;203647,51;PEDRAGON MANAUS;0,00;AUTOMÁTICO
PEDRAGON MANAUS;NW S10;NW S10 CD LTZ DD4A R6V;R6V;9BG148MK0VC405612;;113804;;2026/2027;BRANCO DUNAS;         177042;196785,86;0,00;334640,00;196785,86;   195956;PEDRAGON MANAUS;5903,58;1;(691) PDJ, (693) UE1, (722) R6V;  /  /     ;33;27/07/2026 00:00;;;PEDRAGON MANAUS;220529     ;DIESEL;0,00;Sim;;  /  /     ;VN - VEICULOS  NOVOS;Não;Não;Não;Não;0,00;FLOOR PLAN - GM;HOLD BACK (GM), (CUSTO) TOP NA VENDA (NOVOS);0,00;0,00;0,00;220529     ;0,00;202689,44;PEDRAGON MANAUS;0,00;AUTOMÁTICO
PEDRAGON MANAUS;NW S10;NW S10 CD LTZ DD4A R6V;R6V;9BG148MK0VC405675;;113805;;2026/2027;BRANCO DUNAS;         177043;196785,86;0,00;334640,00;196785,86;   195957;PEDRAGON MANAUS;5903,58;1;(691) PDJ, (693) UE1, (722) R6V;  /  /     ;33;27/07/2026 00:00;;;PEDRAGON MANAUS;220529     ;DIESEL;0,00;Sim;;  /  /     ;VN - VEICULOS  NOVOS;Não;Não;Não;Não;0,00;FLOOR PLAN - GM;HOLD BACK (GM), (CUSTO) TOP NA VENDA (NOVOS);0,00;0,00;0,00;220529     ;0,00;202689,44;PEDRAGON MANAUS;0,00;AUTOMÁTICO
PEDRAGON MANAUS;NW S10;NW S10 CD LTZ DD4A R6V;R6V;9BG148MK0VC407829;;113806;;2026/2027;BRANCO DUNAS;         177044;196785,86;0,00;334640,00;196785,86;   195958;PEDRAGON MANAUS;5903,58;1;(691) PDJ, (693) UE1, (722) R6V;  /  /     ;33;27/07/2026 00:00;;;PEDRAGON MANAUS;220529     ;DIESEL;0,00;Sim;;  /  /     ;VN - VEICULOS  NOVOS;Não;Não;Não;Não;0,00;FLOOR PLAN - GM;HOLD BACK (GM), (CUSTO) TOP NA VENDA (NOVOS);0,00;0,00;0,00;220529     ;0,00;202689,44;PEDRAGON MANAUS;0,00;AUTOMÁTICO
PEDRAGON MANAUS;NW S10;NW S10 CD LTZ DD4A R6V;R6V;9BG148MK0VC408758;;113807;;2026/2027;BRANCO SUMMIT;         177045;196785,86;0,00;334640,00;196785,86;   195959;PEDRAGON MANAUS;5903,58;1;(691) PDJ, (693) UE1, (722) R6V;  /  /     ;33;27/07/2026 00:00;;;PEDRAGON MANAUS;220529     ;DIESEL;0,00;Sim;;  /  /     ;VN - VEICULOS  NOVOS;Não;Não;Não;Não;0,00;FLOOR PLAN - GM;HOLD BACK (GM), (CUSTO) TOP NA VENDA (NOVOS);0,00;0,00;0,00;220529     ;0,00;202689,44;PEDRAGON MANAUS;0,00;AUTOMÁTICO
PEDRAGON MANAUS;NW S10;NW S10 CD LTZ DD4A R6V;R6V;9BG148MK0VC408869;;113808;;2026/2027;BRANCO DUNAS;         177046;196785,86;0,00;334640,00;196785,86;   195960;PEDRAGON MANAUS;5903,58;1;(691) PDJ, (693) UE1, (722) R6V;  /  /     ;33;27/07/2026 00:00;;;PEDRAGON MANAUS;220529     ;DIESEL;0,00;Sim;;  /  /     ;VN - VEICULOS  NOVOS;Não;Não;Não;Não;0,00;FLOOR PLAN - GM;HOLD BACK (GM), (CUSTO) TOP NA VENDA (NOVOS);0,00;0,00;0,00;220529     ;0,00;202689,44;PEDRAGON MANAUS;0,00;AUTOMÁTICO
PEDRAGON MANAUS;NW S10;NW S10 CD LTZ DD4A R6V;R6V;9BG148MK0VC404376;;113802;;2026/2027;BRANCO SUMMIT;         177037;196785,86;0,00;334640,00;196785,86;   195954;PEDRAGON MANAUS;5903,58;1;(691) PDJ, (693) UE1, (722) R6V;  /  /     ;33;27/07/2026 00:00;;;PEDRAGON MANAUS;220529     ;DIESEL;0,00;Sim;;  /  /     ;VN - VEICULOS  NOVOS;Não;Não;Não;Não;0,00;FLOOR PLAN - GM;HOLD BACK (GM), (CUSTO) TOP NA VENDA (NOVOS);0,00;0,00;0,00;220529     ;0,00;202689,44;PEDRAGON MANAUS;0,00;AUTOMÁTICO
PEDRAGON MANAUS;NW S10;NW S10 CD LTZ DD4A R6V;R6V;9BG148MK0VC411217;;113811;;2026/2027;PRATA SHARK;         177049;197498,29;0,00;335740,00;197498,29;   195963;PEDRAGON MANAUS;5924,95;1;(690) PDB, (693) UE1, (722) R6V;  /  /     ;33;27/07/2026 00:00;;paulo;PEDRAGON MANAUS;220529     ;DIESEL;0,00;Sim;;  /  /     ;VN - VEICULOS  NOVOS;Não;Não;Não;Não;0,00;FLOOR PLAN - GM;HOLD BACK (GM), (CUSTO) TOP NA VENDA (NOVOS);0,00;0,00;0,00;220529     ;0,00;203423,24;PEDRAGON MANAUS;0,00;AUTOMÁTICO
PEDRAGON MANAUS;NW S10;NW S10 CD LTZ DD4A R6V;R6V;9BG148MK0VC411324;;113812;;2026/2027;PRATA SHARK;         177050;197498,29;0,00;335740,00;197498,29;   195964;PEDRAGON MANAUS;5924,95;1;(690) PDB, (693) UE1, (722) R6V;  /  /     ;33;27/07/2026 00:00;;emerson;PEDRAGON MANAUS;220529     ;DIESEL;0,00;Sim;;  /  /     ;VN - VEICULOS  NOVOS;Não;Não;Não;Não;0,00;FLOOR PLAN - GM;HOLD BACK (GM), (CUSTO) TOP NA VENDA (NOVOS);0,00;0,00;0,00;220529     ;0,00;203423,24;PEDRAGON MANAUS;0,00;AUTOMÁTICO
PEDRAGON MANAUS;NW S10;NW S10 CD LTZ DD4A R6V;R6V;9BG148MK0VC411366;;113813;;2026/2027;PRATA SHARK;         177051;197498,29;0,00;335740,00;197498,29;   195965;PEDRAGON MANAUS;5924,95;1;(690) PDB, (693) UE1, (722) R6V;  /  /     ;33;27/07/2026 00:00;;;PEDRAGON MANAUS;220529     ;DIESEL;0,00;Sim;;  /  /     ;VN - VEICULOS  NOVOS;Não;Não;Não;Não;0,00;FLOOR PLAN - GM;HOLD BACK (GM), (CUSTO) TOP NA VENDA (NOVOS);0,00;0,00;0,00;220529     ;0,00;203423,24;PEDRAGON MANAUS;0,00;AUTOMÁTICO
PEDRAGON MANAUS;NW S10;NW S10 CD LTZ DD4A R6V;R6V;9BG148MK0VC409004;;110815;;2026/2027;VERMELHO SCARLET;         174229;196171,23;0,00;333690,00;196171,23;   166874;PEDRAGON MANAUS;5885,14;1;(693) UE1, (722) R6V;  /  /     ;72;18/06/2026 00:00;;;PEDRAGON MANAUS;220529     ;DIESEL;0,00;Sim;;  /  /     ;VN - VEICULOS  NOVOS;Não;Não;Não;Não;0,00;FLOOR PLAN - GM;HOLD BACK (GM), (CUSTO) TOP NA VENDA (NOVOS);0,00;0,00;0,00;220529     ;0,00;202056,37;PEDRAGON MANAUS;0,00;AUTOMÁTICO
PEDRAGON MANAUS;NW S10;NW S10 CD LTZ DD4A R6V;R6V;9BG148MK0VC409011;;111519;;2026/2027;VERMELHO SCARLET;         174718;196171,23;0,00;333690,00;196171,23;   171509;PEDRAGON MANAUS;5885,14;1;(693) UE1, (722) R6V;  /  /     ;65;25/06/2026 00:00;;;PEDRAGON MANAUS;220529     ;DIESEL;0,00;Sim;;  /  /     ;VN - VEICULOS  NOVOS;Não;Não;Não;Não;0,00;CAPLAN GM;HOLD BACK (GM), (CUSTO) TOP NA VENDA (NOVOS);0,00;0,00;0,00;220529     ;0,00;202056,37;PEDRAGON MANAUS;0,00;AUTOMÁTICO
PEDRAGON MANAUS;NW S10;NW S10 CD LTZ DD4A R6V;R6V;9BG148MK0VC408873;;111397;;2026/2027;BRANCO DUNAS;         174638;196785,86;0,00;334640,00;196785,86;   170543;PEDRAGON MANAUS;5903,58;1;(691) PDJ, (693) UE1, (722) R6V;  /  /     ;66;24/06/2026 00:00;;;PEDRAGON MANAUS;220529     ;DIESEL;0,00;Sim;;  /  /     ;VN - VEICULOS  NOVOS;Não;Não;Não;Não;0,00;FLOOR PLAN - GM;HOLD BACK (GM), (CUSTO) TOP NA VENDA (NOVOS);0,00;0,00;0,00;220529     ;0,00;202689,44;PEDRAGON MANAUS;0,00;AUTOMÁTICO
PEDRAGON MANAUS;NW S10;NW S10 CD LTZ DD4A R6V;R6V;9BG148MK0VC408877;;111398;;2026/2027;BRANCO DUNAS;         174639;196785,86;0,00;334640,00;196785,86;   170544;PEDRAGON MANAUS;5903,58;1;(691) PDJ, (693) UE1, (722) R6V;  /  /     ;66;24/06/2026 00:00;;;PEDRAGON MANAUS;220529     ;DIESEL;0,00;Sim;;  /  /     ;VN - VEICULOS  NOVOS;Não;Não;Não;Não;0,00;FLOOR PLAN - GM;HOLD BACK (GM), (CUSTO) TOP NA VENDA (NOVOS);0,00;0,00;0,00;220529     ;0,00;202689,44;PEDRAGON MANAUS;0,00;AUTOMÁTICO
PEDRAGON MANAUS;NW S10;NW S10 CD LTZ DD4A R6V;R6V;9BG148MK0VC408985;;111399;;2026/2027;BRANCO DUNAS;         174642;196785,86;0,00;334640,00;196785,86;   170546;PEDRAGON MANAUS;5903,58;1;(691) PDJ, (693) UE1, (722) R6V;  /  /     ;66;24/06/2026 00:00;;;PEDRAGON MANAUS;220529     ;DIESEL;0,00;Sim;;  /  /     ;VN - VEICULOS  NOVOS;Não;Não;Não;Não;0,00;FLOOR PLAN - GM;HOLD BACK (GM), (CUSTO) TOP NA VENDA (NOVOS);0,00;0,00;0,00;220529     ;0,00;202689,44;PEDRAGON MANAUS;0,00;AUTOMÁTICO
PEDRAGON MANAUS;NW S10;NW S10 CD LTZ DD4A R6V;R6V;9BG148MK0VC408875;;110931;;2026/2027;BRANCO DUNAS;         174303;196785,86;0,00;334640,00;196785,86;   167767;PEDRAGON MANAUS;5903,58;1;(691) PDJ, (693) UE1, (722) R6V;  /  /     ;71;19/06/2026 00:00;;paulo;PEDRAGON MANAUS;220529     ;DIESEL;0,00;Sim;;  /  /     ;VN - VEICULOS  NOVOS;Não;Não;Não;Não;0,00;CAPLAN GM;HOLD BACK (GM), (CUSTO) TOP NA VENDA (NOVOS);0,00;0,00;0,00;220529     ;0,00;202689,44;PEDRAGON MANAUS;0,00;AUTOMÁTICO
PEDRAGON MANAUS;NW S10;NW S10 CD LTZ DD4A R6V;R6V;9BG148MK0VC409009;;110933;;2026/2027;VERMELHO SCARLET;         174340;196171,23;0,00;333690,00;196171,23;   167775;PEDRAGON MANAUS;5885,14;1;(693) UE1, (722) R6V;  /  /     ;71;19/06/2026 00:00;;;PEDRAGON MANAUS;220529     ;DIESEL;0,00;Sim;;  /  /     ;VN - VEICULOS  NOVOS;Não;Não;Não;Não;0,00;FLOOR PLAN - GM;HOLD BACK (GM), (CUSTO) TOP NA VENDA (NOVOS);0,00;0,00;0,00;220529     ;0,00;202056,37;PEDRAGON MANAUS;0,00;AUTOMÁTICO
PEDRAGON MANAUS;NW S10;NW S10 CD LTZ DD4A R6V;R6V;9BG148MK0VC409029;;110934;;2026/2027;BRANCO DUNAS;         174341;196785,86;0,00;334640,00;196785,86;   167776;PEDRAGON MANAUS;5903,58;1;(691) PDJ, (693) UE1, (722) R6V;  /  /     ;71;19/06/2026 00:00;Pedido;;PEDRAGON MANAUS;220529     ;DIESEL;0,00;Sim;;  /  /     ;VN - VEICULOS  NOVOS;Sim;Sim;Não;Não;0,00;FLOOR PLAN - GM;HOLD BACK (GM), (CUSTO) TOP NA VENDA (NOVOS);0,00;0,00;0,00;220529     ;0,00;202689,44;PEDRAGON MANAUS;0,00;AUTOMÁTICO
PEDRAGON MANAUS;NW S10;NW S10 CD LTZ DD4A R6V;R6V;9BG148MK0VC402276;;110640;;2026/2027;BRANCO SUMMIT;         174054;196785,86;0,00;334640,00;196785,86;   165609;PEDRAGON MANAUS;5903,58;1;(691) PDJ, (693) UE1, (722) R6V;  /  /     ;73;17/06/2026 00:00;Proposta;ERICK;fabiola;220529     ;DIESEL;0,00;Sim;;  /  /     ;VN - VEICULOS  NOVOS;Sim;Não;Não;Não;0,00;FLOOR PLAN - GM;HOLD BACK (GM), (CUSTO) TOP NA VENDA (NOVOS);0,00;0,00;0,00;220529     ;0,00;202689,44;PEDRAGON MANAUS;0,00;AUTOMÁTICO
PEDRAGON MANAUS;NW S10;NW S10 CD LTZ DD4A R6V;R6V;9BG148MK0VC405025;;110641;;2026/2027;BRANCO SUMMIT;         174055;196785,86;0,00;334640,00;196785,86;   165610;PEDRAGON MANAUS;5903,58;1;(691) PDJ, (693) UE1, (722) R6V;  /  /     ;73;17/06/2026 00:00;;marciele;emerson;220529     ;DIESEL;0,00;Sim;;  /  /     ;VN - VEICULOS  NOVOS;Não;Não;Não;Não;0,00;FLOOR PLAN - GM;HOLD BACK (GM), (CUSTO) TOP NA VENDA (NOVOS);0,00;0,00;0,00;220529     ;0,00;202689,44;PEDRAGON MANAUS;0,00;AUTOMÁTICO
PEDRAGON MANAUS;NW S10;NW S10 CD LTZ DD4A R6V;R6V;9BG148MK0VC407072;;110452;;2026/2027;PRETO OURO NEGRO;         173867;197498,29;0,00;335740,00;197498,29;   164129;PEDRAGON MANAUS;5924,95;1;(690) PDB, (693) UE1, (722) R6V;  /  /     ;75;15/06/2026 00:00;Pedido;paulo;VITOR;220529     ;DIESEL;0,00;Sim;;  /  /     ;VN - VEICULOS  NOVOS;Sim;Sim;Não;Não;0,00;FLOOR PLAN - GM;HOLD BACK (GM), (CUSTO) TOP NA VENDA (NOVOS);0,00;0,00;0,00;220529     ;0,00;203423,24;PEDRAGON MANAUS;0,00;AUTOMÁTICO
PEDRAGON MANAUS;NW S10;NW S10 CD LTZ DD4A R6V;R6V;9BG148MK0VC409006;;110459;;2026/2027;VERMELHO SCARLET;         173875;196171,23;0,00;333690,00;196171,23;   164137;PEDRAGON MANAUS;5885,14;1;(693) UE1, (722) R6V;  /  /     ;75;15/06/2026 00:00;;;PEDRAGON MANAUS;220529     ;DIESEL;0,00;Sim;;  /  /     ;VN - VEICULOS  NOVOS;Não;Não;Não;Não;0,00;FLOOR PLAN - GM;HOLD BACK (GM), (CUSTO) TOP NA VENDA (NOVOS);0,00;0,00;0,00;220529     ;0,00;202056,37;PEDRAGON MANAUS;0,00;AUTOMÁTICO
PEDRAGON MANAUS;NW S10;NW S10 CD LTZ DD4A R6V;R6V;9BG148MK0VC401550;        ;109525;;2026/2027;VERMELHO SCARLET;         172886;196171,23;0,00;333690,00;196171,23;   153816;PEDRAGON MANAUS;5885,14;1;(693) UE1, (722) R6V;  /  /     ;89;01/06/2026 00:00;;;PEDRAGON MANAUS;220529;DIESEL;0,00;Sim;;  /  /     ;VN - VEICULOS  NOVOS;Não;Não;Não;Não;0,00;CAPLAN GM;HOLD BACK (GM), (CUSTO) TOP NA VENDA (NOVOS);0,00;0,00;0,00;220529;0,00;202056,37;PEDRAGON MANAUS;0,00;AUTOMÁTICO
PEDRAGON MANAUS;NW S10;NW S10 CD LTZ DD4A R6V;R6V;9BG148MK0VC405774;;110002;;2026/2027;BRANCO DUNAS;         173294;196785,86;0,00;334640,00;196785,86;   159186;PEDRAGON MANAUS;5903,58;1;(691) PDJ, (693) UE1, (722) R6V;  /  /     ;81;09/06/2026 00:00;Pedido;VICTOR ;PEDRAGON MANAUS;220529     ;DIESEL;0,00;Sim;;  /  /     ;VN - VEICULOS  NOVOS;Sim;Sim;Não;Não;0,00;CAPLAN GM;HOLD BACK (GM), (CUSTO) TOP NA VENDA (NOVOS);0,00;0,00;0,00;220529     ;0,00;202689,44;PEDRAGON MANAUS;0,00;AUTOMÁTICO
PEDRAGON MANAUS;NW S10;NW S10 CD LTZ DD4A R6V;R6V;9BG148MK0VC404509;;110237;;2026/2027;VERMELHO SCARLET;         173769;196171,23;0,00;333690,00;196171,23;   162311;PEDRAGON MANAUS;5885,14;1;(693) UE1, (722) R6V;  /  /     ;78;12/06/2026 00:00;;;PEDRAGON MANAUS;220529     ;DIESEL;0,00;Sim;;  /  /     ;VN - VEICULOS  NOVOS;Não;Não;Não;Não;0,00;CAPLAN GM;HOLD BACK (GM), (CUSTO) TOP NA VENDA (NOVOS);0,00;0,00;0,00;220529     ;0,00;202056,37;PEDRAGON MANAUS;0,00;AUTOMÁTICO
PEDRAGON MANAUS;NW S10;NW S10 CD LTZ DD4A R6V;R6V;9BG148MK0VC404533;;110238;;2026/2027;VERMELHO SCARLET;         173770;196171,23;0,00;333690,00;196171,23;   162312;PEDRAGON MANAUS;5885,14;1;(693) UE1, (722) R6V;  /  /     ;78;12/06/2026 00:00;;;PEDRAGON MANAUS;220529     ;DIESEL;0,00;Sim;;  /  /     ;VN - VEICULOS  NOVOS;Não;Não;Não;Não;0,00;CAPLAN GM;HOLD BACK (GM), (CUSTO) TOP NA VENDA (NOVOS);0,00;0,00;0,00;220529     ;0,00;202056,37;PEDRAGON MANAUS;0,00;AUTOMÁTICO
PEDRAGON MANAUS;NW S10;NW S10 CD LTZ DD4A R6V;R6V;9BG148MK0VC420735;;116939;;2026/2027;CINZA AMBAR;         179435;197498,29;0,00;335740,00;197498,29;   222518;PEDRAGON MANAUS;5924,95;1;(690) PDB, (693) UE1, (722) R6V;  /  /     ;2;27/08/2026 00:00;;;PEDRAGON MANAUS;220529     ;DIESEL;0,00;Sim;;  /  /     ;VN - VEICULOS  NOVOS;Não;Não;Não;Não;0,00;FLOOR PLAN - GM;HOLD BACK (GM), (CUSTO) TOP NA VENDA (NOVOS);0,00;0,00;0,00;220529     ;0,00;203423,24;PEDRAGON MANAUS;0,00;AUTOMÁTICO
PEDRAGON MANAUS;NW S10;NW S10 CD LTZ DD4A R6V;R6V;9BG148MK0VC420736;;116940;;2026/2027;CINZA AMBAR;         179436;197498,29;0,00;335740,00;197498,29;   222519;PEDRAGON MANAUS;5924,95;1;(690) PDB, (693) UE1, (722) R6V;  /  /     ;2;27/08/2026 00:00;;;PEDRAGON MANAUS;220529     ;DIESEL;0,00;Sim;;  /  /     ;VN - VEICULOS  NOVOS;Não;Não;Não;Não;0,00;FLOOR PLAN - GM;HOLD BACK (GM), (CUSTO) TOP NA VENDA (NOVOS);0,00;0,00;0,00;220529     ;0,00;203423,24;PEDRAGON MANAUS;0,00;AUTOMÁTICO
PEDRAGON MANAUS;NW S10;NW S10 CD LTZ DD4A R6V;R6V;9BG148MK0VC416429;;116911;;2026/2027;PRETO OURO NEGRO;         179338;197498,29;0,00;335740,00;197498,29;   222421;PEDRAGON MANAUS;5924,95;1;(690) PDB, (693) UE1, (722) R6V;  /  /     ;2;27/08/2026 00:00;;;PEDRAGON MANAUS;220529     ;DIESEL;0,00;Sim;;  /  /     ;VN - VEICULOS  NOVOS;Não;Não;Não;Não;0,00;FLOOR PLAN - GM;HOLD BACK (GM), (CUSTO) TOP NA VENDA (NOVOS);0,00;0,00;0,00;220529     ;0,00;203423,24;PEDRAGON MANAUS;0,00;AUTOMÁTICO
PEDRAGON MANAUS;NW S10;NW S10 CD LTZ DD4A R6V;R6V;9BG148MK0VC416430;;116912;;2026/2027;PRETO OURO NEGRO;         179339;197498,29;0,00;335740,00;197498,29;   222422;PEDRAGON MANAUS;5924,95;1;(690) PDB, (693) UE1, (722) R6V;  /  /     ;2;27/08/2026 00:00;;;PEDRAGON MANAUS;220529     ;DIESEL;0,00;Sim;;  /  /     ;VN - VEICULOS  NOVOS;Não;Não;Não;Não;0,00;FLOOR PLAN - GM;HOLD BACK (GM), (CUSTO) TOP NA VENDA (NOVOS);0,00;0,00;0,00;220529     ;0,00;203423,24;PEDRAGON MANAUS;0,00;AUTOMÁTICO
PEDRAGON MANAUS;NW S10;NW S10 CD LTZ DD4A R6V;R6V;9BG148MK0VC416188;;116909;;2026/2027;CINZA TOPAZIO;         179333;197498,29;0,00;335740,00;197498,29;   222416;PEDRAGON MANAUS;5924,95;1;(690) PDB, (693) UE1, (722) R6V;  /  /     ;2;27/08/2026 00:00;;;PEDRAGON MANAUS;220529     ;DIESEL;0,00;Sim;;  /  /     ;VN - VEICULOS  NOVOS;Não;Não;Não;Não;0,00;FLOOR PLAN - GM;HOLD BACK (GM), (CUSTO) TOP NA VENDA (NOVOS);0,00;0,00;0,00;220529     ;0,00;203423,24;PEDRAGON MANAUS;0,00;AUTOMÁTICO
PEDRAGON MANAUS;NW S10;NW S10 CD LTZ DD4A R6V;R6V;9BG148MK0VC416191;;116910;;2026/2027;CINZA TOPAZIO;         179334;197498,29;0,00;335740,00;197498,29;   222417;PEDRAGON MANAUS;5924,95;1;(690) PDB, (693) UE1, (722) R6V;  /  /     ;2;27/08/2026 00:00;;;PEDRAGON MANAUS;220529     ;DIESEL;0,00;Sim;;  /  /     ;VN - VEICULOS  NOVOS;Não;Não;Não;Não;0,00;FLOOR PLAN - GM;HOLD BACK (GM), (CUSTO) TOP NA VENDA (NOVOS);0,00;0,00;0,00;220529     ;0,00;203423,24;PEDRAGON MANAUS;0,00;AUTOMÁTICO
PEDRAGON MANAUS;NW S10;NW S10 CD LTZ DD4A R6V;R6V;9BG148MK0VC416436;;116913;;2026/2027;CINZA TOPAZIO;         179341;197498,29;0,00;335740,00;197498,29;   222424;PEDRAGON MANAUS;5924,95;1;(690) PDB, (693) UE1, (722) R6V;  /  /     ;2;27/08/2026 00:00;;;PEDRAGON MANAUS;220529     ;DIESEL;0,00;Sim;;  /  /     ;VN - VEICULOS  NOVOS;Não;Não;Não;Não;0,00;FLOOR PLAN - GM;HOLD BACK (GM), (CUSTO) TOP NA VENDA (NOVOS);0,00;0,00;0,00;220529     ;0,00;203423,24;PEDRAGON MANAUS;0,00;AUTOMÁTICO
PEDRAGON MANAUS;NW S10;NW S10 CD LTZ DD4A R6V;R6V;9BG148MK0VC416437;;116914;;2026/2027;CINZA TOPAZIO;         179342;197498,29;0,00;335740,00;197498,29;   222425;PEDRAGON MANAUS;5924,95;1;(690) PDB, (693) UE1, (722) R6V;  /  /     ;2;27/08/2026 00:00;;;PEDRAGON MANAUS;220529     ;DIESEL;0,00;Sim;;  /  /     ;VN - VEICULOS  NOVOS;Não;Não;Não;Não;0,00;FLOOR PLAN - GM;HOLD BACK (GM), (CUSTO) TOP NA VENDA (NOVOS);0,00;0,00;0,00;220529     ;0,00;203423,24;PEDRAGON MANAUS;0,00;AUTOMÁTICO
PEDRAGON MANAUS;NW S10;NW S10 CD LTZ DD4A R6V;R6V;9BG148MK0VC416470;;116915;;2026/2027;BRANCO SUMMIT;         179343;196785,86;0,00;334640,00;196785,86;   222426;PEDRAGON MANAUS;5903,58;1;(691) PDJ, (693) UE1, (722) R6V;  /  /     ;2;27/08/2026 00:00;;;PEDRAGON MANAUS;220529     ;DIESEL;0,00;Sim;;  /  /     ;VN - VEICULOS  NOVOS;Não;Não;Não;Não;0,00;FLOOR PLAN - GM;HOLD BACK (GM), (CUSTO) TOP NA VENDA (NOVOS);0,00;0,00;0,00;220529     ;0,00;202689,44;PEDRAGON MANAUS;0,00;AUTOMÁTICO
PEDRAGON MANAUS;NW S10;NW S10 CD LTZ DD4A R6V;R6V;9BG148MK0VC416472;;116916;;2026/2027;BRANCO SUMMIT;         179344;196785,86;0,00;334640,00;196785,86;   222427;PEDRAGON MANAUS;5903,58;1;(691) PDJ, (693) UE1, (722) R6V;  /  /     ;2;27/08/2026 00:00;;;PEDRAGON MANAUS;220529     ;DIESEL;0,00;Sim;;  /  /     ;VN - VEICULOS  NOVOS;Não;Não;Não;Não;0,00;FLOOR PLAN - GM;HOLD BACK (GM), (CUSTO) TOP NA VENDA (NOVOS);0,00;0,00;0,00;220529     ;0,00;202689,44;PEDRAGON MANAUS;0,00;AUTOMÁTICO
PEDRAGON MANAUS;NW S10;NW S10 CD LTZ DD4A R6V;R6V;9BG148MK0VC416474;;116917;;2026/2027;PRETO OURO NEGRO;         179345;197498,29;0,00;335740,00;197498,29;   222428;PEDRAGON MANAUS;5924,95;1;(690) PDB, (693) UE1, (722) R6V;  /  /     ;2;27/08/2026 00:00;;;PEDRAGON MANAUS;220529     ;DIESEL;0,00;Sim;;  /  /     ;VN - VEICULOS  NOVOS;Não;Não;Não;Não;0,00;FLOOR PLAN - GM;HOLD BACK (GM), (CUSTO) TOP NA VENDA (NOVOS);0,00;0,00;0,00;220529     ;0,00;203423,24;PEDRAGON MANAUS;0,00;AUTOMÁTICO
PEDRAGON MANAUS;NW S10;NW S10 CD LTZ DD4A R6V;R6V;9BG148MK0VC416476;;116918;;2026/2027;PRETO OURO NEGRO;         179346;197498,29;0,00;335740,00;197498,29;   222429;PEDRAGON MANAUS;5924,95;1;(690) PDB, (693) UE1, (722) R6V;  /  /     ;2;27/08/2026 00:00;;;PEDRAGON MANAUS;220529     ;DIESEL;0,00;Sim;;  /  /     ;VN - VEICULOS  NOVOS;Não;Não;Não;Não;0,00;FLOOR PLAN - GM;HOLD BACK (GM), (CUSTO) TOP NA VENDA (NOVOS);0,00;0,00;0,00;220529     ;0,00;203423,24;PEDRAGON MANAUS;0,00;AUTOMÁTICO
PEDRAGON MANAUS;NW S10;NW S10 CD LTZ DD4A R6V;R6V;9BG148MK0VC416478;;116919;;2026/2027;PRETO OURO NEGRO;         179347;197498,29;0,00;335740,00;197498,29;   222430;PEDRAGON MANAUS;5924,95;1;(690) PDB, (693) UE1, (722) R6V;  /  /     ;2;27/08/2026 00:00;;;PEDRAGON MANAUS;220529     ;DIESEL;0,00;Sim;;  /  /     ;VN - VEICULOS  NOVOS;Não;Não;Não;Não;0,00;FLOOR PLAN - GM;HOLD BACK (GM), (CUSTO) TOP NA VENDA (NOVOS);0,00;0,00;0,00;220529     ;0,00;203423,24;PEDRAGON MANAUS;0,00;AUTOMÁTICO
PEDRAGON MANAUS;NW S10;NW S10 CD LTZ DD4A R6V;R6V;9BG148MK0VC416480;;116920;;2026/2027;PRETO OURO NEGRO;         179348;197498,29;0,00;335740,00;197498,29;   222431;PEDRAGON MANAUS;5924,95;1;(690) PDB, (693) UE1, (722) R6V;  /  /     ;2;27/08/2026 00:00;;;PEDRAGON MANAUS;220529     ;DIESEL;0,00;Sim;;  /  /     ;VN - VEICULOS  NOVOS;Não;Não;Não;Não;0,00;FLOOR PLAN - GM;HOLD BACK (GM), (CUSTO) TOP NA VENDA (NOVOS);0,00;0,00;0,00;220529     ;0,00;203423,24;PEDRAGON MANAUS;0,00;AUTOMÁTICO
PEDRAGON MANAUS;NW S10;NW S10 CD LTZ DD4A R6V;R6V;9BG148MK0VC416482;;116921;;2026/2027;PRETO OURO NEGRO;         179349;197498,29;0,00;335740,00;197498,29;   222432;PEDRAGON MANAUS;5924,95;1;(690) PDB, (693) UE1, (722) R6V;  /  /     ;2;27/08/2026 00:00;;;PEDRAGON MANAUS;220529     ;DIESEL;0,00;Sim;;  /  /     ;VN - VEICULOS  NOVOS;Não;Não;Não;Não;0,00;FLOOR PLAN - GM;HOLD BACK (GM), (CUSTO) TOP NA VENDA (NOVOS);0,00;0,00;0,00;220529     ;0,00;203423,24;PEDRAGON MANAUS;0,00;AUTOMÁTICO
PEDRAGON MANAUS;NW S10;NW S10 CD LTZ DD4A R6V;R6V;9BG148MK0VC416489;;116922;;2026/2027;CINZA TOPAZIO;         179350;197498,29;0,00;335740,00;197498,29;   222433;PEDRAGON MANAUS;5924,95;1;(690) PDB, (693) UE1, (722) R6V;  /  /     ;2;27/08/2026 00:00;;;PEDRAGON MANAUS;220529     ;DIESEL;0,00;Sim;;  /  /     ;VN - VEICULOS  NOVOS;Não;Não;Não;Não;0,00;FLOOR PLAN - GM;HOLD BACK (GM), (CUSTO) TOP NA VENDA (NOVOS);0,00;0,00;0,00;220529     ;0,00;203423,24;PEDRAGON MANAUS;0,00;AUTOMÁTICO
PEDRAGON MANAUS;NW S10;NW S10 CD LTZ DD4A R6V;R6V;9BG148MK0VC416491;;116923;;2026/2027;CINZA TOPAZIO;         179351;197498,29;0,00;335740,00;197498,29;   222434;PEDRAGON MANAUS;5924,95;1;(690) PDB, (693) UE1, (722) R6V;  /  /     ;2;27/08/2026 00:00;;;PEDRAGON MANAUS;220529     ;DIESEL;0,00;Sim;;  /  /     ;VN - VEICULOS  NOVOS;Não;Não;Não;Não;0,00;FLOOR PLAN - GM;HOLD BACK (GM), (CUSTO) TOP NA VENDA (NOVOS);0,00;0,00;0,00;220529     ;0,00;203423,24;PEDRAGON MANAUS;0,00;AUTOMÁTICO
PEDRAGON MANAUS;NW S10;NW S10 CD LTZ DD4A R6V;R6V;9BG148MK0VC416493;;116924;;2026/2027;CINZA TOPAZIO;         179352;197498,29;0,00;335740,00;197498,29;   222435;PEDRAGON MANAUS;5924,95;1;(690) PDB, (693) UE1, (722) R6V;  /  /     ;2;27/08/2026 00:00;;;PEDRAGON MANAUS;220529     ;DIESEL;0,00;Sim;;  /  /     ;VN - VEICULOS  NOVOS;Não;Não;Não;Não;0,00;FLOOR PLAN - GM;HOLD BACK (GM), (CUSTO) TOP NA VENDA (NOVOS);0,00;0,00;0,00;220529     ;0,00;203423,24;PEDRAGON MANAUS;0,00;AUTOMÁTICO
PEDRAGON MANAUS;NW S10;NW S10 CD LTZ DD4A R6V;R6V;9BG148MK0VC416494;;116925;;2026/2027;CINZA TOPAZIO;         179353;197498,29;0,00;335740,00;197498,29;   222436;PEDRAGON MANAUS;5924,95;1;(690) PDB, (693) UE1, (722) R6V;  /  /     ;2;27/08/2026 00:00;;;PEDRAGON MANAUS;220529     ;DIESEL;0,00;Sim;;  /  /     ;VN - VEICULOS  NOVOS;Não;Não;Não;Não;0,00;FLOOR PLAN - GM;HOLD BACK (GM), (CUSTO) TOP NA VENDA (NOVOS);0,00;0,00;0,00;220529     ;0,00;203423,24;PEDRAGON MANAUS;0,00;AUTOMÁTICO
PEDRAGON MANAUS;NW S10;NW S10 CD LTZ DD4A R6V;R6V;9BG148MK0VC416496;;116926;;2026/2027;PRATA SHARK;         179354;197498,29;0,00;335740,00;197498,29;   222437;PEDRAGON MANAUS;5924,95;1;(690) PDB, (693) UE1, (722) R6V;  /  /     ;2;27/08/2026 00:00;;;PEDRAGON MANAUS;220529     ;DIESEL;0,00;Sim;;  /  /     ;VN - VEICULOS  NOVOS;Não;Não;Não;Não;0,00;FLOOR PLAN - GM;HOLD BACK (GM), (CUSTO) TOP NA VENDA (NOVOS);0,00;0,00;0,00;220529     ;0,00;203423,24;PEDRAGON MANAUS;0,00;AUTOMÁTICO
PEDRAGON MANAUS;NW S10;NW S10 CD LTZ DD4A R6V;R6V;9BG148MK0VC416498;;116927;;2026/2027;PRATA SHARK;         179355;197498,29;0,00;335740,00;197498,29;   222438;PEDRAGON MANAUS;5924,95;1;(690) PDB, (693) UE1, (722) R6V;  /  /     ;2;27/08/2026 00:00;;;PEDRAGON MANAUS;220529     ;DIESEL;0,00;Sim;;  /  /     ;VN - VEICULOS  NOVOS;Não;Não;Não;Não;0,00;FLOOR PLAN - GM;HOLD BACK (GM), (CUSTO) TOP NA VENDA (NOVOS);0,00;0,00;0,00;220529     ;0,00;203423,24;PEDRAGON MANAUS;0,00;AUTOMÁTICO
PEDRAGON MANAUS;NW S10;NW S10 CD LTZ DD4A R6V;R6V;9BG148MK0VC416500;;116928;;2026/2027;PRATA SHARK;         179356;197498,29;0,00;335740,00;197498,29;   222439;PEDRAGON MANAUS;5924,95;1;(690) PDB, (693) UE1, (722) R6V;  /  /     ;2;27/08/2026 00:00;;;PEDRAGON MANAUS;220529     ;DIESEL;0,00;Sim;;  /  /     ;VN - VEICULOS  NOVOS;Não;Não;Não;Não;0,00;FLOOR PLAN - GM;HOLD BACK (GM), (CUSTO) TOP NA VENDA (NOVOS);0,00;0,00;0,00;220529     ;0,00;203423,24;PEDRAGON MANAUS;0,00;AUTOMÁTICO
PEDRAGON MANAUS;NW S10;NW S10 CD LTZ DD4A R6V;R6V;9BG148MK0VC416502;;116929;;2026/2027;PRATA SHARK;         179357;197498,29;0,00;335740,00;197498,29;   222440;PEDRAGON MANAUS;5924,95;1;(690) PDB, (693) UE1, (722) R6V;  /  /     ;2;27/08/2026 00:00;;;PEDRAGON MANAUS;220529     ;DIESEL;0,00;Sim;;  /  /     ;VN - VEICULOS  NOVOS;Não;Não;Não;Não;0,00;FLOOR PLAN - GM;HOLD BACK (GM), (CUSTO) TOP NA VENDA (NOVOS);0,00;0,00;0,00;220529     ;0,00;203423,24;PEDRAGON MANAUS;0,00;AUTOMÁTICO
PEDRAGON MANAUS;NW S10;NW S10 CD LTZ DD4A R6V;R6V;9BG148MK0VC416504;;116930;;2026/2027;PRATA SHARK;         179358;197498,29;0,00;335740,00;197498,29;   222441;PEDRAGON MANAUS;5924,95;1;(690) PDB, (693) UE1, (722) R6V;  /  /     ;2;27/08/2026 00:00;;;PEDRAGON MANAUS;220529     ;DIESEL;0,00;Sim;;  /  /     ;VN - VEICULOS  NOVOS;Não;Não;Não;Não;0,00;FLOOR PLAN - GM;HOLD BACK (GM), (CUSTO) TOP NA VENDA (NOVOS);0,00;0,00;0,00;220529     ;0,00;203423,24;PEDRAGON MANAUS;0,00;AUTOMÁTICO
PEDRAGON MANAUS;NW S10;NW S10 CD LTZ DD4A R6V;R6V;9BG148MK0VC416506;;116931;;2026/2027;PRATA SHARK;         179359;197498,29;0,00;335740,00;197498,29;   222442;PEDRAGON MANAUS;5924,95;1;(690) PDB, (693) UE1, (722) R6V;  /  /     ;2;27/08/2026 00:00;;;PEDRAGON MANAUS;220529     ;DIESEL;0,00;Sim;;  /  /     ;VN - VEICULOS  NOVOS;Não;Não;Não;Não;0,00;FLOOR PLAN - GM;HOLD BACK (GM), (CUSTO) TOP NA VENDA (NOVOS);0,00;0,00;0,00;220529     ;0,00;203423,24;PEDRAGON MANAUS;0,00;AUTOMÁTICO
PEDRAGON MANAUS;NW S10;NW S10 CD LTZ DD4A R6V;R6V;9BG148MK0VC416508;;116932;;2026/2027;PRATA SHARK;         179360;197498,29;0,00;335740,00;197498,29;   222443;PEDRAGON MANAUS;5924,95;1;(690) PDB, (693) UE1, (722) R6V;  /  /     ;2;27/08/2026 00:00;;;PEDRAGON MANAUS;220529     ;DIESEL;0,00;Sim;;  /  /     ;VN - VEICULOS  NOVOS;Não;Não;Não;Não;0,00;FLOOR PLAN - GM;HOLD BACK (GM), (CUSTO) TOP NA VENDA (NOVOS);0,00;0,00;0,00;220529     ;0,00;203423,24;PEDRAGON MANAUS;0,00;AUTOMÁTICO
PEDRAGON MANAUS;NW S10;NW S10 CD LTZ DD4A R6V;R6V;9BG148MK0VC416518;;116933;;2026/2027;BRANCO SUMMIT;         179361;196785,86;0,00;334640,00;196785,86;   222444;PEDRAGON MANAUS;5903,58;1;(691) PDJ, (693) UE1, (722) R6V;  /  /     ;2;27/08/2026 00:00;;;PEDRAGON MANAUS;220529     ;DIESEL;0,00;Sim;;  /  /     ;VN - VEICULOS  NOVOS;Não;Não;Não;Não;0,00;FLOOR PLAN - GM;HOLD BACK (GM), (CUSTO) TOP NA VENDA (NOVOS);0,00;0,00;0,00;220529     ;0,00;202689,44;PEDRAGON MANAUS;0,00;AUTOMÁTICO
PEDRAGON MANAUS;NW S10;NW S10 CD LTZ DD4A R6V;R6V;9BG148MK0VC416520;;116934;;2026/2027;BRANCO SUMMIT;         179362;196785,86;0,00;334640,00;196785,86;   222445;PEDRAGON MANAUS;5903,58;1;(691) PDJ, (693) UE1, (722) R6V;  /  /     ;2;27/08/2026 00:00;;;PEDRAGON MANAUS;220529     ;DIESEL;0,00;Sim;;  /  /     ;VN - VEICULOS  NOVOS;Não;Não;Não;Não;0,00;FLOOR PLAN - GM;HOLD BACK (GM), (CUSTO) TOP NA VENDA (NOVOS);0,00;0,00;0,00;220529     ;0,00;202689,44;PEDRAGON MANAUS;0,00;AUTOMÁTICO
PEDRAGON MANAUS;NW S10;NW S10 CD LTZ DD4A R6V;R6V;9BG148MK0VC416522;;116935;;2026/2027;BRANCO SUMMIT;         179363;196785,86;0,00;334640,00;196785,86;   222446;PEDRAGON MANAUS;5903,58;1;(691) PDJ, (693) UE1, (722) R6V;  /  /     ;2;27/08/2026 00:00;;;PEDRAGON MANAUS;220529     ;DIESEL;0,00;Sim;;  /  /     ;VN - VEICULOS  NOVOS;Não;Não;Não;Não;0,00;FLOOR PLAN - GM;HOLD BACK (GM), (CUSTO) TOP NA VENDA (NOVOS);0,00;0,00;0,00;220529     ;0,00;202689,44;PEDRAGON MANAUS;0,00;AUTOMÁTICO
PEDRAGON MANAUS;NW S10;NW S10 CD LTZ DD4A R6V;R6V;9BG148MK0VC416524;;116936;;2026/2027;BRANCO SUMMIT;         179364;196785,86;0,00;334640,00;196785,86;   222447;PEDRAGON MANAUS;5903,58;1;(691) PDJ, (693) UE1, (722) R6V;  /  /     ;2;27/08/2026 00:00;;;PEDRAGON MANAUS;220529     ;DIESEL;0,00;Sim;;  /  /     ;VN - VEICULOS  NOVOS;Não;Não;Não;Não;0,00;FLOOR PLAN - GM;HOLD BACK (GM), (CUSTO) TOP NA VENDA (NOVOS);0,00;0,00;0,00;220529     ;0,00;202689,44;PEDRAGON MANAUS;0,00;AUTOMÁTICO
PEDRAGON MANAUS;NW S10;NW S10 CD LTZ DD4A R6V;R6V;9BG148MK0VC416526;;116937;;2026/2027;BRANCO SUMMIT;         179365;196785,86;0,00;334640,00;196785,86;   222448;PEDRAGON MANAUS;5903,58;1;(691) PDJ, (693) UE1, (722) R6V;  /  /     ;2;27/08/2026 00:00;;;PEDRAGON MANAUS;220529     ;DIESEL;0,00;Sim;;  /  /     ;VN - VEICULOS  NOVOS;Não;Não;Não;Não;0,00;FLOOR PLAN - GM;HOLD BACK (GM), (CUSTO) TOP NA VENDA (NOVOS);0,00;0,00;0,00;220529     ;0,00;202689,44;PEDRAGON MANAUS;0,00;AUTOMÁTICO
PEDRAGON MANAUS;NW S10;NW S10 CD LTZ DD4A R6V;R6V;9BG148MK0VC416528;;116938;;2026/2027;BRANCO SUMMIT;         179366;196785,86;0,00;334640,00;196785,86;   222449;PEDRAGON MANAUS;5903,58;1;(691) PDJ, (693) UE1, (722) R6V;  /  /     ;2;27/08/2026 00:00;;;PEDRAGON MANAUS;220529     ;DIESEL;0,00;Sim;;  /  /     ;VN - VEICULOS  NOVOS;Não;Não;Não;Não;0,00;FLOOR PLAN - GM;HOLD BACK (GM), (CUSTO) TOP NA VENDA (NOVOS);0,00;0,00;0,00;220529     ;0,00;202689,44;PEDRAGON MANAUS;0,00;AUTOMÁTICO
PEDRAGON MANAUS;NW S10;NW S10 CD LTZ DD4A R6V;R6V;9BG148MK0VC411918;;116908;;2026/2027;PRETO OURO NEGRO;         179327;197498,29;0,00;335740,00;197498,29;   222410;PEDRAGON MANAUS;5924,95;1;(690) PDB, (693) UE1, (722) R6V;  /  /     ;2;27/08/2026 00:00;;;PEDRAGON MANAUS;220529     ;DIESEL;0,00;Sim;;  /  /     ;VN - VEICULOS  NOVOS;Não;Não;Não;Não;0,00;FLOOR PLAN - GM;HOLD BACK (GM), (CUSTO) TOP NA VENDA (NOVOS);0,00;0,00;0,00;220529     ;0,00;203423,24;PEDRAGON MANAUS;0,00;AUTOMÁTICO
PEDRAGON MANAUS;NW S10;NW S10 CD HC DD4A R7U;R7U;9BG148PK0VC415050;        ;113631;;2026/2027;PRETO OURO NEGRO;         176884;207274,08;0,00;350840,00;207274,08;   194467;PEDRAGON MANAUS;6218,22;1;(690) PDB, (693) UE1, (695) R7U;26/08/2026;36;24/07/2026 00:00;Pedido;cristina NELSON VENDIDA 22.08;PEDRAGON MANAUS;220548     ;DIESEL;0,00;;;  /  /     ;VN - VEICULOS  NOVOS;Sim;Sim;Não;Não;0,00;FLOOR PLAN - GM;HOLD BACK (GM), (CUSTO) TOP NA VENDA (NOVOS);0,00;0,00;0,00;220548     ;0,00;213492,30;PEDRAGON MANAUS;0,00;AUTOMÁTICO
PEDRAGON MANAUS;NW S10;NW S10 CD HC DD4A R7U;R7U;9BG148PK0VC416433;;116867;;2026/2027;CINZA TOPAZIO;         179340;207274,08;0,00;350840,00;207274,08;   222423;PEDRAGON MANAUS;6218,22;1;(690) PDB, (693) UE1, (695) R7U;  /  /     ;2;27/08/2026 00:00;;;PEDRAGON MANAUS;220548     ;DIESEL;0,00;Sim;;  /  /     ;VN - VEICULOS  NOVOS;Não;Não;Não;Não;0,00;FLOOR PLAN - GM;HOLD BACK (GM), (CUSTO) TOP NA VENDA (NOVOS);0,00;0,00;0,00;220548     ;0,00;213492,30;PEDRAGON MANAUS;0,00;AUTOMÁTICO
PEDRAGON MANAUS;NW S10;NW S10 CD HC DD4A R7U;R7U;9BG148PK0VC414236;;116859;;2026/2027;PRATA SHARK;         179328;207274,08;0,00;350840,00;207274,08;   222411;PEDRAGON MANAUS;6218,22;1;(690) PDB, (693) UE1, (695) R7U;  /  /     ;2;27/08/2026 00:00;;;PEDRAGON MANAUS;220548     ;DIESEL;0,00;Sim;;  /  /     ;VN - VEICULOS  NOVOS;Não;Não;Não;Não;0,00;FLOOR PLAN - GM;HOLD BACK (GM), (CUSTO) TOP NA VENDA (NOVOS);0,00;0,00;0,00;220548     ;0,00;213492,30;PEDRAGON MANAUS;0,00;AUTOMÁTICO
PEDRAGON MANAUS;NW S10;NW S10 CD HC DD4A R7U;R7U;9BG148PK0VC414248;;116860;;2026/2027;PRATA SHARK;         179329;207274,08;0,00;350840,00;207274,08;   222412;PEDRAGON MANAUS;6218,22;1;(690) PDB, (693) UE1, (695) R7U;  /  /     ;2;27/08/2026 00:00;;;PEDRAGON MANAUS;220548     ;DIESEL;0,00;Sim;;  /  /     ;VN - VEICULOS  NOVOS;Não;Não;Não;Não;0,00;FLOOR PLAN - GM;HOLD BACK (GM), (CUSTO) TOP NA VENDA (NOVOS);0,00;0,00;0,00;220548     ;0,00;213492,30;PEDRAGON MANAUS;0,00;AUTOMÁTICO
PEDRAGON MANAUS;NW S10;NW S10 CD HC DD4A R7U;R7U;9BG148PK0VC415385;;116861;;2026/2027;CINZA AMBAR;         179330;207274,08;0,00;350840,00;207274,08;   222413;PEDRAGON MANAUS;6218,22;1;(690) PDB, (693) UE1, (695) R7U;  /  /     ;2;27/08/2026 00:00;;;PEDRAGON MANAUS;220548     ;DIESEL;0,00;Sim;;  /  /     ;VN - VEICULOS  NOVOS;Não;Não;Não;Não;0,00;FLOOR PLAN - GM;HOLD BACK (GM), (CUSTO) TOP NA VENDA (NOVOS);0,00;0,00;0,00;220548     ;0,00;213492,30;PEDRAGON MANAUS;0,00;AUTOMÁTICO
PEDRAGON MANAUS;NW S10;NW S10 CD HC DD4A R7U;R7U;9BG148PK0VC416117;;116862;;2026/2027;PRATA SHARK;         179331;207274,08;0,00;350840,00;207274,08;   222414;PEDRAGON MANAUS;6218,22;1;(690) PDB, (693) UE1, (695) R7U;  /  /     ;2;27/08/2026 00:00;;;PEDRAGON MANAUS;220548     ;DIESEL;0,00;Sim;;  /  /     ;VN - VEICULOS  NOVOS;Não;Não;Não;Não;0,00;FLOOR PLAN - GM;HOLD BACK (GM), (CUSTO) TOP NA VENDA (NOVOS);0,00;0,00;0,00;220548     ;0,00;213492,30;PEDRAGON MANAUS;0,00;AUTOMÁTICO
PEDRAGON MANAUS;NW S10;NW S10 CD HC DD4A R7U;R7U;9BG148PK0VC416124;;116863;;2026/2027;PRATA SHARK;         179332;207274,08;0,00;350840,00;207274,08;   222415;PEDRAGON MANAUS;6218,22;1;(690) PDB, (693) UE1, (695) R7U;  /  /     ;2;27/08/2026 00:00;;;PEDRAGON MANAUS;220548     ;DIESEL;0,00;Sim;;  /  /     ;VN - VEICULOS  NOVOS;Não;Não;Não;Não;0,00;FLOOR PLAN - GM;HOLD BACK (GM), (CUSTO) TOP NA VENDA (NOVOS);0,00;0,00;0,00;220548     ;0,00;213492,30;PEDRAGON MANAUS;0,00;AUTOMÁTICO
PEDRAGON MANAUS;NW S10;NW S10 CD HC DD4A R7U;R7U;9BG148PK0VC416196;;116864;;2026/2027;PRATA SHARK;         179335;207274,08;0,00;350840,00;207274,08;   222418;PEDRAGON MANAUS;6218,22;1;(690) PDB, (693) UE1, (695) R7U;  /  /     ;2;27/08/2026 00:00;;;PEDRAGON MANAUS;220548     ;DIESEL;0,00;Sim;;  /  /     ;VN - VEICULOS  NOVOS;Não;Não;Não;Não;0,00;FLOOR PLAN - GM;HOLD BACK (GM), (CUSTO) TOP NA VENDA (NOVOS);0,00;0,00;0,00;220548     ;0,00;213492,30;PEDRAGON MANAUS;0,00;AUTOMÁTICO
PEDRAGON MANAUS;NW S10;NW S10 CD HC DD4A R7U;R7U;9BG148PK0VC416216;;116865;;2026/2027;PRATA SHARK;         179336;207274,08;0,00;350840,00;207274,08;   222419;PEDRAGON MANAUS;6218,22;1;(690) PDB, (693) UE1, (695) R7U;  /  /     ;2;27/08/2026 00:00;;;PEDRAGON MANAUS;220548     ;DIESEL;0,00;Sim;;  /  /     ;VN - VEICULOS  NOVOS;Não;Não;Não;Não;0,00;FLOOR PLAN - GM;HOLD BACK (GM), (CUSTO) TOP NA VENDA (NOVOS);0,00;0,00;0,00;220548     ;0,00;213492,30;PEDRAGON MANAUS;0,00;AUTOMÁTICO
PEDRAGON MANAUS;NW S10;NW S10 CD HC DD4A R7U;R7U;9BG148PK0VC416318;;116866;;2026/2027;PRATA SHARK;         179337;207274,08;0,00;350840,00;207274,08;   222420;PEDRAGON MANAUS;6218,22;1;(690) PDB, (693) UE1, (695) R7U;  /  /     ;2;27/08/2026 00:00;;;PEDRAGON MANAUS;220548     ;DIESEL;0,00;Sim;;  /  /     ;VN - VEICULOS  NOVOS;Não;Não;Não;Não;0,00;FLOOR PLAN - GM;HOLD BACK (GM), (CUSTO) TOP NA VENDA (NOVOS);0,00;0,00;0,00;220548     ;0,00;213492,30;PEDRAGON MANAUS;0,00;AUTOMÁTICO
PEDRAGON MANAUS;NW S10;NW S10 CD HC DD4A R7U;R7U;9BG148PK0VC416598;;116868;;2026/2027;CINZA TOPAZIO;         179367;207274,08;0,00;350840,00;207274,08;   222450;PEDRAGON MANAUS;6218,22;1;(690) PDB, (693) UE1, (695) R7U;  /  /     ;2;27/08/2026 00:00;;;PEDRAGON MANAUS;220548     ;DIESEL;0,00;Sim;;  /  /     ;VN - VEICULOS  NOVOS;Não;Não;Não;Não;0,00;FLOOR PLAN - GM;HOLD BACK (GM), (CUSTO) TOP NA VENDA (NOVOS);0,00;0,00;0,00;220548     ;0,00;213492,30;PEDRAGON MANAUS;0,00;AUTOMÁTICO
PEDRAGON MANAUS;NW S10;NW S10 CD HC DD4A R7U;R7U;9BG148PK0VC416600;;116869;;2026/2027;CINZA TOPAZIO;         179368;207274,08;0,00;350840,00;207274,08;   222451;PEDRAGON MANAUS;6218,22;1;(690) PDB, (693) UE1, (695) R7U;  /  /     ;2;27/08/2026 00:00;;;PEDRAGON MANAUS;220548     ;DIESEL;0,00;Sim;;  /  /     ;VN - VEICULOS  NOVOS;Não;Não;Não;Não;0,00;FLOOR PLAN - GM;HOLD BACK (GM), (CUSTO) TOP NA VENDA (NOVOS);0,00;0,00;0,00;220548     ;0,00;213492,30;PEDRAGON MANAUS;0,00;AUTOMÁTICO
PEDRAGON MANAUS;NW S10;NW S10 CD HC DD4A R7U;R7U;9BG148PK0VC416610;;116870;;2026/2027;CINZA TOPAZIO;         179369;207274,08;0,00;350840,00;207274,08;   222452;PEDRAGON MANAUS;6218,22;1;(690) PDB, (693) UE1, (695) R7U;  /  /     ;2;27/08/2026 00:00;;;PEDRAGON MANAUS;220548     ;DIESEL;0,00;Sim;;  /  /     ;VN - VEICULOS  NOVOS;Não;Não;Não;Não;0,00;FLOOR PLAN - GM;HOLD BACK (GM), (CUSTO) TOP NA VENDA (NOVOS);0,00;0,00;0,00;220548     ;0,00;213492,30;PEDRAGON MANAUS;0,00;AUTOMÁTICO
PEDRAGON MANAUS;NW S10;NW S10 CD HC DD4A R7U;R7U;9BG148PK0VC416615;;116871;;2026/2027;CINZA TOPAZIO;         179370;207274,08;0,00;350840,00;207274,08;   222453;PEDRAGON MANAUS;6218,22;1;(690) PDB, (693) UE1, (695) R7U;  /  /     ;2;27/08/2026 00:00;;;PEDRAGON MANAUS;220548     ;DIESEL;0,00;Sim;;  /  /     ;VN - VEICULOS  NOVOS;Não;Não;Não;Não;0,00;FLOOR PLAN - GM;HOLD BACK (GM), (CUSTO) TOP NA VENDA (NOVOS);0,00;0,00;0,00;220548     ;0,00;213492,30;PEDRAGON MANAUS;0,00;AUTOMÁTICO
PEDRAGON MANAUS;NW S10;NW S10 CD HC DD4A R7U;R7U;9BG148PK0VC417134;;116872;;2026/2027;PRATA SHARK;         179371;207274,08;0,00;350840,00;207274,08;   222454;PEDRAGON MANAUS;6218,22;1;(690) PDB, (693) UE1, (695) R7U;  /  /     ;2;27/08/2026 00:00;;;PEDRAGON MANAUS;220548     ;DIESEL;0,00;Sim;;  /  /     ;VN - VEICULOS  NOVOS;Não;Não;Não;Não;0,00;FLOOR PLAN - GM;HOLD BACK (GM), (CUSTO) TOP NA VENDA (NOVOS);0,00;0,00;0,00;220548     ;0,00;213492,30;PEDRAGON MANAUS;0,00;AUTOMÁTICO
PEDRAGON MANAUS;NW S10;NW S10 CD HC DD4A R7U;R7U;9BG148PK0VC417142;;116873;;2026/2027;PRATA SHARK;         179372;207274,08;0,00;350840,00;207274,08;   222455;PEDRAGON MANAUS;6218,22;1;(690) PDB, (693) UE1, (695) R7U;  /  /     ;2;27/08/2026 00:00;;;PEDRAGON MANAUS;220548     ;DIESEL;0,00;Sim;;  /  /     ;VN - VEICULOS  NOVOS;Não;Não;Não;Não;0,00;FLOOR PLAN - GM;HOLD BACK (GM), (CUSTO) TOP NA VENDA (NOVOS);0,00;0,00;0,00;220548     ;0,00;213492,30;PEDRAGON MANAUS;0,00;AUTOMÁTICO
PEDRAGON MANAUS;NW S10;NW S10 CD HC DD4A R7U;R7U;9BG148PK0VC417145;;116874;;2026/2027;BRANCO DUNAS;         179373;206561,64;0,00;349740,00;206561,64;   222456;PEDRAGON MANAUS;6196,85;1;(691) PDJ, (693) UE1, (695) R7U;  /  /     ;2;27/08/2026 00:00;;;PEDRAGON MANAUS;220548     ;DIESEL;0,00;Sim;;  /  /     ;VN - VEICULOS  NOVOS;Não;Não;Não;Não;0,00;FLOOR PLAN - GM;HOLD BACK (GM), (CUSTO) TOP NA VENDA (NOVOS);0,00;0,00;0,00;220548     ;0,00;212758,49;PEDRAGON MANAUS;0,00;AUTOMÁTICO
PEDRAGON MANAUS;NW S10;NW S10 CD HC DD4A R7U;R7U;9BG148PK0VC418716;;116893;;2026/2027;CINZA TOPAZIO;         179419;207274,08;0,00;350840,00;207274,08;   222502;PEDRAGON MANAUS;6218,22;1;(690) PDB, (693) UE1, (695) R7U;  /  /     ;2;27/08/2026 00:00;;;PEDRAGON MANAUS;220548     ;DIESEL;0,00;Sim;;  /  /     ;VN - VEICULOS  NOVOS;Não;Não;Não;Não;0,00;FLOOR PLAN - GM;HOLD BACK (GM), (CUSTO) TOP NA VENDA (NOVOS);0,00;0,00;0,00;220548     ;0,00;213492,30;PEDRAGON MANAUS;0,00;AUTOMÁTICO
PEDRAGON MANAUS;NW S10;NW S10 CD HC DD4A R7U;R7U;9BG148PK0VC418891;;116894;;2026/2027;CINZA TOPAZIO;         179423;207274,08;0,00;350840,00;207274,08;   222506;PEDRAGON MANAUS;6218,22;1;(690) PDB, (693) UE1, (695) R7U;  /  /     ;2;27/08/2026 00:00;;;PEDRAGON MANAUS;220548     ;DIESEL;0,00;Sim;;  /  /     ;VN - VEICULOS  NOVOS;Não;Não;Não;Não;0,00;FLOOR PLAN - GM;HOLD BACK (GM), (CUSTO) TOP NA VENDA (NOVOS);0,00;0,00;0,00;220548     ;0,00;213492,30;PEDRAGON MANAUS;0,00;AUTOMÁTICO
PEDRAGON MANAUS;NW S10;NW S10 CD HC DD4A R7U;R7U;9BG148PK0VC418893;;116895;;2026/2027;CINZA TOPAZIO;         179424;207274,08;0,00;350840,00;207274,08;   222507;PEDRAGON MANAUS;6218,22;1;(690) PDB, (693) UE1, (695) R7U;  /  /     ;2;27/08/2026 00:00;;;PEDRAGON MANAUS;220548     ;DIESEL;0,00;Sim;;  /  /     ;VN - VEICULOS  NOVOS;Não;Não;Não;Não;0,00;FLOOR PLAN - GM;HOLD BACK (GM), (CUSTO) TOP NA VENDA (NOVOS);0,00;0,00;0,00;220548     ;0,00;213492,30;PEDRAGON MANAUS;0,00;AUTOMÁTICO
PEDRAGON MANAUS;NW S10;NW S10 CD HC DD4A R7U;R7U;9BG148PK0VC418903;;116896;;2026/2027;CINZA TOPAZIO;         179425;207274,08;0,00;350840,00;207274,08;   222508;PEDRAGON MANAUS;6218,22;1;(690) PDB, (693) UE1, (695) R7U;  /  /     ;2;27/08/2026 00:00;;;PEDRAGON MANAUS;220548     ;DIESEL;0,00;Sim;;  /  /     ;VN - VEICULOS  NOVOS;Não;Não;Não;Não;0,00;FLOOR PLAN - GM;HOLD BACK (GM), (CUSTO) TOP NA VENDA (NOVOS);0,00;0,00;0,00;220548     ;0,00;213492,30;PEDRAGON MANAUS;0,00;AUTOMÁTICO
PEDRAGON MANAUS;NW S10;NW S10 CD HC DD4A R7U;R7U;9BG148PK0VC418906;;116897;;2026/2027;CINZA TOPAZIO;         179426;207274,08;0,00;350840,00;207274,08;   222509;PEDRAGON MANAUS;6218,22;1;(690) PDB, (693) UE1, (695) R7U;  /  /     ;2;27/08/2026 00:00;;;PEDRAGON MANAUS;220548     ;DIESEL;0,00;Sim;;  /  /     ;VN - VEICULOS  NOVOS;Não;Não;Não;Não;0,00;FLOOR PLAN - GM;HOLD BACK (GM), (CUSTO) TOP NA VENDA (NOVOS);0,00;0,00;0,00;220548     ;0,00;213492,30;PEDRAGON MANAUS;0,00;AUTOMÁTICO
PEDRAGON MANAUS;NW S10;NW S10 CD HC DD4A R7U;R7U;9BG148PK0VC419180;;116898;;2026/2027;CINZA AMBAR;         179427;207274,08;0,00;350840,00;207274,08;   222510;PEDRAGON MANAUS;6218,22;1;(690) PDB, (693) UE1, (695) R7U;  /  /     ;2;27/08/2026 00:00;;;PEDRAGON MANAUS;220548     ;DIESEL;0,00;Sim;;  /  /     ;VN - VEICULOS  NOVOS;Não;Não;Não;Não;0,00;FLOOR PLAN - GM;HOLD BACK (GM), (CUSTO) TOP NA VENDA (NOVOS);0,00;0,00;0,00;220548     ;0,00;213492,30;PEDRAGON MANAUS;0,00;AUTOMÁTICO
PEDRAGON MANAUS;NW S10;NW S10 CD HC DD4A R7U;R7U;9BG148PK0VC419187;;116899;;2026/2027;CINZA AMBAR;         179428;207274,08;0,00;350840,00;207274,08;   222511;PEDRAGON MANAUS;6218,22;1;(690) PDB, (693) UE1, (695) R7U;  /  /     ;2;27/08/2026 00:00;;;PEDRAGON MANAUS;220548     ;DIESEL;0,00;Sim;;  /  /     ;VN - VEICULOS  NOVOS;Não;Não;Não;Não;0,00;FLOOR PLAN - GM;HOLD BACK (GM), (CUSTO) TOP NA VENDA (NOVOS);0,00;0,00;0,00;220548     ;0,00;213492,30;PEDRAGON MANAUS;0,00;AUTOMÁTICO
PEDRAGON MANAUS;NW S10;NW S10 CD HC DD4A R7U;R7U;9BG148PK0VC419190;;116900;;2026/2027;CINZA AMBAR;         179429;207274,08;0,00;350840,00;207274,08;   222512;PEDRAGON MANAUS;6218,22;1;(690) PDB, (693) UE1, (695) R7U;  /  /     ;2;27/08/2026 00:00;;;PEDRAGON MANAUS;220548     ;DIESEL;0,00;Sim;;  /  /     ;VN - VEICULOS  NOVOS;Não;Não;Não;Não;0,00;FLOOR PLAN - GM;HOLD BACK (GM), (CUSTO) TOP NA VENDA (NOVOS);0,00;0,00;0,00;220548     ;0,00;213492,30;PEDRAGON MANAUS;0,00;AUTOMÁTICO
PEDRAGON MANAUS;NW S10;NW S10 CD HC DD4A R7U;R7U;9BG148PK0VC419192;;116901;;2026/2027;CINZA AMBAR;         179430;207274,08;0,00;350840,00;207274,08;   222513;PEDRAGON MANAUS;6218,22;1;(690) PDB, (693) UE1, (695) R7U;  /  /     ;2;27/08/2026 00:00;;;PEDRAGON MANAUS;220548     ;DIESEL;0,00;Sim;;  /  /     ;VN - VEICULOS  NOVOS;Não;Não;Não;Não;0,00;FLOOR PLAN - GM;HOLD BACK (GM), (CUSTO) TOP NA VENDA (NOVOS);0,00;0,00;0,00;220548     ;0,00;213492,30;PEDRAGON MANAUS;0,00;AUTOMÁTICO
PEDRAGON MANAUS;NW S10;NW S10 CD HC DD4A R7U;R7U;9BG148PK0VC419195;;116902;;2026/2027;CINZA AMBAR;         179431;207274,08;0,00;350840,00;207274,08;   222514;PEDRAGON MANAUS;6218,22;1;(690) PDB, (693) UE1, (695) R7U;  /  /     ;2;27/08/2026 00:00;;;PEDRAGON MANAUS;220548     ;DIESEL;0,00;Sim;;  /  /     ;VN - VEICULOS  NOVOS;Não;Não;Não;Não;0,00;FLOOR PLAN - GM;HOLD BACK (GM), (CUSTO) TOP NA VENDA (NOVOS);0,00;0,00;0,00;220548     ;0,00;213492,30;PEDRAGON MANAUS;0,00;AUTOMÁTICO
PEDRAGON MANAUS;NW S10;NW S10 CD HC DD4A R7U;R7U;9BG148PK0VC419197;;116903;;2026/2027;CINZA AMBAR;         179432;207274,08;0,00;350840,00;207274,08;   222515;PEDRAGON MANAUS;6218,22;1;(690) PDB, (693) UE1, (695) R7U;  /  /     ;2;27/08/2026 00:00;;;PEDRAGON MANAUS;220548     ;DIESEL;0,00;Sim;;  /  /     ;VN - VEICULOS  NOVOS;Não;Não;Não;Não;0,00;FLOOR PLAN - GM;HOLD BACK (GM), (CUSTO) TOP NA VENDA (NOVOS);0,00;0,00;0,00;220548     ;0,00;213492,30;PEDRAGON MANAUS;0,00;AUTOMÁTICO
PEDRAGON MANAUS;NW S10;NW S10 CD HC DD4A R7U;R7U;9BG148PK0VC419200;;116904;;2026/2027;CINZA AMBAR;         179433;207274,08;0,00;350840,00;207274,08;   222516;PEDRAGON MANAUS;6218,22;1;(690) PDB, (693) UE1, (695) R7U;  /  /     ;2;27/08/2026 00:00;;;PEDRAGON MANAUS;220548     ;DIESEL;0,00;Sim;;  /  /     ;VN - VEICULOS  NOVOS;Não;Não;Não;Não;0,00;FLOOR PLAN - GM;HOLD BACK (GM), (CUSTO) TOP NA VENDA (NOVOS);0,00;0,00;0,00;220548     ;0,00;213492,30;PEDRAGON MANAUS;0,00;AUTOMÁTICO
PEDRAGON MANAUS;NW S10;NW S10 CD HC DD4A R7U;R7U;9BG148PK0VC419205;;116905;;2026/2027;CINZA AMBAR;         179434;207274,08;0,00;350840,00;207274,08;   222517;PEDRAGON MANAUS;6218,22;1;(690) PDB, (693) UE1, (695) R7U;  /  /     ;2;27/08/2026 00:00;;;PEDRAGON MANAUS;220548     ;DIESEL;0,00;Sim;;  /  /     ;VN - VEICULOS  NOVOS;Não;Não;Não;Não;0,00;FLOOR PLAN - GM;HOLD BACK (GM), (CUSTO) TOP NA VENDA (NOVOS);0,00;0,00;0,00;220548     ;0,00;213492,30;PEDRAGON MANAUS;0,00;AUTOMÁTICO
PEDRAGON MANAUS;NW S10;NW S10 CD HC DD4A R7U;R7U;9BG148PK0VC417468;;115838;;2026/2027;BRANCO DUNAS;         179385;206561,64;0,00;349740,00;206561,64;   222468;PEDRAGON MANAUS;0,00;1;(691) PDJ, (693) UE1, (695) R7U;  /  /     ;2;27/08/2026 00:00;;;PEDRAGON MANAUS;220548     ;DIESEL;0,00;Sim;;  /  /     ;VN - VEICULOS  NOVOS;Não;Não;Não;Não;0,00;FLOOR PLAN - GM;(CUSTO) TOP NA VENDA (NOVOS);0,00;0,00;0,00;220548     ;0,00;206561,64;PEDRAGON MANAUS;0,00;AUTOMÁTICO
PEDRAGON MANAUS;NW S10;NW S10 CD HC DD4A R7U;R7U;9BG148PK0VC417322;;116875;;2026/2027;BRANCO DUNAS;         179379;206561,64;0,00;349740,00;206561,64;   222462;PEDRAGON MANAUS;6196,85;1;(691) PDJ, (693) UE1, (695) R7U;  /  /     ;2;27/08/2026 00:00;;;PEDRAGON MANAUS;220548     ;DIESEL;0,00;Sim;;  /  /     ;VN - VEICULOS  NOVOS;Não;Não;Não;Não;0,00;FLOOR PLAN - GM;HOLD BACK (GM), (CUSTO) TOP NA VENDA (NOVOS);0,00;0,00;0,00;220548     ;0,00;212758,49;PEDRAGON MANAUS;0,00;AUTOMÁTICO
PEDRAGON MANAUS;NW S10;NW S10 CD HC DD4A R7U;R7U;9BG148PK0VC417325;;116876;;2026/2027;BRANCO DUNAS;         179380;206561,64;0,00;349740,00;206561,64;   222463;PEDRAGON MANAUS;6196,85;1;(691) PDJ, (693) UE1, (695) R7U;  /  /     ;2;27/08/2026 00:00;;;PEDRAGON MANAUS;220548     ;DIESEL;0,00;Sim;;  /  /     ;VN - VEICULOS  NOVOS;Não;Não;Não;Não;0,00;FLOOR PLAN - GM;HOLD BACK (GM), (CUSTO) TOP NA VENDA (NOVOS);0,00;0,00;0,00;220548     ;0,00;212758,49;PEDRAGON MANAUS;0,00;AUTOMÁTICO
PEDRAGON MANAUS;NW S10;NW S10 CD HC DD4A R7U;R7U;9BG148PK0VC417328;;116877;;2026/2027;BRANCO DUNAS;         179381;206561,64;0,00;349740,00;206561,64;   222464;PEDRAGON MANAUS;6196,85;1;(691) PDJ, (693) UE1, (695) R7U;  /  /     ;2;27/08/2026 00:00;;;PEDRAGON MANAUS;220548     ;DIESEL;0,00;Sim;;  /  /     ;VN - VEICULOS  NOVOS;Não;Não;Não;Não;0,00;FLOOR PLAN - GM;HOLD BACK (GM), (CUSTO) TOP NA VENDA (NOVOS);0,00;0,00;0,00;220548     ;0,00;212758,49;PEDRAGON MANAUS;0,00;AUTOMÁTICO
PEDRAGON MANAUS;NW S10;NW S10 CD HC DD4A R7U;R7U;9BG148PK0VC417335;;116878;;2026/2027;BRANCO DUNAS;         179382;206561,64;0,00;349740,00;206561,64;   222465;PEDRAGON MANAUS;6196,85;1;(691) PDJ, (693) UE1, (695) R7U;  /  /     ;2;27/08/2026 00:00;;;PEDRAGON MANAUS;220548     ;DIESEL;0,00;Sim;;  /  /     ;VN - VEICULOS  NOVOS;Não;Não;Não;Não;0,00;FLOOR PLAN - GM;HOLD BACK (GM), (CUSTO) TOP NA VENDA (NOVOS);0,00;0,00;0,00;220548     ;0,00;212758,49;PEDRAGON MANAUS;0,00;AUTOMÁTICO
PEDRAGON MANAUS;NW S10;NW S10 CD HC DD4A R7U;R7U;9BG148PK0VC417436;;116879;;2026/2027;BRANCO DUNAS;         179383;206561,64;0,00;349740,00;206561,64;   222466;PEDRAGON MANAUS;6196,85;1;(691) PDJ, (693) UE1, (695) R7U;  /  /     ;2;27/08/2026 00:00;;;PEDRAGON MANAUS;220548     ;DIESEL;0,00;Sim;;  /  /     ;VN - VEICULOS  NOVOS;Não;Não;Não;Não;0,00;FLOOR PLAN - GM;HOLD BACK (GM), (CUSTO) TOP NA VENDA (NOVOS);0,00;0,00;0,00;220548     ;0,00;212758,49;PEDRAGON MANAUS;0,00;AUTOMÁTICO
PEDRAGON MANAUS;NW S10;NW S10 CD HC DD4A R7U;R7U;9BG148PK0VC417440;;116880;;2026/2027;BRANCO DUNAS;         179384;206561,64;0,00;349740,00;206561,64;   222467;PEDRAGON MANAUS;6196,85;1;(691) PDJ, (693) UE1, (695) R7U;  /  /     ;2;27/08/2026 00:00;;;PEDRAGON MANAUS;220548     ;DIESEL;0,00;Sim;;  /  /     ;VN - VEICULOS  NOVOS;Não;Não;Não;Não;0,00;FLOOR PLAN - GM;HOLD BACK (GM), (CUSTO) TOP NA VENDA (NOVOS);0,00;0,00;0,00;220548     ;0,00;212758,49;PEDRAGON MANAUS;0,00;AUTOMÁTICO
PEDRAGON MANAUS;NW S10;NW S10 CD HC DD4A R7U;R7U;9BG148PK0VC417850;;116881;;2026/2027;BRANCO DUNAS;         179392;206561,64;0,00;349740,00;206561,64;   222475;PEDRAGON MANAUS;6196,85;1;(691) PDJ, (693) UE1, (695) R7U;  /  /     ;2;27/08/2026 00:00;;;PEDRAGON MANAUS;220548     ;DIESEL;0,00;Sim;;  /  /     ;VN - VEICULOS  NOVOS;Não;Não;Não;Não;0,00;FLOOR PLAN - GM;HOLD BACK (GM), (CUSTO) TOP NA VENDA (NOVOS);0,00;0,00;0,00;220548     ;0,00;212758,49;PEDRAGON MANAUS;0,00;AUTOMÁTICO
PEDRAGON MANAUS;NW S10;NW S10 CD HC DD4A R7U;R7U;9BG148PK0VC417874;;116882;;2026/2027;CINZA AMBAR;         179393;207274,08;0,00;350840,00;207274,08;   222476;PEDRAGON MANAUS;6218,22;1;(690) PDB, (693) UE1, (695) R7U;  /  /     ;2;27/08/2026 00:00;;;PEDRAGON MANAUS;220548     ;DIESEL;0,00;Sim;;  /  /     ;VN - VEICULOS  NOVOS;Não;Não;Não;Não;0,00;FLOOR PLAN - GM;HOLD BACK (GM), (CUSTO) TOP NA VENDA (NOVOS);0,00;0,00;0,00;220548     ;0,00;213492,30;PEDRAGON MANAUS;0,00;AUTOMÁTICO
PEDRAGON MANAUS;NW S10;NW S10 CD HC DD4A R7U;R7U;9BG148PK0VC417904;;116883;;2026/2027;CINZA AMBAR;         179394;207274,08;0,00;350840,00;207274,08;   222477;PEDRAGON MANAUS;6218,22;1;(690) PDB, (693) UE1, (695) R7U;  /  /     ;2;27/08/2026 00:00;;;PEDRAGON MANAUS;220548     ;DIESEL;0,00;Sim;;  /  /     ;VN - VEICULOS  NOVOS;Não;Não;Não;Não;0,00;FLOOR PLAN - GM;HOLD BACK (GM), (CUSTO) TOP NA VENDA (NOVOS);0,00;0,00;0,00;220548     ;0,00;213492,30;PEDRAGON MANAUS;0,00;AUTOMÁTICO
PEDRAGON MANAUS;NW S10;NW S10 CD HC DD4A R7U;R7U;9BG148PK0VC417911;;116884;;2026/2027;CINZA AMBAR;         179395;207274,08;0,00;350840,00;207274,08;   222478;PEDRAGON MANAUS;6218,22;1;(690) PDB, (693) UE1, (695) R7U;  /  /     ;2;27/08/2026 00:00;;;PEDRAGON MANAUS;220548     ;DIESEL;0,00;Sim;;  /  /     ;VN - VEICULOS  NOVOS;Não;Não;Não;Não;0,00;FLOOR PLAN - GM;HOLD BACK (GM), (CUSTO) TOP NA VENDA (NOVOS);0,00;0,00;0,00;220548     ;0,00;213492,30;PEDRAGON MANAUS;0,00;AUTOMÁTICO
PEDRAGON MANAUS;NW S10;NW S10 CD HC DD4A R7U;R7U;9BG148PK0VC417914;;116885;;2026/2027;CINZA AMBAR;         179396;207274,08;0,00;350840,00;207274,08;   222479;PEDRAGON MANAUS;6218,22;1;(690) PDB, (693) UE1, (695) R7U;  /  /     ;2;27/08/2026 00:00;;;PEDRAGON MANAUS;220548     ;DIESEL;0,00;Sim;;  /  /     ;VN - VEICULOS  NOVOS;Não;Não;Não;Não;0,00;FLOOR PLAN - GM;HOLD BACK (GM), (CUSTO) TOP NA VENDA (NOVOS);0,00;0,00;0,00;220548     ;0,00;213492,30;PEDRAGON MANAUS;0,00;AUTOMÁTICO
PEDRAGON MANAUS;NW S10;NW S10 CD HC DD4A R7U;R7U;9BG148PK0VC417917;;116886;;2026/2027;CINZA AMBAR;         179397;207274,08;0,00;350840,00;207274,08;   222480;PEDRAGON MANAUS;6218,22;1;(690) PDB, (693) UE1, (695) R7U;  /  /     ;2;27/08/2026 00:00;;;PEDRAGON MANAUS;220548     ;DIESEL;0,00;Sim;;  /  /     ;VN - VEICULOS  NOVOS;Não;Não;Não;Não;0,00;FLOOR PLAN - GM;HOLD BACK (GM), (CUSTO) TOP NA VENDA (NOVOS);0,00;0,00;0,00;220548     ;0,00;213492,30;PEDRAGON MANAUS;0,00;AUTOMÁTICO
PEDRAGON MANAUS;NW S10;NW S10 CD HC DD4A R7U;R7U;9BG148PK0VC417922;;116887;;2026/2027;CINZA AMBAR;         179398;207274,08;0,00;350840,00;207274,08;   222481;PEDRAGON MANAUS;6218,22;1;(690) PDB, (693) UE1, (695) R7U;  /  /     ;2;27/08/2026 00:00;;;PEDRAGON MANAUS;220548     ;DIESEL;0,00;Sim;;  /  /     ;VN - VEICULOS  NOVOS;Não;Não;Não;Não;0,00;FLOOR PLAN - GM;HOLD BACK (GM), (CUSTO) TOP NA VENDA (NOVOS);0,00;0,00;0,00;220548     ;0,00;213492,30;PEDRAGON MANAUS;0,00;AUTOMÁTICO
PEDRAGON MANAUS;NW S10;NW S10 CD HC DD4A R7U;R7U;9BG148PK0VC417925;;116888;;2026/2027;CINZA AMBAR;         179399;207274,08;0,00;350840,00;207274,08;   222482;PEDRAGON MANAUS;6218,22;1;(690) PDB, (693) UE1, (695) R7U;  /  /     ;2;27/08/2026 00:00;;;PEDRAGON MANAUS;220548     ;DIESEL;0,00;Sim;;  /  /     ;VN - VEICULOS  NOVOS;Não;Não;Não;Não;0,00;FLOOR PLAN - GM;HOLD BACK (GM), (CUSTO) TOP NA VENDA (NOVOS);0,00;0,00;0,00;220548     ;0,00;213492,30;PEDRAGON MANAUS;0,00;AUTOMÁTICO
PEDRAGON MANAUS;NW S10;NW S10 CD HC DD4A R7U;R7U;9BG148PK0VC417928;;116889;;2026/2027;CINZA AMBAR;         179400;207274,08;0,00;350840,00;207274,08;   222483;PEDRAGON MANAUS;6218,22;1;(690) PDB, (693) UE1, (695) R7U;  /  /     ;2;27/08/2026 00:00;;;PEDRAGON MANAUS;220548     ;DIESEL;0,00;Sim;;  /  /     ;VN - VEICULOS  NOVOS;Não;Não;Não;Não;0,00;FLOOR PLAN - GM;HOLD BACK (GM), (CUSTO) TOP NA VENDA (NOVOS);0,00;0,00;0,00;220548     ;0,00;213492,30;PEDRAGON MANAUS;0,00;AUTOMÁTICO
PEDRAGON MANAUS;NW S10;NW S10 CD HC DD4A R7U;R7U;9BG148PK0VC417931;;116890;;2026/2027;CINZA AMBAR;         179401;207274,08;0,00;350840,00;207274,08;   222484;PEDRAGON MANAUS;6218,22;1;(690) PDB, (693) UE1, (695) R7U;  /  /     ;2;27/08/2026 00:00;;;PEDRAGON MANAUS;220548     ;DIESEL;0,00;Sim;;  /  /     ;VN - VEICULOS  NOVOS;Não;Não;Não;Não;0,00;FLOOR PLAN - GM;HOLD BACK (GM), (CUSTO) TOP NA VENDA (NOVOS);0,00;0,00;0,00;220548     ;0,00;213492,30;PEDRAGON MANAUS;0,00;AUTOMÁTICO
PEDRAGON MANAUS;NW S10;NW S10 CD HC DD4A R7U;R7U;9BG148PK0VC417933;;116891;;2026/2027;CINZA AMBAR;         179402;207274,08;0,00;350840,00;207274,08;   222485;PEDRAGON MANAUS;6218,22;1;(690) PDB, (693) UE1, (695) R7U;  /  /     ;2;27/08/2026 00:00;;;PEDRAGON MANAUS;220548     ;DIESEL;0,00;Sim;;  /  /     ;VN - VEICULOS  NOVOS;Não;Não;Não;Não;0,00;FLOOR PLAN - GM;HOLD BACK (GM), (CUSTO) TOP NA VENDA (NOVOS);0,00;0,00;0,00;220548     ;0,00;213492,30;PEDRAGON MANAUS;0,00;AUTOMÁTICO
PEDRAGON MANAUS;NW S10;NW S10 CD HC DD4A R7U;R7U;9BG148PK0VC417936;;115845;;2026/2027;CINZA AMBAR;         179403;207274,08;0,00;350840,00;207274,08;   222486;PEDRAGON MANAUS;0,00;1;(690) PDB, (693) UE1, (695) R7U;  /  /     ;2;27/08/2026 00:00;;;PEDRAGON MANAUS;220548     ;DIESEL;0,00;Sim;;  /  /     ;VN - VEICULOS  NOVOS;Não;Não;Não;Não;0,00;FLOOR PLAN - GM;(CUSTO) TOP NA VENDA (NOVOS);0,00;0,00;0,00;220548     ;0,00;207274,08;PEDRAGON MANAUS;0,00;AUTOMÁTICO
PEDRAGON MANAUS;NW S10;NW S10 CD HC DD4A R7U;R7U;9BG148PK0VC417939;;116892;;2026/2027;CINZA AMBAR;         179404;207274,08;0,00;350840,00;207274,08;   222487;PEDRAGON MANAUS;6218,22;1;(690) PDB, (693) UE1, (695) R7U;  /  /     ;2;27/08/2026 00:00;;;PEDRAGON MANAUS;220548     ;DIESEL;0,00;Sim;;  /  /     ;VN - VEICULOS  NOVOS;Não;Não;Não;Não;0,00;FLOOR PLAN - GM;HOLD BACK (GM), (CUSTO) TOP NA VENDA (NOVOS);0,00;0,00;0,00;220548     ;0,00;213492,30;PEDRAGON MANAUS;0,00;AUTOMÁTICO
PEDRAGON MANAUS;NW S10;NW S10 CD HC DD4A R7U;R7U;9BG148PK0VC410556;;112392;;2026/2027;PRATA SHARK;         175547;207274,08;0,00;350840,00;207274,08;   181040;PEDRAGON MANAUS;6218,22;1;(690) PDB, (693) UE1, (695) R7U;  /  /     ;53;07/07/2026 00:00;Pedido;;PEDRAGON MANAUS;220548     ;DIESEL;0,00;Sim;;  /  /     ;VN - VEICULOS  NOVOS;Sim;Sim;Não;Não;0,00;CAPLAN GM;HOLD BACK (GM), (CUSTO) TOP NA VENDA (NOVOS);0,00;0,00;0,00;220548     ;0,00;213492,30;PEDRAGON MANAUS;0,00;AUTOMÁTICO
PEDRAGON MANAUS;NW S10;NW S10 CD HC DD4A R7U;R7U;9BG148PK0VC407051;;113032;;2026/2027;BRANCO SUMMIT;         176108;206561,64;0,00;349740,00;206561,64;   188101;PEDRAGON MANAUS;6196,85;1;(691) PDJ, (693) UE1, (695) R7U;  /  /     ;44;16/07/2026 00:00;;;PEDRAGON MANAUS;220548     ;DIESEL;0,00;Sim;;  /  /     ;VN - VEICULOS  NOVOS;Não;Não;Não;Não;0,00;CAPLAN GM;HOLD BACK (GM), (CUSTO) TOP NA VENDA (NOVOS);0,00;0,00;0,00;220548     ;0,00;212758,49;PEDRAGON MANAUS;0,00;AUTOMÁTICO
PEDRAGON MANAUS;NW S10;NW S10 CD HC DD4A R7U;R7U;9BG148PK0VC415006;;114316;;2026/2027;PRETO OURO NEGRO;         177409;207274,08;0,00;350840,00;207274,08;   199788;PEDRAGON MANAUS;6218,22;1;(690) PDB, (693) UE1, (695) R7U;  /  /     ;30;30/07/2026 00:00;;;PEDRAGON MANAUS;220548     ;DIESEL;0,00;Sim;;  /  /     ;VN - VEICULOS  NOVOS;Não;Não;Não;Não;0,00;FLOOR PLAN - GM;HOLD BACK (GM), (CUSTO) TOP NA VENDA (NOVOS);0,00;0,00;0,00;220548     ;0,00;213492,30;PEDRAGON MANAUS;0,00;AUTOMÁTICO
PEDRAGON MANAUS;NW S10;NW S10 CD HC DD4A R7U;R7U;9BG148PK0VC415013;;114317;;2026/2027;CINZA TOPAZIO;         177532;207274,08;0,00;350840,00;207274,08;   199794;PEDRAGON MANAUS;6218,22;1;(690) PDB, (693) UE1, (695) R7U;  /  /     ;30;30/07/2026 00:00;;;PEDRAGON MANAUS;220548     ;DIESEL;0,00;Sim;;  /  /     ;VN - VEICULOS  NOVOS;Não;Não;Não;Não;0,00;FLOOR PLAN - GM;HOLD BACK (GM), (CUSTO) TOP NA VENDA (NOVOS);0,00;0,00;0,00;220548     ;0,00;213492,30;PEDRAGON MANAUS;0,00;AUTOMÁTICO
PEDRAGON MANAUS;NW S10;NW S10 CD HC DD4A R7U;R7U;9BG148PK0VC415376;;114319;;2026/2027;CINZA AMBAR;         177533;207274,08;0,00;350840,00;207274,08;   199795;PEDRAGON MANAUS;6218,22;1;(690) PDB, (693) UE1, (695) R7U;  /  /     ;30;30/07/2026 00:00;;;PEDRAGON MANAUS;220548     ;DIESEL;0,00;Sim;;  /  /     ;VN - VEICULOS  NOVOS;Não;Não;Não;Não;0,00;FLOOR PLAN - GM;HOLD BACK (GM), (CUSTO) TOP NA VENDA (NOVOS);0,00;0,00;0,00;220548     ;0,00;213492,30;PEDRAGON MANAUS;0,00;AUTOMÁTICO
PEDRAGON MANAUS;NW S10;NW S10 CD HC DD4A R7U;R7U;9BG148PK0VC414019;;113626;;2026/2027;PRATA SHARK;         176877;207274,08;0,00;350840,00;207274,08;   194462;PEDRAGON MANAUS;6218,22;1;(690) PDB, (693) UE1, (695) R7U;  /  /     ;36;24/07/2026 00:00;Pedido;YNAYARA SINAL DO 2MIL;PEDRAGON MANAUS;220548     ;DIESEL;0,00;Sim;;  /  /     ;VN - VEICULOS  NOVOS;Sim;Sim;Não;Não;0,00;CAPLAN GM;HOLD BACK (GM), (CUSTO) TOP NA VENDA (NOVOS);0,00;0,00;0,00;220548     ;0,00;213492,30;PEDRAGON MANAUS;0,00;AUTOMÁTICO
PEDRAGON MANAUS;NW S10;NW S10 CD HC DD4A R7U;R7U;9BG148PK0VC412247;;114155;;2026/2027;CINZA AMBAR;         177308;207274,08;0,00;350840,00;207274,08;   198547;PEDRAGON MANAUS;6218,22;1;(690) PDB, (693) UE1, (695) R7U;  /  /     ;31;29/07/2026 00:00;Pedido;RAFAELA;PEDRAGON MANAUS;220548     ;DIESEL;0,00;Sim;;  /  /     ;VN - VEICULOS  NOVOS;Sim;Sim;Não;Não;0,00;FLOOR PLAN - GM;HOLD BACK (GM), (CUSTO) TOP NA VENDA (NOVOS);0,00;0,00;0,00;220548     ;0,00;213492,30;PEDRAGON MANAUS;0,00;AUTOMÁTICO
PEDRAGON MANAUS;NW S10;NW S10 CD HC DD4A R7U;R7U;9BG148PK0VC412256;;114157;;2026/2027;CINZA AMBAR;         177311;207274,08;0,00;350840,00;207274,08;   198549;PEDRAGON MANAUS;6218,22;1;(690) PDB, (693) UE1, (695) R7U;  /  /     ;31;29/07/2026 00:00;;;PEDRAGON MANAUS;220548     ;DIESEL;0,00;Sim;;  /  /     ;VN - VEICULOS  NOVOS;Não;Não;Não;Não;0,00;FLOOR PLAN - GM;HOLD BACK (GM), (CUSTO) TOP NA VENDA (NOVOS);0,00;0,00;0,00;220548     ;0,00;213492,30;PEDRAGON MANAUS;0,00;AUTOMÁTICO
PEDRAGON MANAUS;NW S10;NW S10 CD HC DD4A R7U;R7U;9BG148PK0VC412264;;114158;;2026/2027;CINZA AMBAR;         177312;207274,08;0,00;350840,00;207274,08;   198550;PEDRAGON MANAUS;6218,22;1;(690) PDB, (693) UE1, (695) R7U;  /  /     ;31;29/07/2026 00:00;Pedido;ifa;PEDRAGON MANAUS;220548     ;DIESEL;0,00;Sim;;  /  /     ;VN - VEICULOS  NOVOS;Sim;Sim;Não;Não;0,00;FLOOR PLAN - GM;HOLD BACK (GM), (CUSTO) TOP NA VENDA (NOVOS);0,00;0,00;0,00;220548     ;0,00;213492,30;PEDRAGON MANAUS;0,00;AUTOMÁTICO
PEDRAGON MANAUS;NW S10;NW S10 CD HC DD4A R7U;R7U;9BG148PK0VC412269;;114159;;2026/2027;CINZA AMBAR;         177313;207274,08;0,00;350840,00;207274,08;   198551;PEDRAGON MANAUS;6218,22;1;(690) PDB, (693) UE1, (695) R7U;  /  /     ;31;29/07/2026 00:00;;;PEDRAGON MANAUS;220548     ;DIESEL;0,00;Sim;;  /  /     ;VN - VEICULOS  NOVOS;Não;Não;Não;Não;0,00;FLOOR PLAN - GM;HOLD BACK (GM), (CUSTO) TOP NA VENDA (NOVOS);0,00;0,00;0,00;220548     ;0,00;213492,30;PEDRAGON MANAUS;0,00;AUTOMÁTICO
PEDRAGON MANAUS;NW S10;NW S10 CD HC DD4A R7U;R7U;9BG148PK0VC412304;;114160;;2026/2027;CINZA AMBAR;         177314;207274,08;0,00;350840,00;207274,08;   198552;PEDRAGON MANAUS;6218,22;1;(690) PDB, (693) UE1, (695) R7U;  /  /     ;31;29/07/2026 00:00;;;PEDRAGON MANAUS;220548     ;DIESEL;0,00;Sim;;  /  /     ;VN - VEICULOS  NOVOS;Não;Não;Não;Não;0,00;FLOOR PLAN - GM;HOLD BACK (GM), (CUSTO) TOP NA VENDA (NOVOS);0,00;0,00;0,00;220548     ;0,00;213492,30;PEDRAGON MANAUS;0,00;AUTOMÁTICO
PEDRAGON MANAUS;NW S10;NW S10 CD HC DD4A R7U;R7U;9BG148PK0VC412305;;114161;;2026/2027;CINZA AMBAR;         177315;207274,08;0,00;350840,00;207274,08;   198553;PEDRAGON MANAUS;6218,22;1;(690) PDB, (693) UE1, (695) R7U;  /  /     ;31;29/07/2026 00:00;;;PEDRAGON MANAUS;220548     ;DIESEL;0,00;Sim;;  /  /     ;VN - VEICULOS  NOVOS;Não;Não;Não;Não;0,00;FLOOR PLAN - GM;HOLD BACK (GM), (CUSTO) TOP NA VENDA (NOVOS);0,00;0,00;0,00;220548     ;0,00;213492,30;PEDRAGON MANAUS;0,00;AUTOMÁTICO
PEDRAGON MANAUS;NW S10;NW S10 CD HC DD4A R7U;R7U;9BG148PK0VC415325;;114162;;2026/2027;CINZA AMBAR;         177316;207274,08;0,00;350840,00;207274,08;   198554;PEDRAGON MANAUS;6218,22;1;(690) PDB, (693) UE1, (695) R7U;  /  /     ;31;29/07/2026 00:00;;;PEDRAGON MANAUS;220548     ;DIESEL;0,00;Sim;;  /  /     ;VN - VEICULOS  NOVOS;Não;Não;Não;Não;0,00;FLOOR PLAN - GM;HOLD BACK (GM), (CUSTO) TOP NA VENDA (NOVOS);0,00;0,00;0,00;220548     ;0,00;213492,30;PEDRAGON MANAUS;0,00;AUTOMÁTICO
PEDRAGON MANAUS;NW S10;NW S10 CD HC DD4A R7U;R7U;9BG148PK0VC415328;;114163;;2026/2027;CINZA AMBAR;         177317;207274,08;0,00;350840,00;207274,08;   198555;PEDRAGON MANAUS;6218,22;1;(690) PDB, (693) UE1, (695) R7U;  /  /     ;31;29/07/2026 00:00;;;PEDRAGON MANAUS;220548     ;DIESEL;0,00;Sim;;  /  /     ;VN - VEICULOS  NOVOS;Não;Não;Não;Não;0,00;FLOOR PLAN - GM;HOLD BACK (GM), (CUSTO) TOP NA VENDA (NOVOS);0,00;0,00;0,00;220548     ;0,00;213492,30;PEDRAGON MANAUS;0,00;AUTOMÁTICO
PEDRAGON MANAUS;NW S10;NW S10 CD HC DD4A R7U;R7U;9BG148PK0VC415335;;114164;;2026/2027;CINZA AMBAR;         177318;207274,08;0,00;350840,00;207274,08;   198556;PEDRAGON MANAUS;6218,22;1;(690) PDB, (693) UE1, (695) R7U;  /  /     ;31;29/07/2026 00:00;;;PEDRAGON MANAUS;220548     ;DIESEL;0,00;Sim;;  /  /     ;VN - VEICULOS  NOVOS;Não;Não;Não;Não;0,00;FLOOR PLAN - GM;HOLD BACK (GM), (CUSTO) TOP NA VENDA (NOVOS);0,00;0,00;0,00;220548     ;0,00;213492,30;PEDRAGON MANAUS;0,00;AUTOMÁTICO
PEDRAGON MANAUS;NW S10;NW S10 CD HC DD4A R7U;R7U;9BG148PK0VC414206;;113799;;2026/2027;PRETO OURO NEGRO;         177054;207274,08;0,00;350840,00;207274,08;   195968;PEDRAGON MANAUS;6218,22;1;(690) PDB, (693) UE1, (695) R7U;  /  /     ;33;27/07/2026 00:00;;;PEDRAGON MANAUS;220548     ;DIESEL;0,00;Sim;;  /  /     ;VN - VEICULOS  NOVOS;Não;Não;Não;Não;0,00;FLOOR PLAN - GM;HOLD BACK (GM), (CUSTO) TOP NA VENDA (NOVOS);0,00;0,00;0,00;220548     ;0,00;213492,30;PEDRAGON MANAUS;0,00;AUTOMÁTICO
PEDRAGON MANAUS;NW S10;NW S10 CD HC DD4A R7U;R7U;9BG148PK0VC415008;;113800;;2026/2027;VERMELHO SCARLET;         177056;205947,01;0,00;348790,00;205947,01;   195969;PEDRAGON MANAUS;6178,41;1;(693) UE1, (695) R7U;  /  /     ;33;27/07/2026 00:00;;;PEDRAGON MANAUS;220548     ;DIESEL;0,00;Sim;;  /  /     ;VN - VEICULOS  NOVOS;Não;Não;Não;Não;0,00;FLOOR PLAN - GM;HOLD BACK (GM), (CUSTO) TOP NA VENDA (NOVOS);0,00;0,00;0,00;220548     ;0,00;212125,42;PEDRAGON MANAUS;0,00;AUTOMÁTICO
PEDRAGON MANAUS;NW S10;NW S10 CD HC DD4A R7U;R7U;9BG148PK0VC415014;;113801;;2026/2027;CINZA TOPAZIO;         177057;207274,08;0,00;350840,00;207274,08;   195970;PEDRAGON MANAUS;6218,22;1;(690) PDB, (693) UE1, (695) R7U;  /  /     ;33;27/07/2026 00:00;Pedido;;PEDRAGON MANAUS;220548     ;DIESEL;0,00;Sim;;  /  /     ;VN - VEICULOS  NOVOS;Sim;Sim;Não;Não;0,00;FLOOR PLAN - GM;HOLD BACK (GM), (CUSTO) TOP NA VENDA (NOVOS);0,00;0,00;0,00;220548     ;0,00;213492,30;PEDRAGON MANAUS;0,00;AUTOMÁTICO
PEDRAGON MANAUS;NW S10;NW S10 CD HC DD4A R7U;R7U;9BG148PK0VC411486;;113960;;2026/2027;PRETO OURO NEGRO;         177084;207274,08;0,00;350840,00;207274,08;   197280;PEDRAGON MANAUS;6218,22;1;(690) PDB, (693) UE1, (695) R7U;  /  /     ;32;28/07/2026 00:00;;;PEDRAGON MANAUS;220548     ;DIESEL;0,00;Sim;;  /  /     ;VN - VEICULOS  NOVOS;Não;Não;Não;Não;0,00;CAPLAN GM;HOLD BACK (GM), (CUSTO) TOP NA VENDA (NOVOS);0,00;0,00;0,00;220548     ;0,00;213492,30;PEDRAGON MANAUS;0,00;AUTOMÁTICO
PEDRAGON MANAUS;NW S10;NW S10 CD HC DD4A R7U;R7U;9BG148PK0VC411492;;113961;;2026/2027;PRETO OURO NEGRO;         177085;207274,08;0,00;350840,00;207274,08;   197281;PEDRAGON MANAUS;6218,22;1;(690) PDB, (693) UE1, (695) R7U;  /  /     ;32;28/07/2026 00:00;;;PEDRAGON MANAUS;220548     ;DIESEL;0,00;Sim;;  /  /     ;VN - VEICULOS  NOVOS;Não;Não;Não;Não;0,00;CAPLAN GM;HOLD BACK (GM), (CUSTO) TOP NA VENDA (NOVOS);0,00;0,00;0,00;220548     ;0,00;213492,30;PEDRAGON MANAUS;0,00;AUTOMÁTICO
PEDRAGON MANAUS;NW S10;NW S10 CD HC DD4A R7U;R7U;9BG148PK0VC411494;;113962;;2026/2027;PRETO OURO NEGRO;         177086;207274,08;0,00;350840,00;207274,08;   197282;PEDRAGON MANAUS;6218,22;1;(690) PDB, (693) UE1, (695) R7U;  /  /     ;32;28/07/2026 00:00;;;PEDRAGON MANAUS;220548     ;DIESEL;0,00;Sim;;  /  /     ;VN - VEICULOS  NOVOS;Não;Não;Não;Não;0,00;CAPLAN GM;HOLD BACK (GM), (CUSTO) TOP NA VENDA (NOVOS);0,00;0,00;0,00;220548     ;0,00;213492,30;PEDRAGON MANAUS;0,00;AUTOMÁTICO
PEDRAGON MANAUS;NW S10;NW S10 CD HC DD4A R7U;R7U;9BG148PK0VC411495;;113963;;2026/2027;PRETO OURO NEGRO;         177087;207274,08;0,00;350840,00;207274,08;   197283;PEDRAGON MANAUS;6218,22;1;(690) PDB, (693) UE1, (695) R7U;  /  /     ;32;28/07/2026 00:00;;;PEDRAGON MANAUS;220548     ;DIESEL;0,00;Sim;;  /  /     ;VN - VEICULOS  NOVOS;Não;Não;Não;Não;0,00;CAPLAN GM;HOLD BACK (GM), (CUSTO) TOP NA VENDA (NOVOS);0,00;0,00;0,00;220548     ;0,00;213492,30;PEDRAGON MANAUS;0,00;AUTOMÁTICO
PEDRAGON MANAUS;NW S10;NW S10 CD HC DD4A R7U;R7U;9BG148PK0VC411499;;113964;;2026/2027;PRETO OURO NEGRO;         177088;207274,08;0,00;350840,00;207274,08;   197284;PEDRAGON MANAUS;6218,22;1;(690) PDB, (693) UE1, (695) R7U;  /  /     ;32;28/07/2026 00:00;;;PEDRAGON MANAUS;220548     ;DIESEL;0,00;Sim;;  /  /     ;VN - VEICULOS  NOVOS;Não;Não;Não;Não;0,00;CAPLAN GM;HOLD BACK (GM), (CUSTO) TOP NA VENDA (NOVOS);0,00;0,00;0,00;220548     ;0,00;213492,30;PEDRAGON MANAUS;0,00;AUTOMÁTICO
PEDRAGON MANAUS;NW S10;NW S10 CD HC DD4A R7U;R7U;9BG148PK0VC411501;;113965;;2026/2027;PRETO OURO NEGRO;         177089;207274,08;0,00;350840,00;207274,08;   197285;PEDRAGON MANAUS;6218,22;1;(690) PDB, (693) UE1, (695) R7U;  /  /     ;32;28/07/2026 00:00;;;PEDRAGON MANAUS;220548     ;DIESEL;0,00;Sim;;  /  /     ;VN - VEICULOS  NOVOS;Não;Não;Não;Não;0,00;CAPLAN GM;HOLD BACK (GM), (CUSTO) TOP NA VENDA (NOVOS);0,00;0,00;0,00;220548     ;0,00;213492,30;PEDRAGON MANAUS;0,00;AUTOMÁTICO
PEDRAGON MANAUS;NW S10;NW S10 CD HC DD4A R7U;R7U;9BG148PK0VC411503;;113966;;2026/2027;PRETO OURO NEGRO;         177090;207274,08;0,00;350840,00;207274,08;   197286;PEDRAGON MANAUS;6218,22;1;(690) PDB, (693) UE1, (695) R7U;  /  /     ;32;28/07/2026 00:00;;;PEDRAGON MANAUS;220548     ;DIESEL;0,00;Sim;;  /  /     ;VN - VEICULOS  NOVOS;Não;Não;Não;Não;0,00;CAPLAN GM;HOLD BACK (GM), (CUSTO) TOP NA VENDA (NOVOS);0,00;0,00;0,00;220548     ;0,00;213492,30;PEDRAGON MANAUS;0,00;AUTOMÁTICO
PEDRAGON MANAUS;NW S10;NW S10 CD HC DD4A R7U;R7U;9BG148PK0VC411505;;113967;;2026/2027;PRETO OURO NEGRO;         177092;207274,08;0,00;350840,00;207274,08;   197287;PEDRAGON MANAUS;6218,22;1;(690) PDB, (693) UE1, (695) R7U;  /  /     ;32;28/07/2026 00:00;;;PEDRAGON MANAUS;220548     ;DIESEL;0,00;Sim;;  /  /     ;VN - VEICULOS  NOVOS;Não;Não;Não;Não;0,00;CAPLAN GM;HOLD BACK (GM), (CUSTO) TOP NA VENDA (NOVOS);0,00;0,00;0,00;220548     ;0,00;213492,30;PEDRAGON MANAUS;0,00;AUTOMÁTICO
PEDRAGON MANAUS;NW S10;NW S10 CD HC DD4A R7U;R7U;9BG148PK0VC411510;;113968;;2026/2027;PRETO OURO NEGRO;         177093;207274,08;0,00;350840,00;207274,08;   197288;PEDRAGON MANAUS;6218,22;1;(690) PDB, (693) UE1, (695) R7U;  /  /     ;32;28/07/2026 00:00;;;PEDRAGON MANAUS;220548     ;DIESEL;0,00;Sim;;  /  /     ;VN - VEICULOS  NOVOS;Não;Não;Não;Não;0,00;CAPLAN GM;HOLD BACK (GM), (CUSTO) TOP NA VENDA (NOVOS);0,00;0,00;0,00;220548     ;0,00;213492,30;PEDRAGON MANAUS;0,00;AUTOMÁTICO
PEDRAGON MANAUS;NW S10;NW S10 CD HC DD4A R7U;R7U;9BG148PK0VC411767;;113969;;2026/2027;PRETO OURO NEGRO;         177097;207274,08;0,00;350840,00;207274,08;   197289;PEDRAGON MANAUS;6218,22;1;(690) PDB, (693) UE1, (695) R7U;  /  /     ;32;28/07/2026 00:00;;;PEDRAGON MANAUS;220548     ;DIESEL;0,00;Sim;;  /  /     ;VN - VEICULOS  NOVOS;Não;Não;Não;Não;0,00;CAPLAN GM;HOLD BACK (GM), (CUSTO) TOP NA VENDA (NOVOS);0,00;0,00;0,00;220548     ;0,00;213492,30;PEDRAGON MANAUS;0,00;AUTOMÁTICO
PEDRAGON MANAUS;NW S10;NW S10 CD HC DD4A R7U;R7U;9BG148PK0VC411774;;113970;;2026/2027;PRETO OURO NEGRO;         177098;207274,08;0,00;350840,00;207274,08;   197290;PEDRAGON MANAUS;6218,22;1;(690) PDB, (693) UE1, (695) R7U;  /  /     ;32;28/07/2026 00:00;;;PEDRAGON MANAUS;220548     ;DIESEL;0,00;Sim;;  /  /     ;VN - VEICULOS  NOVOS;Não;Não;Não;Não;0,00;CAPLAN GM;HOLD BACK (GM), (CUSTO) TOP NA VENDA (NOVOS);0,00;0,00;0,00;220548     ;0,00;213492,30;PEDRAGON MANAUS;0,00;AUTOMÁTICO
PEDRAGON MANAUS;NW S10;NW S10 CD HC DD4A R7U;R7U;9BG148PK0VC411782;;113971;;2026/2027;PRETO OURO NEGRO;         177100;207274,08;0,00;350840,00;207274,08;   197291;PEDRAGON MANAUS;6218,22;1;(690) PDB, (693) UE1, (695) R7U;  /  /     ;32;28/07/2026 00:00;;;PEDRAGON MANAUS;220548     ;DIESEL;0,00;Sim;;  /  /     ;VN - VEICULOS  NOVOS;Não;Não;Não;Não;0,00;CAPLAN GM;HOLD BACK (GM), (CUSTO) TOP NA VENDA (NOVOS);0,00;0,00;0,00;220548     ;0,00;213492,30;PEDRAGON MANAUS;0,00;AUTOMÁTICO
PEDRAGON MANAUS;NW S10;NW S10 CD HC DD4A R7U;R7U;9BG148PK0VC411787;;113972;;2026/2027;PRETO OURO NEGRO;         177101;207274,08;0,00;350840,00;207274,08;   197292;PEDRAGON MANAUS;6218,22;1;(690) PDB, (693) UE1, (695) R7U;  /  /     ;32;28/07/2026 00:00;;;PEDRAGON MANAUS;220548     ;DIESEL;0,00;Sim;;  /  /     ;VN - VEICULOS  NOVOS;Não;Não;Não;Não;0,00;CAPLAN GM;HOLD BACK (GM), (CUSTO) TOP NA VENDA (NOVOS);0,00;0,00;0,00;220548     ;0,00;213492,30;PEDRAGON MANAUS;0,00;AUTOMÁTICO
PEDRAGON MANAUS;NW S10;NW S10 CD HC DD4A R7U;R7U;9BG148PK0VC411790;;113973;;2026/2027;PRETO OURO NEGRO;         177102;207274,08;0,00;350840,00;207274,08;   197293;PEDRAGON MANAUS;6218,22;1;(690) PDB, (693) UE1, (695) R7U;  /  /     ;32;28/07/2026 00:00;;;PEDRAGON MANAUS;220548     ;DIESEL;0,00;Sim;;  /  /     ;VN - VEICULOS  NOVOS;Não;Não;Não;Não;0,00;CAPLAN GM;HOLD BACK (GM), (CUSTO) TOP NA VENDA (NOVOS);0,00;0,00;0,00;220548     ;0,00;213492,30;PEDRAGON MANAUS;0,00;AUTOMÁTICO
PEDRAGON MANAUS;NW S10;NW S10 CD HC DD4A R7U;R7U;9BG148PK0VC411794;;113974;;2026/2027;PRETO OURO NEGRO;         177103;207274,08;0,00;350840,00;207274,08;   197294;PEDRAGON MANAUS;6218,22;1;(690) PDB, (693) UE1, (695) R7U;  /  /     ;32;28/07/2026 00:00;;;PEDRAGON MANAUS;220548     ;DIESEL;0,00;Sim;;  /  /     ;VN - VEICULOS  NOVOS;Não;Não;Não;Não;0,00;CAPLAN GM;HOLD BACK (GM), (CUSTO) TOP NA VENDA (NOVOS);0,00;0,00;0,00;220548     ;0,00;213492,30;PEDRAGON MANAUS;0,00;AUTOMÁTICO
PEDRAGON MANAUS;NW S10;NW S10 CD HC DD4A R7U;R7U;9BG148PK0VC417350;;115406;;2026/2027;BRANCO DUNAS;         178135;206561,64;0,00;349740,00;206561,64;   209970;PEDRAGON MANAUS;6196,85;1;(691) PDJ, (693) UE1, (695) R7U;  /  /     ;17;12/08/2026 00:00;;;PEDRAGON MANAUS;220548     ;DIESEL;0,00;Sim;;  /  /     ;VN - VEICULOS  NOVOS;Não;Não;Não;Não;0,00;CAPLAN GM;HOLD BACK (GM), (CUSTO) TOP NA VENDA (NOVOS);0,00;0,00;0,00;220548     ;0,00;212758,49;PEDRAGON MANAUS;0,00;AUTOMÁTICO
PEDRAGON MANAUS;NW S10;NW S10 CD HC DD4A R7U;R7U;9BG148PK0VC417368;;115407;;2026/2027;BRANCO DUNAS;         178136;206561,64;0,00;349740,00;206561,64;   209971;PEDRAGON MANAUS;6196,85;1;(691) PDJ, (693) UE1, (695) R7U;  /  /     ;17;12/08/2026 00:00;;;PEDRAGON MANAUS;220548     ;DIESEL;0,00;Sim;;  /  /     ;VN - VEICULOS  NOVOS;Não;Não;Não;Não;0,00;CAPLAN GM;HOLD BACK (GM), (CUSTO) TOP NA VENDA (NOVOS);0,00;0,00;0,00;220548     ;0,00;212758,49;PEDRAGON MANAUS;0,00;AUTOMÁTICO
PEDRAGON MANAUS;NW S10;NW S10 CD HC DD4A R7U;R7U;9BG148PK0VC417371;;115408;;2026/2027;BRANCO DUNAS;         178137;206561,64;0,00;349740,00;206561,64;   209972;PEDRAGON MANAUS;6196,85;1;(691) PDJ, (693) UE1, (695) R7U;  /  /     ;17;12/08/2026 00:00;;;PEDRAGON MANAUS;220548     ;DIESEL;0,00;Sim;;  /  /     ;VN - VEICULOS  NOVOS;Não;Não;Não;Não;0,00;CAPLAN GM;HOLD BACK (GM), (CUSTO) TOP NA VENDA (NOVOS);0,00;0,00;0,00;220548     ;0,00;212758,49;PEDRAGON MANAUS;0,00;AUTOMÁTICO
PEDRAGON MANAUS;NW S10;NW S10 CD HC DD4A R7U;R7U;9BG148PK0VC417379;;115409;;2026/2027;BRANCO DUNAS;         178138;206561,64;0,00;349740,00;206561,64;   209973;PEDRAGON MANAUS;6196,85;1;(691) PDJ, (693) UE1, (695) R7U;  /  /     ;17;12/08/2026 00:00;;;PEDRAGON MANAUS;220548     ;DIESEL;0,00;Sim;;  /  /     ;VN - VEICULOS  NOVOS;Não;Não;Não;Não;0,00;CAPLAN GM;HOLD BACK (GM), (CUSTO) TOP NA VENDA (NOVOS);0,00;0,00;0,00;220548     ;0,00;212758,49;PEDRAGON MANAUS;0,00;AUTOMÁTICO
PEDRAGON MANAUS;NW S10;NW S10 CD HC DD4A R7U;R7U;9BG148PK0VC417393;;115410;;2026/2027;BRANCO DUNAS;         178139;206561,64;0,00;349740,00;206561,64;   209974;PEDRAGON MANAUS;6196,85;1;(691) PDJ, (693) UE1, (695) R7U;  /  /     ;17;12/08/2026 00:00;;;PEDRAGON MANAUS;220548     ;DIESEL;0,00;Sim;;  /  /     ;VN - VEICULOS  NOVOS;Não;Não;Não;Não;0,00;CAPLAN GM;HOLD BACK (GM), (CUSTO) TOP NA VENDA (NOVOS);0,00;0,00;0,00;220548     ;0,00;212758,49;PEDRAGON MANAUS;0,00;AUTOMÁTICO
PEDRAGON MANAUS;NW S10;NW S10 CD HC DD4A R7U;R7U;9BG148PK0VC417460;;115411;;2026/2027;BRANCO DUNAS;         178140;206561,64;0,00;349740,00;206561,64;   209975;PEDRAGON MANAUS;6196,85;1;(691) PDJ, (693) UE1, (695) R7U;  /  /     ;17;12/08/2026 00:00;;;PEDRAGON MANAUS;220548     ;DIESEL;0,00;Sim;;  /  /     ;VN - VEICULOS  NOVOS;Não;Não;Não;Não;0,00;CAPLAN GM;HOLD BACK (GM), (CUSTO) TOP NA VENDA (NOVOS);0,00;0,00;0,00;220548     ;0,00;212758,49;PEDRAGON MANAUS;0,00;AUTOMÁTICO
PEDRAGON MANAUS;NW S10;NW S10 CD HC DD4A R7U;R7U;9BG148PK0VC412921;;115084;;2026/2027;PRETO OURO NEGRO;         177943;207274,08;0,00;350840,00;207274,08;   206326;PEDRAGON MANAUS;6218,22;1;(690) PDB, (693) UE1, (695) R7U;  /  /     ;22;07/08/2026 00:00;;;PEDRAGON MANAUS;220548     ;DIESEL;0,00;Sim;;  /  /     ;VN - VEICULOS  NOVOS;Não;Não;Não;Não;0,00;CAPLAN GM;HOLD BACK (GM), (CUSTO) TOP NA VENDA (NOVOS);0,00;0,00;0,00;220548     ;0,00;213492,30;PEDRAGON MANAUS;0,00;AUTOMÁTICO
PEDRAGON MANAUS;NW S10;NW S10 CD HC DD4A R7U;R7U;9BG148PK0VC415015;;115085;;2026/2027;PRATA SHARK;         177944;207274,08;0,00;350840,00;207274,08;   206327;PEDRAGON MANAUS;6218,22;1;(690) PDB, (693) UE1, (695) R7U;  /  /     ;22;07/08/2026 00:00;;IZABELLY;PEDRAGON MANAUS;220548     ;DIESEL;0,00;Sim;;  /  /     ;VN - VEICULOS  NOVOS;Não;Não;Não;Não;0,00;CAPLAN GM;HOLD BACK (GM), (CUSTO) TOP NA VENDA (NOVOS);0,00;0,00;0,00;220548     ;0,00;213492,30;PEDRAGON MANAUS;0,00;AUTOMÁTICO
PEDRAGON MANAUS;NW S10;NW S10 CD HC DD4A R7U;R7U;9BG148PK0VC415029;;115086;;2026/2027;BRANCO DUNAS;         177945;206561,64;0,00;349740,00;206561,64;   206328;PEDRAGON MANAUS;6196,85;1;(691) PDJ, (693) UE1, (695) R7U;  /  /     ;22;07/08/2026 00:00;;;PEDRAGON MANAUS;220548     ;DIESEL;0,00;Sim;;  /  /     ;VN - VEICULOS  NOVOS;Não;Não;Não;Não;0,00;CAPLAN GM;HOLD BACK (GM), (CUSTO) TOP NA VENDA (NOVOS);0,00;0,00;0,00;220548     ;0,00;212758,49;PEDRAGON MANAUS;0,00;AUTOMÁTICO
PEDRAGON MANAUS;NW S10;NW S10 CD HC DD4A R7U;R7U;9BG148PK0VC415036;;115087;;2026/2027;BRANCO DUNAS;         177946;206561,64;0,00;349740,00;206561,64;   206329;PEDRAGON MANAUS;6196,85;1;(691) PDJ, (693) UE1, (695) R7U;  /  /     ;22;07/08/2026 00:00;;;PEDRAGON MANAUS;220548     ;DIESEL;0,00;Sim;;  /  /     ;VN - VEICULOS  NOVOS;Não;Não;Não;Não;0,00;CAPLAN GM;HOLD BACK (GM), (CUSTO) TOP NA VENDA (NOVOS);0,00;0,00;0,00;220548     ;0,00;212758,49;PEDRAGON MANAUS;0,00;AUTOMÁTICO
PEDRAGON MANAUS;NW S10;NW S10 CD HC DD4A R7U;R7U;9BG148PK0VC415378;;115088;;2026/2027;CINZA AMBAR;         177947;207274,08;0,00;350840,00;207274,08;   206330;PEDRAGON MANAUS;6218,22;1;(690) PDB, (693) UE1, (695) R7U;  /  /     ;22;07/08/2026 00:00;;;PEDRAGON MANAUS;220548     ;DIESEL;0,00;Sim;;  /  /     ;VN - VEICULOS  NOVOS;Não;Não;Não;Não;0,00;CAPLAN GM;HOLD BACK (GM), (CUSTO) TOP NA VENDA (NOVOS);0,00;0,00;0,00;220548     ;0,00;213492,30;PEDRAGON MANAUS;0,00;AUTOMÁTICO
PEDRAGON MANAUS;NW S10;NW S10 CD HC DD4A R7U;R7U;9BG148PK0VC412140;;114549;;2026/2027;VERMELHO SCARLET;         177653;205947,01;0,00;348790,00;205947,01;   201416;PEDRAGON MANAUS;6178,41;1;(693) UE1, (695) R7U;  /  /     ;29;31/07/2026 00:00;;LARISSA ;PEDRAGON MANAUS;220548     ;DIESEL;0,00;Sim;;  /  /     ;VN - VEICULOS  NOVOS;Não;Não;Não;Não;0,00;CAPLAN GM;HOLD BACK (GM), (CUSTO) TOP NA VENDA (NOVOS);0,00;0,00;0,00;220548     ;0,00;212125,42;PEDRAGON MANAUS;0,00;AUTOMÁTICO
PEDRAGON MANAUS;NW S10;NW S10 CD HC DD4A R7U;R7U;9BG148PK0VC412144;;114550;;2026/2027;VERMELHO SCARLET;         177654;205947,01;0,00;348790,00;205947,01;   201417;PEDRAGON MANAUS;6178,41;1;(693) UE1, (695) R7U;  /  /     ;29;31/07/2026 00:00;;;PEDRAGON MANAUS;220548     ;DIESEL;0,00;Sim;;  /  /     ;VN - VEICULOS  NOVOS;Não;Não;Não;Não;0,00;CAPLAN GM;HOLD BACK (GM), (CUSTO) TOP NA VENDA (NOVOS);0,00;0,00;0,00;220548     ;0,00;212125,42;PEDRAGON MANAUS;0,00;AUTOMÁTICO
PEDRAGON MANAUS;NW S10;NW S10 CD HC DD4A R7U;R7U;9BG148PK0VC412147;;114551;;2026/2027;VERMELHO SCARLET;         177655;205947,01;0,00;348790,00;205947,01;   201418;PEDRAGON MANAUS;6178,41;1;(693) UE1, (695) R7U;  /  /     ;29;31/07/2026 00:00;;;PEDRAGON MANAUS;220548     ;DIESEL;0,00;Sim;;  /  /     ;VN - VEICULOS  NOVOS;Não;Não;Não;Não;0,00;CAPLAN GM;HOLD BACK (GM), (CUSTO) TOP NA VENDA (NOVOS);0,00;0,00;0,00;220548     ;0,00;212125,42;PEDRAGON MANAUS;0,00;AUTOMÁTICO
PEDRAGON MANAUS;NW S10;NW S10 CD HC DD4A R7U;R7U;9BG148PK0VC412150;;114552;;2026/2027;VERMELHO SCARLET;         177656;205947,01;0,00;348790,00;205947,01;   201419;PEDRAGON MANAUS;6178,41;1;(693) UE1, (695) R7U;  /  /     ;29;31/07/2026 00:00;;;PEDRAGON MANAUS;220548     ;DIESEL;0,00;Sim;;  /  /     ;VN - VEICULOS  NOVOS;Não;Não;Não;Não;0,00;CAPLAN GM;HOLD BACK (GM), (CUSTO) TOP NA VENDA (NOVOS);0,00;0,00;0,00;220548     ;0,00;212125,42;PEDRAGON MANAUS;0,00;AUTOMÁTICO
PEDRAGON MANAUS;NW S10;NW S10 CD HC DD4A R7U;R7U;9BG148PK0VC415504;;114560;;2026/2027;BRANCO DUNAS;         177657;206561,64;0,00;349740,00;206561,64;   201420;PEDRAGON MANAUS;6196,85;1;(691) PDJ, (693) UE1, (695) R7U;  /  /     ;29;31/07/2026 00:00;;;PEDRAGON MANAUS;220548     ;DIESEL;0,00;Sim;;  /  /     ;VN - VEICULOS  NOVOS;Não;Não;Não;Não;0,00;CAPLAN GM;HOLD BACK (GM), (CUSTO) TOP NA VENDA (NOVOS);0,00;0,00;0,00;220548     ;0,00;212758,49;PEDRAGON MANAUS;0,00;AUTOMÁTICO
PEDRAGON MANAUS;NW S10;NW S10 CD HC DD4A R7U;R7U;9BG148PK0VC415549;;114562;;2026/2027;BRANCO DUNAS;         177658;206561,64;0,00;349740,00;206561,64;   201421;PEDRAGON MANAUS;6196,85;1;(691) PDJ, (693) UE1, (695) R7U;  /  /     ;29;31/07/2026 00:00;;;PEDRAGON MANAUS;220548     ;DIESEL;0,00;Sim;;  /  /     ;VN - VEICULOS  NOVOS;Não;Não;Não;Não;0,00;CAPLAN GM;HOLD BACK (GM), (CUSTO) TOP NA VENDA (NOVOS);0,00;0,00;0,00;220548     ;0,00;212758,49;PEDRAGON MANAUS;0,00;AUTOMÁTICO
PEDRAGON MANAUS;NW S10;NW S10 CD HC DD4A R7U;R7U;9BG148PK0VC408455;;114541;;2026/2027;BRANCO SUMMIT;         177683;206561,64;0,00;349740,00;206561,64;   201422;PEDRAGON MANAUS;6196,85;1;(691) PDJ, (693) UE1, (695) R7U;  /  /     ;29;31/07/2026 00:00;Pedido;;PEDRAGON MANAUS;220548     ;DIESEL;0,00;Sim;;  /  /     ;VN - VEICULOS  NOVOS;Sim;Sim;Não;Não;0,00;FLOOR PLAN - GM;HOLD BACK (GM), (CUSTO) TOP NA VENDA (NOVOS);0,00;0,00;0,00;220548     ;0,00;212758,49;PEDRAGON MANAUS;0,00;AUTOMÁTICO
PEDRAGON MANAUS;NW S10;NW S10 CD HC DD4A R7U;R7U;9BG148PK0VC410205;;114546;;2026/2027;BRANCO SUMMIT;         177684;206561,64;0,00;349740,00;206561,64;   201423;PEDRAGON MANAUS;6196,85;1;(691) PDJ, (693) UE1, (695) R7U;  /  /     ;29;31/07/2026 00:00;;;PEDRAGON MANAUS;220548     ;DIESEL;0,00;Sim;;  /  /     ;VN - VEICULOS  NOVOS;Não;Não;Não;Não;0,00;FLOOR PLAN - GM;HOLD BACK (GM), (CUSTO) TOP NA VENDA (NOVOS);0,00;0,00;0,00;220548     ;0,00;212758,49;PEDRAGON MANAUS;0,00;AUTOMÁTICO
PEDRAGON MANAUS;NW S10;NW S10 CD HC DD4A R7U;R7U;9BG148PK0VC410210;;114547;;2026/2027;BRANCO SUMMIT;         177685;206561,64;0,00;349740,00;206561,64;   201424;PEDRAGON MANAUS;6196,85;1;(691) PDJ, (693) UE1, (695) R7U;  /  /     ;29;31/07/2026 00:00;;;PEDRAGON MANAUS;220548     ;DIESEL;0,00;Sim;;  /  /     ;VN - VEICULOS  NOVOS;Não;Não;Não;Não;0,00;FLOOR PLAN - GM;HOLD BACK (GM), (CUSTO) TOP NA VENDA (NOVOS);0,00;0,00;0,00;220548     ;0,00;212758,49;PEDRAGON MANAUS;0,00;AUTOMÁTICO
PEDRAGON MANAUS;NW S10;NW S10 CD HC DD4A R7U;R7U;9BG148PK0VC410211;;114548;;2026/2027;BRANCO SUMMIT;         177686;206561,64;0,00;349740,00;206561,64;   201425;PEDRAGON MANAUS;6196,85;1;(691) PDJ, (693) UE1, (695) R7U;  /  /     ;29;31/07/2026 00:00;;;PEDRAGON MANAUS;220548     ;DIESEL;0,00;Sim;;  /  /     ;VN - VEICULOS  NOVOS;Não;Não;Não;Não;0,00;FLOOR PLAN - GM;HOLD BACK (GM), (CUSTO) TOP NA VENDA (NOVOS);0,00;0,00;0,00;220548     ;0,00;212758,49;PEDRAGON MANAUS;0,00;AUTOMÁTICO
PEDRAGON MANAUS;NW S10;NW S10 CD HC DD4A R7U;R7U;9BG148PK0VC413464;;114553;;2026/2027;BRANCO SUMMIT;         177687;206561,64;0,00;349740,00;206561,64;   201426;PEDRAGON MANAUS;6196,85;1;(691) PDJ, (693) UE1, (695) R7U;  /  /     ;29;31/07/2026 00:00;;;PEDRAGON MANAUS;220548     ;DIESEL;0,00;Sim;;  /  /     ;VN - VEICULOS  NOVOS;Não;Não;Não;Não;0,00;FLOOR PLAN - GM;HOLD BACK (GM), (CUSTO) TOP NA VENDA (NOVOS);0,00;0,00;0,00;220548     ;0,00;212758,49;PEDRAGON MANAUS;0,00;AUTOMÁTICO
PEDRAGON MANAUS;NW S10;NW S10 CD HC DD4A R7U;R7U;9BG148PK0VC413479;;114554;;2026/2027;BRANCO SUMMIT;         177688;206561,64;0,00;349740,00;206561,64;   201427;PEDRAGON MANAUS;6196,85;1;(691) PDJ, (693) UE1, (695) R7U;  /  /     ;29;31/07/2026 00:00;;;PEDRAGON MANAUS;220548     ;DIESEL;0,00;Sim;;  /  /     ;VN - VEICULOS  NOVOS;Não;Não;Não;Não;0,00;FLOOR PLAN - GM;HOLD BACK (GM), (CUSTO) TOP NA VENDA (NOVOS);0,00;0,00;0,00;220548     ;0,00;212758,49;PEDRAGON MANAUS;0,00;AUTOMÁTICO
PEDRAGON MANAUS;NW S10;NW S10 CD HC DD4A R7U;R7U;9BG148PK0VC413540;;114555;;2026/2027;BRANCO SUMMIT;         177689;206561,64;0,00;349740,00;206561,64;   201428;PEDRAGON MANAUS;6196,85;1;(691) PDJ, (693) UE1, (695) R7U;  /  /     ;29;31/07/2026 00:00;;;PEDRAGON MANAUS;220548     ;DIESEL;0,00;Sim;;  /  /     ;VN - VEICULOS  NOVOS;Não;Não;Não;Não;0,00;FLOOR PLAN - GM;HOLD BACK (GM), (CUSTO) TOP NA VENDA (NOVOS);0,00;0,00;0,00;220548     ;0,00;212758,49;PEDRAGON MANAUS;0,00;AUTOMÁTICO
PEDRAGON MANAUS;NW S10;NW S10 CD HC DD4A R7U;R7U;9BG148PK0VC414760;;114556;;2026/2027;BRANCO SUMMIT;         177690;206561,64;0,00;349740,00;206561,64;   201429;PEDRAGON MANAUS;6196,85;1;(691) PDJ, (693) UE1, (695) R7U;  /  /     ;29;31/07/2026 00:00;;;PEDRAGON MANAUS;220548     ;DIESEL;0,00;Sim;;  /  /     ;VN - VEICULOS  NOVOS;Não;Não;Não;Não;0,00;FLOOR PLAN - GM;HOLD BACK (GM), (CUSTO) TOP NA VENDA (NOVOS);0,00;0,00;0,00;220548     ;0,00;212758,49;PEDRAGON MANAUS;0,00;AUTOMÁTICO
PEDRAGON MANAUS;NW S10;NW S10 CD HC DD4A R7U;R7U;9BG148PK0VC414765;;114557;;2026/2027;BRANCO SUMMIT;         177691;206561,64;0,00;349740,00;206561,64;   201430;PEDRAGON MANAUS;6196,85;1;(691) PDJ, (693) UE1, (695) R7U;  /  /     ;29;31/07/2026 00:00;;;PEDRAGON MANAUS;220548     ;DIESEL;0,00;Sim;;  /  /     ;VN - VEICULOS  NOVOS;Não;Não;Não;Não;0,00;FLOOR PLAN - GM;HOLD BACK (GM), (CUSTO) TOP NA VENDA (NOVOS);0,00;0,00;0,00;220548     ;0,00;212758,49;PEDRAGON MANAUS;0,00;AUTOMÁTICO
PEDRAGON MANAUS;NW S10;NW S10 CD HC DD4A R7U;R7U;9BG148PK0VC415530;;114561;;2026/2027;BRANCO SUMMIT;         177692;206561,64;0,00;349740,00;206561,64;   201431;PEDRAGON MANAUS;6196,85;1;(691) PDJ, (693) UE1, (695) R7U;  /  /     ;29;31/07/2026 00:00;;;PEDRAGON MANAUS;220548     ;DIESEL;0,00;Sim;;  /  /     ;VN - VEICULOS  NOVOS;Não;Não;Não;Não;0,00;FLOOR PLAN - GM;HOLD BACK (GM), (CUSTO) TOP NA VENDA (NOVOS);0,00;0,00;0,00;220548     ;0,00;212758,49;PEDRAGON MANAUS;0,00;AUTOMÁTICO
PEDRAGON MANAUS;NW S10;NW S10 CD HC DD4A R7U;R7U;9BG148PK0VC415574;;114563;;2026/2027;BRANCO SUMMIT;         177693;206561,64;0,00;349740,00;206561,64;   201432;PEDRAGON MANAUS;6196,85;1;(691) PDJ, (693) UE1, (695) R7U;  /  /     ;29;31/07/2026 00:00;;;PEDRAGON MANAUS;220548     ;DIESEL;0,00;Sim;;  /  /     ;VN - VEICULOS  NOVOS;Não;Não;Não;Não;0,00;FLOOR PLAN - GM;HOLD BACK (GM), (CUSTO) TOP NA VENDA (NOVOS);0,00;0,00;0,00;220548     ;0,00;212758,49;PEDRAGON MANAUS;0,00;AUTOMÁTICO
PEDRAGON MANAUS;NW S10;NW S10 CD HC DD4A R7U;R7U;9BG148PK0VC415601;;114564;;2026/2027;BRANCO SUMMIT;         177694;206561,64;0,00;349740,00;206561,64;   201433;PEDRAGON MANAUS;6196,85;1;(691) PDJ, (693) UE1, (695) R7U;  /  /     ;29;31/07/2026 00:00;;;PEDRAGON MANAUS;220548     ;DIESEL;0,00;Sim;;  /  /     ;VN - VEICULOS  NOVOS;Não;Não;Não;Não;0,00;FLOOR PLAN - GM;HOLD BACK (GM), (CUSTO) TOP NA VENDA (NOVOS);0,00;0,00;0,00;220548     ;0,00;212758,49;PEDRAGON MANAUS;0,00;AUTOMÁTICO
PEDRAGON MANAUS;NW S10;NW S10 CD HC DD4A R7U;R7U;9BG148PK0VC415624;;114565;;2026/2027;BRANCO SUMMIT;         177695;206561,64;0,00;349740,00;206561,64;   201434;PEDRAGON MANAUS;6196,85;1;(691) PDJ, (693) UE1, (695) R7U;  /  /     ;29;31/07/2026 00:00;;;PEDRAGON MANAUS;220548     ;DIESEL;0,00;Sim;;  /  /     ;VN - VEICULOS  NOVOS;Não;Não;Não;Não;0,00;FLOOR PLAN - GM;HOLD BACK (GM), (CUSTO) TOP NA VENDA (NOVOS);0,00;0,00;0,00;220548     ;0,00;212758,49;PEDRAGON MANAUS;0,00;AUTOMÁTICO
PEDRAGON MANAUS;NW S10;NW S10 CD HC DD4A R7U;R7U;9BG148PK0VC415671;;114566;;2026/2027;BRANCO SUMMIT;         177696;206561,64;0,00;349740,00;206561,64;   201435;PEDRAGON MANAUS;6196,85;1;(691) PDJ, (693) UE1, (695) R7U;  /  /     ;29;31/07/2026 00:00;;;PEDRAGON MANAUS;220548     ;DIESEL;0,00;Sim;;  /  /     ;VN - VEICULOS  NOVOS;Não;Não;Não;Não;0,00;FLOOR PLAN - GM;HOLD BACK (GM), (CUSTO) TOP NA VENDA (NOVOS);0,00;0,00;0,00;220548     ;0,00;212758,49;PEDRAGON MANAUS;0,00;AUTOMÁTICO
PEDRAGON MANAUS;NW S10;NW S10 CD HC DD4A R7U;R7U;9BG148PK0VC415824;;114567;;2026/2027;BRANCO DUNAS;         177697;206561,64;0,00;349740,00;206561,64;   201436;PEDRAGON MANAUS;6196,85;1;(691) PDJ, (693) UE1, (695) R7U;  /  /     ;29;31/07/2026 00:00;;;PEDRAGON MANAUS;220548     ;DIESEL;0,00;Sim;;  /  /     ;VN - VEICULOS  NOVOS;Não;Não;Não;Não;0,00;FLOOR PLAN - GM;HOLD BACK (GM), (CUSTO) TOP NA VENDA (NOVOS);0,00;0,00;0,00;220548     ;0,00;212758,49;PEDRAGON MANAUS;0,00;AUTOMÁTICO
PEDRAGON MANAUS;NW S10;NW S10 CD HC DD4A R7U;R7U;9BG148PK0VC415894;;114568;;2026/2027;BRANCO DUNAS;         177698;206561,64;0,00;349740,00;206561,64;   201437;PEDRAGON MANAUS;6196,85;1;(691) PDJ, (693) UE1, (695) R7U;  /  /     ;29;31/07/2026 00:00;;paulo;PEDRAGON MANAUS;220548     ;DIESEL;0,00;Sim;;  /  /     ;VN - VEICULOS  NOVOS;Não;Não;Não;Não;0,00;FLOOR PLAN - GM;HOLD BACK (GM), (CUSTO) TOP NA VENDA (NOVOS);0,00;0,00;0,00;220548     ;0,00;212758,49;PEDRAGON MANAUS;0,00;AUTOMÁTICO
PEDRAGON MANAUS;NW S10;NW S10 CD HC DD4A R7U;R7U;9BG148PK0VC415906;;114569;;2026/2027;VERMELHO SCARLET;         177699;205947,01;0,00;348790,00;205947,01;   201438;PEDRAGON MANAUS;6178,41;1;(693) UE1, (695) R7U;  /  /     ;29;31/07/2026 00:00;;;PEDRAGON MANAUS;220548     ;DIESEL;0,00;Sim;;  /  /     ;VN - VEICULOS  NOVOS;Não;Não;Não;Não;0,00;FLOOR PLAN - GM;HOLD BACK (GM), (CUSTO) TOP NA VENDA (NOVOS);0,00;0,00;0,00;220548     ;0,00;212125,42;PEDRAGON MANAUS;0,00;AUTOMÁTICO
PEDRAGON MANAUS;NW S10;NW S10 CD HC DD4A R7U;R7U;9BG148PK0VC416129;;114570;;2026/2027;BRANCO DUNAS;         177700;206561,64;0,00;349740,00;206561,64;   201439;PEDRAGON MANAUS;6196,85;1;(691) PDJ, (693) UE1, (695) R7U;  /  /     ;29;31/07/2026 00:00;;ORLAN;PEDRAGON MANAUS;220548     ;DIESEL;0,00;Sim;;  /  /     ;VN - VEICULOS  NOVOS;Não;Não;Não;Não;0,00;FLOOR PLAN - GM;HOLD BACK (GM), (CUSTO) TOP NA VENDA (NOVOS);0,00;0,00;0,00;220548     ;0,00;212758,49;PEDRAGON MANAUS;0,00;AUTOMÁTICO
PEDRAGON MANAUS;NW S10;NW S10 CD HC DD4A R7U;R7U;9BG148PK0VC415321;;114558;;2026/2027;CINZA AMBAR;         177587;207274,08;0,00;350840,00;207274,08;   201412;PEDRAGON MANAUS;6218,22;1;(690) PDB, (693) UE1, (695) R7U;  /  /     ;29;31/07/2026 00:00;;;PEDRAGON MANAUS;220548     ;DIESEL;0,00;Sim;;  /  /     ;VN - VEICULOS  NOVOS;Não;Não;Não;Não;0,00;CAPLAN GM;HOLD BACK (GM), (CUSTO) TOP NA VENDA (NOVOS);0,00;0,00;0,00;220548     ;0,00;213492,30;PEDRAGON MANAUS;0,00;AUTOMÁTICO
PEDRAGON MANAUS;NW S10;NW S10 CD HC DD4A R7U;R7U;9BG148PK0VC415337;;114559;;2026/2027;CINZA AMBAR;         177588;207274,08;0,00;350840,00;207274,08;   201413;PEDRAGON MANAUS;6218,22;1;(690) PDB, (693) UE1, (695) R7U;  /  /     ;29;31/07/2026 00:00;;;PEDRAGON MANAUS;220548     ;DIESEL;0,00;Sim;;  /  /     ;VN - VEICULOS  NOVOS;Não;Não;Não;Não;0,00;CAPLAN GM;HOLD BACK (GM), (CUSTO) TOP NA VENDA (NOVOS);0,00;0,00;0,00;220548     ;0,00;213492,30;PEDRAGON MANAUS;0,00;AUTOMÁTICO
PEDRAGON MANAUS;NW S10;NW S10 CD HC DD4A R7U;R7U;9BG148PK0VC408687;;114543;;2026/2027;BRANCO SUMMIT;         177744;206561,64;0,00;349740,00;206561,64;   201441;PEDRAGON MANAUS;6196,85;1;(691) PDJ, (693) UE1, (695) R7U;  /  /     ;29;31/07/2026 00:00;;;PEDRAGON MANAUS;220548     ;DIESEL;0,00;Sim;;  /  /     ;VN - VEICULOS  NOVOS;Não;Não;Não;Não;0,00;FLOOR PLAN - GM;HOLD BACK (GM), (CUSTO) TOP NA VENDA (NOVOS);0,00;0,00;0,00;220548     ;0,00;212758,49;PEDRAGON MANAUS;0,00;AUTOMÁTICO
PEDRAGON MANAUS;NW S10;NW S10 CD HC DD4A R7U;R7U;9BG148PK0VC408689;;114544;;2026/2027;BRANCO SUMMIT;         177745;206561,64;0,00;349740,00;206561,64;   201442;PEDRAGON MANAUS;6196,85;1;(691) PDJ, (693) UE1, (695) R7U;  /  /     ;29;31/07/2026 00:00;;;PEDRAGON MANAUS;220548     ;DIESEL;0,00;Sim;;  /  /     ;VN - VEICULOS  NOVOS;Não;Não;Não;Não;0,00;FLOOR PLAN - GM;HOLD BACK (GM), (CUSTO) TOP NA VENDA (NOVOS);0,00;0,00;0,00;220548     ;0,00;212758,49;PEDRAGON MANAUS;0,00;AUTOMÁTICO
PEDRAGON MANAUS;NW S10;NW S10 CD HC DD4A R7U;R7U;9BG148PK0VC408693;;114545;;2026/2027;BRANCO SUMMIT;         177746;206561,64;0,00;349740,00;206561,64;   201443;PEDRAGON MANAUS;6196,85;1;(691) PDJ, (693) UE1, (695) R7U;  /  /     ;29;31/07/2026 00:00;;;PEDRAGON MANAUS;220548     ;DIESEL;0,00;Sim;;  /  /     ;VN - VEICULOS  NOVOS;Não;Não;Não;Não;0,00;FLOOR PLAN - GM;HOLD BACK (GM), (CUSTO) TOP NA VENDA (NOVOS);0,00;0,00;0,00;220548     ;0,00;212758,49;PEDRAGON MANAUS;0,00;AUTOMÁTICO
PEDRAGON MANAUS;NW S10;NW S10 CD HC DD4A R7U;R7U;9BG148PK0VC421047;;116906;;2026/2027;PRATA SHARK;         179438;207274,08;0,00;350840,00;207274,08;   222520;PEDRAGON MANAUS;6218,22;1;(690) PDB, (693) UE1, (695) R7U;  /  /     ;2;27/08/2026 00:00;;;PEDRAGON MANAUS;220548     ;DIESEL;0,00;Sim;;  /  /     ;VN - VEICULOS  NOVOS;Não;Não;Não;Não;0,00;FLOOR PLAN - GM;HOLD BACK (GM), (CUSTO) TOP NA VENDA (NOVOS);0,00;0,00;0,00;220548     ;0,00;213492,30;PEDRAGON MANAUS;0,00;AUTOMÁTICO
PEDRAGON MANAUS;NW S10;NW S10 CD HC DD4A R7U;R7U;9BG148PK0VC421097;;116907;;2026/2027;BRANCO DUNAS;         179439;206561,64;0,00;349740,00;206561,64;   222521;PEDRAGON MANAUS;6196,85;1;(691) PDJ, (693) UE1, (695) R7U;  /  /     ;2;27/08/2026 00:00;;;PEDRAGON MANAUS;220548     ;DIESEL;0,00;Sim;;  /  /     ;VN - VEICULOS  NOVOS;Não;Não;Não;Não;0,00;FLOOR PLAN - GM;HOLD BACK (GM), (CUSTO) TOP NA VENDA (NOVOS);0,00;0,00;0,00;220548     ;0,00;212758,49;PEDRAGON MANAUS;0,00;AUTOMÁTICO
PEDRAGON MANAUS;NW ONIX PLUS;NW ONIX PLUS PREM R8R;R8R;9BGEY69H0VG164584;;115828;;2026/2027;PRETO OURO NEGRO;        4830286;102892,38;0,00;126990,00;102892,38;   213549;PEDRAGON MANAUS;1543,39;1;(690) PDB, (693) UE1, (713) R8R;  /  /     ;12;17/08/2026 00:00;;;PEDRAGON MANAUS;104691     ;ALCO/GASOL;0,00;Sim;;  /  /     ;VN - VEICULOS  NOVOS;Não;Não;Não;Não;0,00;CAPLAN GM;HOLD BACK (GM), (CUSTO) TOP NA VENDA (NOVOS);0,00;0,00;0,00;104691     ;0,00;104435,77;PEDRAGON MANAUS;0,00;AUTOMÁTICO
PEDRAGON MANAUS;NW ONIX PLUS;NW ONIX PLUS PREM R8R;R8R;9BGEY69H0VG167307;;116065;;2026/2027;BRANCO SUMMIT;        4833578;102284,65;0,00;126240,00;102284,65;   215558;PEDRAGON MANAUS;1534,27;1;(691) PDJ, (693) UE1, (713) R8R;  /  /     ;10;19/08/2026 00:00;;;PEDRAGON MANAUS;104691     ;ALCO/GASOL;0,00;Sim;;  /  /     ;VN - VEICULOS  NOVOS;Não;Não;Não;Não;0,00;CAPLAN GM;HOLD BACK (GM), (CUSTO) TOP NA VENDA (NOVOS);0,00;0,00;0,00;104691     ;0,00;103818,92;PEDRAGON MANAUS;0,00;AUTOMÁTICO
PEDRAGON MANAUS;NW ONIX PLUS;NW ONIX PLUS PREM R8R;R8R;9BGEY69H0VG168936;;116263;;2026/2027;PRATA SHARK;        4835800;102892,38;0,00;126990,00;102892,38;   217773;PEDRAGON MANAUS;1543,39;1;(690) PDB, (693) UE1, (713) R8R;  /  /     ;8;21/08/2026 00:00;;;PEDRAGON MANAUS;104691     ;ALCO/GASOL;0,00;Sim;;  /  /     ;VN - VEICULOS  NOVOS;Não;Não;Não;Não;0,00;CAPLAN GM;HOLD BACK (GM), (CUSTO) TOP NA VENDA (NOVOS);0,00;0,00;0,00;104691     ;0,00;104435,77;PEDRAGON MANAUS;0,00;AUTOMÁTICO
PEDRAGON MANAUS;NW ONIX PLUS;NW ONIX PLUS PREM R8R;R8R;9BGEY69H0VG168938;;116264;;2026/2027;PRATA SHARK;        4835801;102892,38;0,00;126990,00;102892,38;   217774;PEDRAGON MANAUS;1543,39;1;(690) PDB, (693) UE1, (713) R8R;  /  /     ;8;21/08/2026 00:00;;;PEDRAGON MANAUS;104691     ;ALCO/GASOL;0,00;Sim;;  /  /     ;VN - VEICULOS  NOVOS;Não;Não;Não;Não;0,00;CAPLAN GM;HOLD BACK (GM), (CUSTO) TOP NA VENDA (NOVOS);0,00;0,00;0,00;104691     ;0,00;104435,77;PEDRAGON MANAUS;0,00;AUTOMÁTICO
PEDRAGON MANAUS;NW ONIX PLUS;NW ONIX PLUS PREM R8R;R8R;9BGEY69H0VG168942;;116265;;2026/2027;PRATA SHARK;        4835802;102892,38;0,00;126990,00;102892,38;   217775;PEDRAGON MANAUS;1543,39;1;(690) PDB, (693) UE1, (713) R8R;  /  /     ;8;21/08/2026 00:00;;;PEDRAGON MANAUS;104691     ;ALCO/GASOL;0,00;Sim;;  /  /     ;VN - VEICULOS  NOVOS;Não;Não;Não;Não;0,00;CAPLAN GM;HOLD BACK (GM), (CUSTO) TOP NA VENDA (NOVOS);0,00;0,00;0,00;104691     ;0,00;104435,77;PEDRAGON MANAUS;0,00;AUTOMÁTICO
PEDRAGON MANAUS;NW ONIX PLUS;NW ONIX PLUS PREM R8R;R8R;9BGEY69H0VG168950;;116266;;2026/2027;PRATA SHARK;        4835803;102892,38;0,00;126990,00;102892,38;   217776;PEDRAGON MANAUS;1543,39;1;(690) PDB, (693) UE1, (713) R8R;  /  /     ;8;21/08/2026 00:00;;;PEDRAGON MANAUS;104691     ;ALCO/GASOL;0,00;Sim;;  /  /     ;VN - VEICULOS  NOVOS;Não;Não;Não;Não;0,00;CAPLAN GM;HOLD BACK (GM), (CUSTO) TOP NA VENDA (NOVOS);0,00;0,00;0,00;104691     ;0,00;104435,77;PEDRAGON MANAUS;0,00;AUTOMÁTICO
PEDRAGON MANAUS;NW ONIX PLUS;NW ONIX PLUS PREM R8R;R8R;9BGEY69H0VG169703;;116267;;2026/2027;PRETO OURO NEGRO;        4835814;102892,38;0,00;126990,00;102892,38;   217777;PEDRAGON MANAUS;1543,39;1;(690) PDB, (693) UE1, (713) R8R;  /  /     ;8;21/08/2026 00:00;;;PEDRAGON MANAUS;104691     ;ALCO/GASOL;0,00;Sim;;  /  /     ;VN - VEICULOS  NOVOS;Não;Não;Não;Não;0,00;CAPLAN GM;HOLD BACK (GM), (CUSTO) TOP NA VENDA (NOVOS);0,00;0,00;0,00;104691     ;0,00;104435,77;PEDRAGON MANAUS;0,00;AUTOMÁTICO
PEDRAGON MANAUS;NW ONIX PLUS;NW ONIX PLUS PREM R8R;R8R;9BGEY69H0VG169714;;116269;;2026/2027;PRETO OURO NEGRO;        4835815;102892,38;0,00;126990,00;102892,38;   217778;PEDRAGON MANAUS;1543,39;1;(690) PDB, (693) UE1, (713) R8R;  /  /     ;8;21/08/2026 00:00;;;PEDRAGON MANAUS;104691     ;ALCO/GASOL;0,00;Sim;;  /  /     ;VN - VEICULOS  NOVOS;Não;Não;Não;Não;0,00;CAPLAN GM;HOLD BACK (GM), (CUSTO) TOP NA VENDA (NOVOS);0,00;0,00;0,00;104691     ;0,00;104435,77;PEDRAGON MANAUS;0,00;AUTOMÁTICO
PEDRAGON MANAUS;NW ONIX PLUS;NW ONIX PLUS PREM R8R;R8R;9BGEY69H0VG169710;;116268;;2026/2027;PRETO OURO NEGRO;        4835854;102892,38;0,00;126990,00;102892,38;   217779;PEDRAGON MANAUS;1543,39;1;(690) PDB, (693) UE1, (713) R8R;  /  /     ;8;21/08/2026 00:00;;;PEDRAGON MANAUS;104691     ;ALCO/GASOL;0,00;Sim;;  /  /     ;VN - VEICULOS  NOVOS;Não;Não;Não;Não;0,00;FLOOR PLAN - GM;HOLD BACK (GM), (CUSTO) TOP NA VENDA (NOVOS);0,00;0,00;0,00;104691     ;0,00;104435,77;PEDRAGON MANAUS;0,00;AUTOMÁTICO
PEDRAGON MANAUS;NW ONIX PLUS;NW ONIX PLUS PREM R8R;R8R;9BGEY69H0VG169707;;116167;;2026/2027;PRETO OURO NEGRO;        4835529;102892,38;0,00;126990,00;102892,38;   216707;PEDRAGON MANAUS;1543,39;1;(690) PDB, (693) UE1, (713) R8R;  /  /     ;9;20/08/2026 00:00;;;PEDRAGON MANAUS;104691     ;ALCO/GASOL;0,00;Sim;;  /  /     ;VN - VEICULOS  NOVOS;Não;Não;Não;Não;0,00;CAPLAN GM;HOLD BACK (GM), (CUSTO) TOP NA VENDA (NOVOS);0,00;0,00;0,00;104691     ;0,00;104435,77;PEDRAGON MANAUS;0,00;AUTOMÁTICO
PEDRAGON MANAUS;NW ONIX PLUS;NW ONIX PLUS PREM R8R;R8R;9BGEY69H0VG167301;;116064;;2026/2027;BRANCO SUMMIT;        4834524;102284,65;0,00;126240,00;102284,65;   215564;PEDRAGON MANAUS;1534,27;1;(691) PDJ, (693) UE1, (713) R8R;  /  /     ;10;19/08/2026 00:00;;;PEDRAGON MANAUS;104691     ;ALCO/GASOL;0,00;Sim;;  /  /     ;VN - VEICULOS  NOVOS;Não;Não;Não;Não;0,00;FLOOR PLAN - GM;HOLD BACK (GM), (CUSTO) TOP NA VENDA (NOVOS);0,00;0,00;0,00;104691     ;0,00;103818,92;PEDRAGON MANAUS;0,00;AUTOMÁTICO
PEDRAGON MANAUS;NW ONIX PLUS;NW ONIX PLUS PREM R8R;R8R;9BGEY69H0VG170805;;116455;;2026/2027;AZUL BOREAL;        4837047;101515,05;0,00;125290,00;101515,05;   219276;PEDRAGON MANAUS;1522,73;1;(693) UE1, (713) R8R;  /  /     ;5;24/08/2026 00:00;;;PEDRAGON MANAUS;104691     ;ALCO/GASOL;0,00;Sim;;  /  /     ;VN - VEICULOS  NOVOS;Não;Não;Não;Não;0,00;CAPLAN GM;HOLD BACK (GM), (CUSTO) TOP NA VENDA (NOVOS);0,00;0,00;0,00;104691     ;0,00;103037,78;PEDRAGON MANAUS;0,00;AUTOMÁTICO
PEDRAGON MANAUS;NW ONIX PLUS;NW ONIX PLUS PREM R8R;R8R;9BGEY69H0VG170798;;116454;;2026/2027;AZUL BOREAL;        4837048;101515,05;0,00;125290,00;101515,05;   219277;PEDRAGON MANAUS;1522,73;1;(693) UE1, (713) R8R;  /  /     ;5;24/08/2026 00:00;;;PEDRAGON MANAUS;104691     ;ALCO/GASOL;0,00;Sim;;  /  /     ;VN - VEICULOS  NOVOS;Não;Não;Não;Não;0,00;CAPLAN GM;HOLD BACK (GM), (CUSTO) TOP NA VENDA (NOVOS);0,00;0,00;0,00;104691     ;0,00;103037,78;PEDRAGON MANAUS;0,00;AUTOMÁTICO
PEDRAGON MANAUS;NW ONIX PLUS;NW ONIX PLUS PREM R8R;R8R;9BGEY69H0VG170276;;116453;;2026/2027;VERMELHO SCARLET;        4837383;102892,38;0,00;126990,00;102892,38;   219280;PEDRAGON MANAUS;1543,39;1;(690) PDB, (693) UE1, (713) R8R;  /  /     ;5;24/08/2026 00:00;;;PEDRAGON MANAUS;104691     ;ALCO/GASOL;0,00;Sim;;  /  /     ;VN - VEICULOS  NOVOS;Não;Não;Não;Não;0,00;FLOOR PLAN - GM;HOLD BACK (GM), (CUSTO) TOP NA VENDA (NOVOS);0,00;0,00;0,00;104691     ;0,00;104435,77;PEDRAGON MANAUS;0,00;AUTOMÁTICO
PEDRAGON MANAUS;NW ONIX PLUS;NW ONIX PLUS AT A4A;A4A;9BGEA69H0VG132776;;111970;;2026/2027;PRATA SHARK;        4800831;87726,42;0,00;108690,00;87726,42;   175966;PEDRAGON MANAUS;0,00;1;(690) PDB, (693) UE1, (772) A4A;  /  /     ;60;30/06/2026 00:00;;;PEDRAGON MANAUS;102155     ;ETANOL;0,00;Sim;;  /  /     ;VN - VEICULOS  NOVOS;Não;Não;Não;Não;0,00;CAPLAN GM;(CUSTO) TOP NA VENDA (NOVOS);0,00;0,00;0,00;102155     ;0,00;87726,42;PEDRAGON MANAUS;0,00;AUTOMÁTICO
PEDRAGON MANAUS;NW ONIX PLUS;NW ONIX PLUS AT A4A;A4A;9BGEA69H0VG132134;;111969;;2026/2027;BRANCO SUMMIT;        4800415;87075,99;0,00;107940,00;87075,99;   175964;PEDRAGON MANAUS;0,00;1;(691) PDJ, (693) UE1, (772) A4A;  /  /     ;60;30/06/2026 00:00;;;PEDRAGON MANAUS;102155     ;ETANOL;0,00;Sim;;  /  /     ;VN - VEICULOS  NOVOS;Não;Não;Não;Não;0,00;CAPLAN GM;(CUSTO) TOP NA VENDA (NOVOS);0,00;0,00;0,00;102155     ;0,00;87075,99;PEDRAGON MANAUS;0,00;AUTOMÁTICO
PEDRAGON MANAUS;NW ONIX PLUS;NW ONIX PLUS AT A4A;A4A;9BGEA69H0VG127055;;111365;;2026/2027;AZUL BOREAL;        4795386;86252,31;0,00;106990,00;86252,31;   170561;PEDRAGON MANAUS;1604,85;1;(693) UE1, (772) A4A;  /  /     ;66;24/06/2026 00:00;;;PEDRAGON MANAUS;102155     ;ETANOL;0,00;Sim;;  /  /     ;VN - VEICULOS  NOVOS;Não;Não;Não;Não;0,00;CAPLAN GM;HOLD BACK (GM), (CUSTO) TOP NA VENDA (NOVOS);0,00;0,00;0,00;102155     ;0,00;87857,16;PEDRAGON MANAUS;0,00;AUTOMÁTICO
PEDRAGON MANAUS;NW ONIX PLUS;NW ONIX PLUS AT A4A;A4A;9BGEA69H0VG136355;;113377;;2026/2027;AZUL BOREAL;        4811181;86252,31;0,00;106990,00;86252,31;   191800;PEDRAGON MANAUS;0,00;1;(693) UE1, (772) A4A;  /  /     ;39;21/07/2026 00:00;;;PEDRAGON MANAUS;102155     ;ETANOL;0,00;Sim;;  /  /     ;VN - VEICULOS  NOVOS;Não;Não;Não;Não;0,00;CAPLAN GM;(CUSTO) TOP NA VENDA (NOVOS);0,00;0,00;0,00;102155     ;0,00;86252,31;PEDRAGON MANAUS;0,00;AUTOMÁTICO
PEDRAGON MANAUS;NW ONIX PLUS;NW ONIX PLUS AT A4A;A4A;9BGEA69H0VG135806;;113376;;2026/2027;PRETO OURO NEGRO;        4811182;87726,42;0,00;108690,00;87726,42;   191801;PEDRAGON MANAUS;0,00;1;(690) PDB, (693) UE1, (772) A4A;  /  /     ;39;21/07/2026 00:00;;;PEDRAGON MANAUS;102155     ;ETANOL;0,00;Sim;;  /  /     ;VN - VEICULOS  NOVOS;Não;Não;Não;Não;0,00;CAPLAN GM;(CUSTO) TOP NA VENDA (NOVOS);0,00;0,00;0,00;102155     ;0,00;87726,42;PEDRAGON MANAUS;0,00;AUTOMÁTICO
PEDRAGON MANAUS;NW ONIX PLUS;NW ONIX PLUS AT A4A;A4A;9BGEA69H0VG136518;;113378;;2026/2027;AZUL BOREAL;        4811731;86252,31;0,00;106990,00;86252,31;   191806;PEDRAGON MANAUS;0,00;1;(693) UE1, (772) A4A;  /  /     ;39;21/07/2026 00:00;;;PEDRAGON MANAUS;102155     ;ETANOL;0,00;Sim;;  /  /     ;VN - VEICULOS  NOVOS;Não;Não;Não;Não;0,00;CAPLAN GM;(CUSTO) TOP NA VENDA (NOVOS);0,00;0,00;0,00;102155     ;0,00;86252,31;PEDRAGON MANAUS;0,00;AUTOMÁTICO
PEDRAGON MANAUS;NW ONIX PLUS;NW ONIX PLUS AT A4A;A4A;9BGEA69H0VG142753;;113379;;2026/2027;VERMELHO SCARLET;        4811732;87726,42;0,00;108690,00;87726,42;   191807;PEDRAGON MANAUS;0,00;1;(690) PDB, (693) UE1, (772) A4A;  /  /     ;39;21/07/2026 00:00;;;PEDRAGON MANAUS;102155     ;ETANOL;0,00;Sim;;  /  /     ;VN - VEICULOS  NOVOS;Não;Não;Não;Não;0,00;CAPLAN GM;(CUSTO) TOP NA VENDA (NOVOS);0,00;0,00;0,00;102155     ;0,00;87726,42;PEDRAGON MANAUS;0,00;AUTOMÁTICO
PEDRAGON MANAUS;NW ONIX PLUS;NW ONIX PLUS AT A4A;A4A;9BGEA69H0VG132912;;112082;;2026/2027;VERMELHO SCARLET;        4801615;87726,42;0,00;108690,00;87726,42;   176770;PEDRAGON MANAUS;0,00;1;(690) PDB, (693) UE1, (772) A4A;  /  /     ;59;01/07/2026 00:00;;;PEDRAGON MANAUS;102155     ;ETANOL;0,00;Sim;;  /  /     ;VN - VEICULOS  NOVOS;Não;Não;Não;Não;0,00;CAPLAN GM;(CUSTO) TOP NA VENDA (NOVOS);0,00;0,00;0,00;102155     ;0,00;87726,42;PEDRAGON MANAUS;0,00;AUTOMÁTICO
PEDRAGON MANAUS;NW ONIX PLUS;NW ONIX PLUS AT A4A;A4A;9BGEA69H0VG132908;;112081;;2026/2027;VERMELHO SCARLET;        4801616;87726,42;0,00;108690,00;87726,42;   176771;PEDRAGON MANAUS;0,00;1;(690) PDB, (693) UE1, (772) A4A;  /  /     ;59;01/07/2026 00:00;;;PEDRAGON MANAUS;102155     ;ETANOL;0,00;Sim;;  /  /     ;VN - VEICULOS  NOVOS;Não;Não;Não;Não;0,00;CAPLAN GM;(CUSTO) TOP NA VENDA (NOVOS);0,00;0,00;0,00;102155     ;0,00;87726,42;PEDRAGON MANAUS;0,00;AUTOMÁTICO
PEDRAGON MANAUS;NW ONIX PLUS;NW ONIX PLUS AT A4A;A4A;9BGEA69H0VG132882;;112078;;2026/2027;PRETO OURO NEGRO;        4801619;87726,42;0,00;108690,00;87726,42;   176772;PEDRAGON MANAUS;0,00;1;(690) PDB, (693) UE1, (772) A4A;  /  /     ;59;01/07/2026 00:00;;;PEDRAGON MANAUS;102155     ;ETANOL;0,00;Sim;;  /  /     ;VN - VEICULOS  NOVOS;Não;Não;Não;Não;0,00;CAPLAN GM;(CUSTO) TOP NA VENDA (NOVOS);0,00;0,00;0,00;102155     ;0,00;87726,42;PEDRAGON MANAUS;0,00;AUTOMÁTICO
PEDRAGON MANAUS;NW ONIX PLUS;NW ONIX PLUS AT A4A;A4A;9BGEA69H0VG132886;;112079;;2026/2027;PRETO OURO NEGRO;        4801622;87726,42;0,00;108690,00;87726,42;   176773;PEDRAGON MANAUS;0,00;1;(690) PDB, (693) UE1, (772) A4A;  /  /     ;59;01/07/2026 00:00;;;PEDRAGON MANAUS;102155     ;ETANOL;0,00;Sim;;  /  /     ;VN - VEICULOS  NOVOS;Não;Não;Não;Não;0,00;CAPLAN GM;(CUSTO) TOP NA VENDA (NOVOS);0,00;0,00;0,00;102155     ;0,00;87726,42;PEDRAGON MANAUS;0,00;AUTOMÁTICO
PEDRAGON MANAUS;NW ONIX PLUS;NW ONIX PLUS AT A4A;A4A;9BGEA69H0VG132878;;112077;;2026/2027;PRETO OURO NEGRO;        4801624;87726,42;0,00;108690,00;87726,42;   176774;PEDRAGON MANAUS;0,00;1;(690) PDB, (693) UE1, (772) A4A;  /  /     ;59;01/07/2026 00:00;;;PEDRAGON MANAUS;102155     ;ETANOL;0,00;Sim;;  /  /     ;VN - VEICULOS  NOVOS;Não;Não;Não;Não;0,00;CAPLAN GM;(CUSTO) TOP NA VENDA (NOVOS);0,00;0,00;0,00;102155     ;0,00;87726,42;PEDRAGON MANAUS;0,00;AUTOMÁTICO
PEDRAGON MANAUS;NW ONIX PLUS;NW ONIX PLUS AT A4A;A4A;9BGEA69H0VG132903;;112080;;2026/2027;VERMELHO SCARLET;        4801626;87726,42;0,00;108690,00;87726,42;   176775;PEDRAGON MANAUS;0,00;1;(690) PDB, (693) UE1, (772) A4A;  /  /     ;59;01/07/2026 00:00;;;PEDRAGON MANAUS;102155     ;ETANOL;0,00;Sim;;  /  /     ;VN - VEICULOS  NOVOS;Não;Não;Não;Não;0,00;CAPLAN GM;(CUSTO) TOP NA VENDA (NOVOS);0,00;0,00;0,00;102155     ;0,00;87726,42;PEDRAGON MANAUS;0,00;AUTOMÁTICO
PEDRAGON MANAUS;NW ONIX PLUS;NW ONIX PLUS AT A4A;A4A;9BGEA69H0VG132780;;112076;;2026/2027;PRATA SHARK;        4801627;87726,42;0,00;108690,00;87726,42;   176776;PEDRAGON MANAUS;0,00;1;(690) PDB, (693) UE1, (772) A4A;  /  /     ;59;01/07/2026 00:00;;;PEDRAGON MANAUS;102155     ;ETANOL;0,00;Sim;;  /  /     ;VN - VEICULOS  NOVOS;Não;Não;Não;Não;0,00;CAPLAN GM;(CUSTO) TOP NA VENDA (NOVOS);0,00;0,00;0,00;102155     ;0,00;87726,42;PEDRAGON MANAUS;0,00;AUTOMÁTICO
PEDRAGON MANAUS;NW ONIX PLUS;NW ONIX PLUS AT A4A;A4A;9BGEA69H0VG132307;;112075;;2026/2027;BRANCO SUMMIT;        4801580;87075,99;0,00;107940,00;87075,99;   176766;PEDRAGON MANAUS;0,00;1;(691) PDJ, (693) UE1, (772) A4A;  /  /     ;59;01/07/2026 00:00;;;PEDRAGON MANAUS;102155     ;ETANOL;0,00;Sim;;  /  /     ;VN - VEICULOS  NOVOS;Não;Não;Não;Não;0,00;CAPLAN GM;(CUSTO) TOP NA VENDA (NOVOS);0,00;0,00;0,00;102155     ;0,00;87075,99;PEDRAGON MANAUS;0,00;AUTOMÁTICO
PEDRAGON MANAUS;NW ONIX PLUS;NW ONIX PLUS AT A4A;A4A;9BGEA69H0VG133808;;112153;;2026/2027;AZUL BOREAL;        4802174;86252,31;0,00;106990,00;86252,31;   177622;PEDRAGON MANAUS;0,00;1;(693) UE1, (772) A4A;  /  /     ;58;02/07/2026 00:00;;;PEDRAGON MANAUS;102155     ;ETANOL;0,00;Sim;;  /  /     ;VN - VEICULOS  NOVOS;Não;Não;Não;Não;0,00;CAPLAN GM;(CUSTO) TOP NA VENDA (NOVOS);0,00;0,00;0,00;102155     ;0,00;86252,31;PEDRAGON MANAUS;0,00;AUTOMÁTICO
PEDRAGON MANAUS;NW ONIX PLUS;NW ONIX PLUS AT A4A;A4A;9BGEA69H0VG133823;;112154;;2026/2027;AZUL BOREAL;        4802175;86252,31;0,00;106990,00;86252,31;   177623;PEDRAGON MANAUS;0,00;1;(693) UE1, (772) A4A;  /  /     ;58;02/07/2026 00:00;;;PEDRAGON MANAUS;102155     ;ETANOL;0,00;Sim;;  /  /     ;VN - VEICULOS  NOVOS;Não;Não;Não;Não;0,00;CAPLAN GM;(CUSTO) TOP NA VENDA (NOVOS);0,00;0,00;0,00;102155     ;0,00;86252,31;PEDRAGON MANAUS;0,00;AUTOMÁTICO
PEDRAGON MANAUS;NW ONIX PLUS;NW ONIX PLUS AT A4A;A4A;9BGEA69H0VG122491;;110523;;2026/2027;BRANCO SUMMIT;        4788760;87075,99;0,00;107940,00;87075,99;   164704;PEDRAGON MANAUS;1604,85;1;(691) PDJ, (693) UE1, (772) A4A;21/08/2026;74;16/06/2026 00:00;;;PEDRAGON MANAUS FLORES;102155     ;ETANOL;0,00;;;  /  /     ;VN - VEICULOS  NOVOS;Não;Não;Não;Não;0,00;CAPLAN GM;HOLD BACK (GM), (CUSTO) TOP NA VENDA (NOVOS);0,00;0,00;0,00;102155     ;0,00;88680,84;PEDRAGON MANAUS FLORES;0,00;AUTOMÁTICO
PEDRAGON MANAUS;NW ONIX PLUS;NW ONIX PLUS AT A4A;A4A;9BGEA69H0VG122451;;110522;;2026/2027;BRANCO SUMMIT;        4788784;87075,99;0,00;107940,00;87075,99;   164705;PEDRAGON MANAUS;1604,85;1;(691) PDJ, (693) UE1, (772) A4A;  /  /     ;74;16/06/2026 00:00;;LEANDRO;PEDRAGON MANAUS;102155     ;ETANOL;0,00;Sim;;  /  /     ;VN - VEICULOS  NOVOS;Não;Não;Não;Não;0,00;CAPLAN GM;HOLD BACK (GM), (CUSTO) TOP NA VENDA (NOVOS);0,00;0,00;0,00;102155     ;0,00;88680,84;PEDRAGON MANAUS;0,00;AUTOMÁTICO
PEDRAGON MANAUS;NW ONIX PLUS;NW ONIX PLUS AT A4A;A4A;9BGEA69H0VG124799;;110806;;2026/2027;VERMELHO SCARLET;        4791465;87726,42;0,00;108690,00;87726,42;   166886;PEDRAGON MANAUS;1604,85;1;(690) PDB, (693) UE1, (772) A4A;  /  /     ;72;18/06/2026 00:00;;;PEDRAGON MANAUS;102155     ;ETANOL;0,00;Sim;;  /  /     ;VN - VEICULOS  NOVOS;Não;Não;Não;Não;0,00;FLOOR PLAN - GM;HOLD BACK (GM), (CUSTO) TOP NA VENDA (NOVOS);0,00;0,00;0,00;102155     ;0,00;89331,27;PEDRAGON MANAUS;0,00;AUTOMÁTICO
PEDRAGON MANAUS;NW ONIX PLUS;NW ONIX PLUS AT A4A;A4A;9BGEA69H0VG124374;;110804;;2026/2027;PRATA SHARK;        4791466;87726,42;0,00;108690,00;87726,42;   166887;PEDRAGON MANAUS;1604,85;1;(690) PDB, (693) UE1, (772) A4A;  /  /     ;72;18/06/2026 00:00;;VICTOR ;PEDRAGON MANAUS;102155     ;ETANOL;0,00;Sim;;  /  /     ;VN - VEICULOS  NOVOS;Não;Não;Não;Não;0,00;FLOOR PLAN - GM;HOLD BACK (GM), (CUSTO) TOP NA VENDA (NOVOS);0,00;0,00;0,00;102155     ;0,00;89331,27;PEDRAGON MANAUS;0,00;AUTOMÁTICO
PEDRAGON MANAUS;NW ONIX PLUS;NW ONIX PLUS AT A4A;A4A;9BGEA69H0VG124786;;110805;;2026/2027;VERMELHO SCARLET;        4791473;87726,42;0,00;108690,00;87726,42;   166888;PEDRAGON MANAUS;1604,85;1;(690) PDB, (693) UE1, (772) A4A;  /  /     ;72;18/06/2026 00:00;;;PEDRAGON MANAUS;102155     ;ETANOL;0,00;Sim;;  /  /     ;VN - VEICULOS  NOVOS;Não;Não;Não;Não;0,00;FLOOR PLAN - GM;HOLD BACK (GM), (CUSTO) TOP NA VENDA (NOVOS);0,00;0,00;0,00;102155     ;0,00;89331,27;PEDRAGON MANAUS;0,00;AUTOMÁTICO
PEDRAGON MANAUS;NW ONIX PLUS;NW ONIX PLUS AT A4A;A4A;9BGEA69H0VG124322;;110903;;2026/2027;PRATA SHARK;        4791900;87726,42;0,00;108690,00;87726,42;   167785;PEDRAGON MANAUS;1604,85;1;(690) PDB, (693) UE1, (772) A4A;  /  /     ;71;19/06/2026 00:00;;;PEDRAGON MANAUS;102155     ;ETANOL;0,00;Sim;;  /  /     ;VN - VEICULOS  NOVOS;Não;Não;Não;Não;0,00;CAPLAN GM;HOLD BACK (GM), (CUSTO) TOP NA VENDA (NOVOS);0,00;0,00;0,00;102155     ;0,00;89331,27;PEDRAGON MANAUS;0,00;AUTOMÁTICO
PEDRAGON MANAUS;NW ONIX PLUS;NW ONIX PLUS ASP R8A;R8A;9BGEA69A0VG164358;;115962;;2026/2027;PRETO OURO NEGRO;        4832351;79397,50;0,00;111790,00;79397,50;   214593;PEDRAGON MANAUS;1190,96;1;(690) PDB, (693) UE1, (716) R8A;  /  /     ;11;18/08/2026 00:00;Pedido;EMANUELA ;PEDRAGON MANAUS;101679     ;ALCO/GASOL;0,00;Sim;;  /  /     ;VN - VEICULOS  NOVOS;Sim;Sim;Não;Não;0,00;CAPLAN GM;HOLD BACK (GM), (CUSTO) TOP NA VENDA (NOVOS);0,00;0,00;0,00;101679     ;0,00;80588,46;PEDRAGON MANAUS;0,00;MANUAL
PEDRAGON MANAUS;NW ONIX PLUS;NW ONIX PLUS ASP R8A;R8A;9BGEA69A0VG163067;;115620;;2026/2027;PRATA SHARK;        4828934;79397,50;0,00;111790,00;79397,50;   211927;PEDRAGON MANAUS;1190,96;1;(690) PDB, (693) UE1, (716) R8A;  /  /     ;15;14/08/2026 00:00;;SAMYRA;PEDRAGON MANAUS;101679     ;ALCO/GASOL;0,00;Sim;;  /  /     ;VN - VEICULOS  NOVOS;Não;Não;Não;Não;0,00;CAPLAN GM;HOLD BACK (GM), (CUSTO) TOP NA VENDA (NOVOS);0,00;0,00;0,00;101679     ;0,00;80588,46;PEDRAGON MANAUS;0,00;MANUAL
PEDRAGON MANAUS;NW ONIX PLUS;NW ONIX PLUS ASP R8A;R8A;9BGEA69A0VG161732;;115401;;2026/2027;BRANCO SUMMIT;        4827676;78789,77;0,00;111040,00;78789,77;   209981;PEDRAGON MANAUS;1181,85;1;(691) PDJ, (693) UE1, (716) R8A;  /  /     ;17;12/08/2026 00:00;;THAYNAN;PEDRAGON MANAUS;101679     ;ALCO/GASOL;0,00;Sim;;  /  /     ;VN - VEICULOS  NOVOS;Não;Não;Não;Não;0,00;CAPLAN GM;HOLD BACK (GM), (CUSTO) TOP NA VENDA (NOVOS);0,00;0,00;0,00;101679     ;0,00;79971,62;PEDRAGON MANAUS;0,00;MANUAL
PEDRAGON MANAUS;NW ONIX PLUS;NW ONIX PLUS ASP R8A;R8A;9BGEA69A0VG163064;;115509;;2026/2027;PRATA SHARK;        4828800;79397,50;0,00;111790,00;79397,50;   210985;PEDRAGON MANAUS;1190,96;1;(690) PDB, (693) UE1, (716) R8A;  /  /     ;16;13/08/2026 00:00;Pedido;ANGERSON;PEDRAGON MANAUS;101679     ;ALCO/GASOL;0,00;Sim;;  /  /     ;VN - VEICULOS  NOVOS;Sim;Sim;Não;Não;0,00;FLOOR PLAN - GM;HOLD BACK (GM), (CUSTO) TOP NA VENDA (NOVOS);0,00;0,00;0,00;101679     ;0,00;80588,46;PEDRAGON MANAUS;0,00;MANUAL
PEDRAGON MANAUS;NW ONIX HB;NW ONIX HB RS RGN;RGN;9BGED48H0VG147598;;114149;;2026/2027;VERMELHO SCARLET;        4819356;99573,47;0,00;122890,00;99573,47;   198573;PEDRAGON MANAUS;1493,60;1;(690) PDB, (693) UE1, (708) RGN;  /  /     ;31;29/07/2026 00:00;;KEPER;PEDRAGON MANAUS;100102     ;ALCO/GASOL;0,00;Sim;;  /  /     ;VN - VEICULOS  NOVOS;Não;Não;Não;Não;0,00;FLOOR PLAN - GM;HOLD BACK (GM), (CUSTO) TOP NA VENDA (NOVOS);0,00;0,00;0,00;100102     ;0,00;101067,07;PEDRAGON MANAUS;0,00;AUTOMÁTICO
PEDRAGON MANAUS;NW ONIX HB;NW ONIX HB RS RGN;RGN;9BGED48H0VG147683;;114150;;2026/2027;VERMELHO SCARLET;        4819408;99573,47;0,00;122890,00;99573,47;   198574;PEDRAGON MANAUS;1493,60;1;(690) PDB, (693) UE1, (708) RGN;  /  /     ;31;29/07/2026 00:00;;;PEDRAGON MANAUS;100102     ;ALCO/GASOL;0,00;Sim;;  /  /     ;VN - VEICULOS  NOVOS;Não;Não;Não;Não;0,00;FLOOR PLAN - GM;HOLD BACK (GM), (CUSTO) TOP NA VENDA (NOVOS);0,00;0,00;0,00;100102     ;0,00;101067,07;PEDRAGON MANAUS;0,00;AUTOMÁTICO
PEDRAGON MANAUS;NW ONIX HB;NW ONIX HB RS RGN;RGN;9BGED48H0VG163040;;115823;;2026/2027;VERMELHO SCARLET;        4830570;99573,47;0,00;122890,00;99573,47;   213556;PEDRAGON MANAUS;1493,60;1;(690) PDB, (693) UE1, (708) RGN;  /  /     ;12;17/08/2026 00:00;;;PEDRAGON MANAUS;100102     ;ALCO/GASOL;0,00;Sim;;  /  /     ;VN - VEICULOS  NOVOS;Não;Não;Não;Não;0,00;CAPLAN GM;HOLD BACK (GM), (CUSTO) TOP NA VENDA (NOVOS);0,00;0,00;0,00;100102     ;0,00;101067,07;PEDRAGON MANAUS;0,00;AUTOMÁTICO
PEDRAGON MANAUS;NW ONIX HB;NW ONIX HB RS RGC;RGC;9BGED48H0VG164925;;115824;;2026/2027;PRETO OURO NEGRO;        4830551;98196,16;0,00;121190,00;98196,16;   213555;PEDRAGON MANAUS;1472,94;1;(693) UE1, (733) RGC;  /  /     ;12;17/08/2026 00:00;;;PEDRAGON MANAUS;100102     ;ALCO/GASOL;0,00;Sim;;  /  /     ;VN - VEICULOS  NOVOS;Não;Não;Não;Não;0,00;CAPLAN GM;HOLD BACK (GM), (CUSTO) TOP NA VENDA (NOVOS);0,00;0,00;0,00;100102     ;0,00;99669,10;PEDRAGON MANAUS;0,00;AUTOMÁTICO
PEDRAGON MANAUS;NW ONIX HB;NW ONIX HB RS RGC;RGC;9BGED48H0VG144526;;113375;;2026/2027;PRETO OURO NEGRO;        4811777;98196,16;0,00;121190,00;98196,16;   191809;PEDRAGON MANAUS;1472,94;1;(693) UE1, (733) RGC;25/08/2026;39;21/07/2026 00:00;;;PEDRAGON MANAUS FLORES;100102     ;ALCO/GASOL;0,00;;;  /  /     ;VN - VEICULOS  NOVOS;Não;Não;Não;Não;0,00;FLOOR PLAN - GM;HOLD BACK (GM), (CUSTO) TOP NA VENDA (NOVOS);0,00;0,00;0,00;100102     ;0,00;99669,10;PEDRAGON MANAUS FLORES;0,00;AUTOMÁTICO
PEDRAGON MANAUS;NW ONIX HB;"NW ONIX HB PREM R7R
";"R7R
";9BGEY48H0VG167027;;115961;;2026/2027;PRATA SHARK;        4833056;99043,45;0,00;122890,00;99043,45;   214597;PEDRAGON MANAUS;1485,65;1;(690) PDB, (693) UE1, (714) R7R;  /  /     ;11;18/08/2026 00:00;;SABRINA ;PEDRAGON MANAUS;104747     ;ALCO/GASOL;0,00;Sim;;  /  /     ;VN - VEICULOS  NOVOS;Não;Não;Não;Não;0,00;FLOOR PLAN - GM;HOLD BACK (GM), (CUSTO) TOP NA VENDA (NOVOS);0,00;0,00;0,00;104747     ;0,00;100529,10;PEDRAGON MANAUS;0,00;AUTOMÁTICO
PEDRAGON MANAUS;NW ONIX HB;NW ONIX HB AT A2A;A2A;9BGEA48H0VG154392;;114537;;2026/2027;PRETO OURO NEGRO;        4821958;84351,45;0,00;104890,00;84351,45;   201444;PEDRAGON MANAUS;1265,27;1;(690) PDB, (693) UE1, (767) A2A;  /  /     ;29;31/07/2026 00:00;;SABRINA VENDIDO ;PEDRAGON MANAUS;102145     ;ETANOL;0,00;Sim;;  /  /     ;VN - VEICULOS  NOVOS;Não;Não;Não;Não;0,00;CAPLAN GM;HOLD BACK (GM), (CUSTO) TOP NA VENDA (NOVOS);0,00;0,00;0,00;102145     ;0,00;85616,72;PEDRAGON MANAUS;0,00;AUTOMÁTICO
PEDRAGON MANAUS;NW ONIX HB;NW ONIX HB AT A2A;A2A;9BGEA48H0VG155368;;115079;;2026/2027;AZUL BOREAL;        4825460;82877,34;0,00;103190,00;82877,34;   206333;PEDRAGON MANAUS;1243,16;1;(693) UE1, (767) A2A;  /  /     ;22;07/08/2026 00:00;;;PEDRAGON MANAUS;102145     ;ETANOL;0,00;Sim;;  /  /     ;VN - VEICULOS  NOVOS;Não;Não;Não;Não;0,00;CAPLAN GM;HOLD BACK (GM), (CUSTO) TOP NA VENDA (NOVOS);0,00;0,00;0,00;102145     ;0,00;84120,50;PEDRAGON MANAUS;0,00;AUTOMÁTICO
PEDRAGON MANAUS;NW ONIX HB;NW ONIX HB AT A2A;A2A;9BGEA48H0VG151328;;114144;;2026/2027;BRANCO SUMMIT;        4820578;83696,07;0,00;104140,00;83696,07;   198578;PEDRAGON MANAUS;1255,44;1;(691) PDJ, (693) UE1, (767) A2A;  /  /     ;31;29/07/2026 00:00;;;PEDRAGON MANAUS;102145     ;ETANOL;0,00;Sim;;  /  /     ;VN - VEICULOS  NOVOS;Não;Não;Não;Não;0,00;FLOOR PLAN - GM;HOLD BACK (GM), (CUSTO) TOP NA VENDA (NOVOS);0,00;0,00;0,00;102145     ;0,00;84951,51;PEDRAGON MANAUS;0,00;AUTOMÁTICO
PEDRAGON MANAUS;NW ONIX HB;NW ONIX HB AT A2A;A2A;9BGEA48H0VG151311;;114143;;2026/2027;BRANCO SUMMIT;        4820488;83696,07;0,00;104140,00;83696,07;   198576;PEDRAGON MANAUS;1255,44;1;(691) PDJ, (693) UE1, (767) A2A;  /  /     ;31;29/07/2026 00:00;;;PEDRAGON MANAUS;102145     ;ETANOL;0,00;Sim;;  /  /     ;VN - VEICULOS  NOVOS;Não;Não;Não;Não;0,00;FLOOR PLAN - GM;HOLD BACK (GM), (CUSTO) TOP NA VENDA (NOVOS);0,00;0,00;0,00;102145     ;0,00;84951,51;PEDRAGON MANAUS;0,00;AUTOMÁTICO
PEDRAGON MANAUS;NW ONIX HB;NW ONIX HB AT A2A;A2A;9BGEA48H0VG141153;;114133;;2026/2027;AZUL BOREAL;        4819269;82877,34;0,00;103190,00;82877,34;   198562;PEDRAGON MANAUS;1243,16;1;(693) UE1, (767) A2A;  /  /     ;31;29/07/2026 00:00;;Jaine ;PEDRAGON MANAUS;102145     ;ETANOL;0,00;Sim;;  /  /     ;VN - VEICULOS  NOVOS;Não;Não;Não;Não;0,00;CAPLAN GM;HOLD BACK (GM), (CUSTO) TOP NA VENDA (NOVOS);0,00;0,00;0,00;102145     ;0,00;84120,50;PEDRAGON MANAUS;0,00;AUTOMÁTICO
PEDRAGON MANAUS;NW ONIX HB;NW ONIX HB AT A2A;A2A;9BGEA48H0VG141178;;114134;;2026/2027;AZUL BOREAL;        4819270;82877,34;0,00;103190,00;82877,34;   198563;PEDRAGON MANAUS;1243,16;1;(693) UE1, (767) A2A;  /  /     ;31;29/07/2026 00:00;;;PEDRAGON MANAUS;102145     ;ETANOL;0,00;Sim;;  /  /     ;VN - VEICULOS  NOVOS;Não;Não;Não;Não;0,00;CAPLAN GM;HOLD BACK (GM), (CUSTO) TOP NA VENDA (NOVOS);0,00;0,00;0,00;102145     ;0,00;84120,50;PEDRAGON MANAUS;0,00;AUTOMÁTICO
PEDRAGON MANAUS;NW ONIX HB;NW ONIX HB AT A2A;A2A;9BGEA48H0VG141299;;114135;;2026/2027;AZUL BOREAL;        4819271;82877,34;0,00;103190,00;82877,34;   198564;PEDRAGON MANAUS;1243,16;1;(693) UE1, (767) A2A;  /  /     ;31;29/07/2026 00:00;;;PEDRAGON MANAUS;102145     ;ETANOL;0,00;Sim;;  /  /     ;VN - VEICULOS  NOVOS;Não;Não;Não;Não;0,00;CAPLAN GM;HOLD BACK (GM), (CUSTO) TOP NA VENDA (NOVOS);0,00;0,00;0,00;102145     ;0,00;84120,50;PEDRAGON MANAUS;0,00;AUTOMÁTICO
PEDRAGON MANAUS;NW ONIX HB;NW ONIX HB AT A2A;A2A;9BGEA48H0VG141319;;114136;;2026/2027;AZUL BOREAL;        4819272;82877,34;0,00;103190,00;82877,34;   198565;PEDRAGON MANAUS;1243,16;1;(693) UE1, (767) A2A;  /  /     ;31;29/07/2026 00:00;;;PEDRAGON MANAUS;102145     ;ETANOL;0,00;Sim;;  /  /     ;VN - VEICULOS  NOVOS;Não;Não;Não;Não;0,00;CAPLAN GM;HOLD BACK (GM), (CUSTO) TOP NA VENDA (NOVOS);0,00;0,00;0,00;102145     ;0,00;84120,50;PEDRAGON MANAUS;0,00;AUTOMÁTICO
PEDRAGON MANAUS;NW ONIX HB;NW ONIX HB AT A2A;A2A;9BGEA48H0VG141387;;114137;;2026/2027;AZUL BOREAL;        4819273;82877,34;0,00;103190,00;82877,34;   198566;PEDRAGON MANAUS;1243,16;1;(693) UE1, (767) A2A;  /  /     ;31;29/07/2026 00:00;;;PEDRAGON MANAUS;102145     ;ETANOL;0,00;Sim;;  /  /     ;VN - VEICULOS  NOVOS;Não;Não;Não;Não;0,00;CAPLAN GM;HOLD BACK (GM), (CUSTO) TOP NA VENDA (NOVOS);0,00;0,00;0,00;102145     ;0,00;84120,50;PEDRAGON MANAUS;0,00;AUTOMÁTICO
PEDRAGON MANAUS;NW ONIX HB;NW ONIX HB AT A2A;A2A;9BGEA48H0VG141417;;114138;;2026/2027;AZUL BOREAL;        4819274;82877,34;0,00;103190,00;82877,34;   198567;PEDRAGON MANAUS;1243,16;1;(693) UE1, (767) A2A;  /  /     ;31;29/07/2026 00:00;;;PEDRAGON MANAUS;102145     ;ETANOL;0,00;Sim;;  /  /     ;VN - VEICULOS  NOVOS;Não;Não;Não;Não;0,00;CAPLAN GM;HOLD BACK (GM), (CUSTO) TOP NA VENDA (NOVOS);0,00;0,00;0,00;102145     ;0,00;84120,50;PEDRAGON MANAUS;0,00;AUTOMÁTICO
PEDRAGON MANAUS;NW ONIX HB;NW ONIX HB AT A2A;A2A;9BGEA48H0VG146466;;114141;;2026/2027;BRANCO SUMMIT;        4819275;83696,07;0,00;104140,00;83696,07;   198568;PEDRAGON MANAUS;2356,40;1;(691) PDJ, (693) UE1, (767) A2A;  /  /     ;31;29/07/2026 00:00;;;PEDRAGON MANAUS;102145     ;ETANOL;0,00;Sim;;  /  /     ;VN - VEICULOS  NOVOS;Não;Não;Não;Não;0,00;FLOOR PLAN - GM;HOLD BACK (GM), HOLD BACK (GM), (CUSTO) TOP NA VENDA (NOVOS);0,00;0,00;0,00;102145     ;0,00;86052,47;PEDRAGON MANAUS;0,00;AUTOMÁTICO
PEDRAGON MANAUS;NW ONIX HB;NW ONIX HB AT A2A;A2A;9BGEA48H0VG146478;;114142;;2026/2027;BRANCO SUMMIT;        4819276;83696,07;0,00;104140,00;83696,07;   198569;PEDRAGON MANAUS;1255,44;1;(691) PDJ, (693) UE1, (767) A2A;  /  /     ;31;29/07/2026 00:00;;;PEDRAGON MANAUS;102145     ;ETANOL;0,00;Sim;;  /  /     ;VN - VEICULOS  NOVOS;Não;Não;Não;Não;0,00;FLOOR PLAN - GM;HOLD BACK (GM), (CUSTO) TOP NA VENDA (NOVOS);0,00;0,00;0,00;102145     ;0,00;84951,51;PEDRAGON MANAUS;0,00;AUTOMÁTICO
PEDRAGON MANAUS;NW ONIX HB;NW ONIX HB AT A2A;A2A;9BGEA48H0VG142129;;114139;;2026/2027;BRANCO SUMMIT;        4819277;83696,07;0,00;104140,00;83696,07;   198570;PEDRAGON MANAUS;1255,44;1;(691) PDJ, (693) UE1, (767) A2A;  /  /     ;31;29/07/2026 00:00;;;PEDRAGON MANAUS;102145     ;ETANOL;0,00;Sim;;  /  /     ;VN - VEICULOS  NOVOS;Não;Não;Não;Não;0,00;FLOOR PLAN - GM;HOLD BACK (GM), (CUSTO) TOP NA VENDA (NOVOS);0,00;0,00;0,00;102145     ;0,00;84951,51;PEDRAGON MANAUS;0,00;AUTOMÁTICO
PEDRAGON MANAUS;NW ONIX HB;NW ONIX HB AT A2A;A2A;9BGEA48H0VG142255;;114140;;2026/2027;BRANCO SUMMIT;        4819278;83696,07;0,00;104140,00;83696,07;   198571;PEDRAGON MANAUS;1255,44;1;(691) PDJ, (693) UE1, (767) A2A;  /  /     ;31;29/07/2026 00:00;;;PEDRAGON MANAUS;102145     ;ETANOL;0,00;Sim;;  /  /     ;VN - VEICULOS  NOVOS;Não;Não;Não;Não;0,00;FLOOR PLAN - GM;HOLD BACK (GM), (CUSTO) TOP NA VENDA (NOVOS);0,00;0,00;0,00;102145     ;0,00;84951,51;PEDRAGON MANAUS;0,00;AUTOMÁTICO
PEDRAGON MANAUS;NW ONIX HB;NW ONIX HB AT A2A;A2A;9BGEA48H0VG132355;;111968;;2026/2027;BRANCO SUMMIT;        4800646;83696,07;0,00;104140,00;83696,07;   175965;PEDRAGON MANAUS;1100,96;1;(691) PDJ, (693) UE1, (767) A2A;12/08/2026;60;30/06/2026 00:00;;karla;PEDRAGON MANAUS FLORES;102145     ;ETANOL;0,00;;;  /  /     ;VN - VEICULOS  NOVOS;Não;Não;Não;Não;0,00;CAPLAN GM;HOLD BACK (GM), (CUSTO) TOP NA VENDA (NOVOS);0,00;0,00;0,00;102145     ;0,00;84797,03;PEDRAGON MANAUS FLORES;0,00;AUTOMÁTICO
PEDRAGON MANAUS;NW ONIX HB;NW ONIX HB AT A2A;A2A;9BGEA48H0VG166891;;116166;;2026/2027;BRANCO SUMMIT;        4834768;83696,07;0,00;104140,00;83696,07;   216702;PEDRAGON MANAUS;1255,44;1;(691) PDJ, (693) UE1, (767) A2A;  /  /     ;9;20/08/2026 00:00;;;PEDRAGON MANAUS;102145     ;ETANOL;0,00;Sim;;  /  /     ;VN - VEICULOS  NOVOS;Não;Não;Não;Não;0,00;CAPLAN GM;HOLD BACK (GM), (CUSTO) TOP NA VENDA (NOVOS);0,00;0,00;0,00;102145     ;0,00;84951,51;PEDRAGON MANAUS;0,00;AUTOMÁTICO
PEDRAGON MANAUS;NW ONIX HB;NW ONIX HB AT A2A;A2A;9BGEA48H0VG168401;;116261;;2026/2027;PRATA SHARK;        4835643;84351,45;0,00;104890,00;84351,45;   217772;PEDRAGON MANAUS;1265,27;1;(690) PDB, (693) UE1, (767) A2A;  /  /     ;8;21/08/2026 00:00;;;PEDRAGON MANAUS;102145     ;ETANOL;0,00;Sim;;  /  /     ;VN - VEICULOS  NOVOS;Não;Não;Não;Não;0,00;CAPLAN GM;HOLD BACK (GM), (CUSTO) TOP NA VENDA (NOVOS);0,00;0,00;0,00;102145     ;0,00;85616,72;PEDRAGON MANAUS;0,00;AUTOMÁTICO
PEDRAGON MANAUS;NW ONIX HB;NW ONIX HB AT A2A;A2A;9BGEA48H0VG165476;;116062;;2026/2027;AZUL BOREAL;        4833742;82877,34;0,00;103190,00;82877,34;   215561;PEDRAGON MANAUS;1100,96;1;(693) UE1, (767) A2A;  /  /     ;10;19/08/2026 00:00;;;PEDRAGON MANAUS;102145     ;ETANOL;0,00;Sim;;  /  /     ;VN - VEICULOS  NOVOS;Não;Não;Não;Não;0,00;CAPLAN GM;HOLD BACK (GM), (CUSTO) TOP NA VENDA (NOVOS);0,00;0,00;0,00;102145     ;0,00;83978,30;PEDRAGON MANAUS;0,00;AUTOMÁTICO
PEDRAGON MANAUS;NW ONIX HB;NW ONIX HB AT A2A;A2A;9BGEA48H0VG168985;;116262;;2026/2027;VERMELHO SCARLET;        4835894;84351,45;0,00;104890,00;84351,45;   217780;PEDRAGON MANAUS;1265,27;1;(690) PDB, (693) UE1, (767) A2A;  /  /     ;8;21/08/2026 00:00;;;PEDRAGON MANAUS;102145     ;ETANOL;0,00;Sim;;  /  /     ;VN - VEICULOS  NOVOS;Não;Não;Não;Não;0,00;FLOOR PLAN - GM;HOLD BACK (GM), (CUSTO) TOP NA VENDA (NOVOS);0,00;0,00;0,00;102145     ;0,00;85616,72;PEDRAGON MANAUS;0,00;AUTOMÁTICO
PEDRAGON MANAUS;NW ONIX HB;NW ONIX HB AT A2A;A2A;9BGEA48H0VG168430;;116451;;2026/2027;PRATA SHARK;        4836838;84351,45;0,00;104890,00;84351,45;   219263;PEDRAGON MANAUS;1100,96;1;(690) PDB, (693) UE1, (767) A2A;  /  /     ;5;24/08/2026 00:00;;;PEDRAGON MANAUS;102145     ;ETANOL;0,00;Sim;;  /  /     ;VN - VEICULOS  NOVOS;Não;Não;Não;Não;0,00;CAPLAN GM;HOLD BACK (GM), (CUSTO) TOP NA VENDA (NOVOS);0,00;0,00;0,00;102145     ;0,00;85452,41;PEDRAGON MANAUS;0,00;AUTOMÁTICO
PEDRAGON MANAUS;NW ONIX HB;NW ONIX HB AT A2A;A2A;9BGEA48H0VG162098;;115507;;2026/2027;BRANCO SUMMIT;        4828603;83696,07;0,00;104140,00;83696,07;   210983;PEDRAGON MANAUS;1100,96;1;(691) PDJ, (693) UE1, (767) A2A;  /  /     ;16;13/08/2026 00:00;;;PEDRAGON MANAUS;102145     ;ETANOL;0,00;Sim;;  /  /     ;VN - VEICULOS  NOVOS;Não;Não;Não;Não;0,00;FLOOR PLAN - GM;HOLD BACK (GM), (CUSTO) TOP NA VENDA (NOVOS);0,00;0,00;0,00;102145     ;0,00;84797,03;PEDRAGON MANAUS;0,00;AUTOMÁTICO
PEDRAGON MANAUS;NW ONIX HB;NW ONIX HB AT A2A;A2A;9BGEA48H0VG163164;;115618;;2026/2027;PRATA SHARK;        4828881;84351,45;0,00;104890,00;84351,45;   211925;PEDRAGON MANAUS;1265,27;1;(690) PDB, (693) UE1, (767) A2A;  /  /     ;15;14/08/2026 00:00;;;PEDRAGON MANAUS;102145     ;ETANOL;0,00;Sim;;  /  /     ;VN - VEICULOS  NOVOS;Não;Não;Não;Não;0,00;CAPLAN GM;HOLD BACK (GM), (CUSTO) TOP NA VENDA (NOVOS);0,00;0,00;0,00;102145     ;0,00;85616,72;PEDRAGON MANAUS;0,00;AUTOMÁTICO
PEDRAGON MANAUS;NW ONIX HB;NW ONIX HB AT A2A;A2A;9BGEA48H0VG163559;;115619;;2026/2027;VERMELHO SCARLET;        4828930;84351,45;0,00;104890,00;84351,45;   211926;PEDRAGON MANAUS;1265,27;1;(690) PDB, (693) UE1, (767) A2A;  /  /     ;15;14/08/2026 00:00;;orlan 15.08;PEDRAGON MANAUS;102145     ;ETANOL;0,00;Sim;;  /  /     ;VN - VEICULOS  NOVOS;Não;Não;Não;Não;0,00;CAPLAN GM;HOLD BACK (GM), (CUSTO) TOP NA VENDA (NOVOS);0,00;0,00;0,00;102145     ;0,00;85616,72;PEDRAGON MANAUS;0,00;AUTOMÁTICO
PEDRAGON MANAUS;NW ONIX HB;NW ONIX HB AT A2A;A2A;9BGEA48H0VG164291;;115822;;2026/2027;PRETO OURO NEGRO;        4830193;84351,45;0,00;104890,00;84351,45;   213543;PEDRAGON MANAUS;2530,54;1;(690) PDB, (693) UE1, (767) A2A;  /  /     ;12;17/08/2026 00:00;;;PEDRAGON MANAUS;102145     ;ETANOL;0,00;Sim;;  /  /     ;VN - VEICULOS  NOVOS;Não;Não;Não;Não;0,00;CAPLAN GM;HOLD BACK (GM), HOLD BACK (GM), (CUSTO) TOP NA VENDA (NOVOS);0,00;0,00;0,00;102145     ;0,00;86881,99;PEDRAGON MANAUS;0,00;AUTOMÁTICO
PEDRAGON MANAUS;NW ONIX HB;NW ONIX HB AT A2A;A2A;9BGEA48H0VG166901;;115960;;2026/2027;BRANCO SUMMIT;        4833415;83696,07;0,00;104140,00;83696,07;   214600;PEDRAGON MANAUS;2510,88;1;(691) PDJ, (693) UE1, (767) A2A;  /  /     ;11;18/08/2026 00:00;;;PEDRAGON MANAUS;102145     ;ETANOL;0,00;Sim;;  /  /     ;VN - VEICULOS  NOVOS;Não;Não;Não;Não;0,00;FLOOR PLAN - GM;HOLD BACK (GM), HOLD BACK (GM), (CUSTO) TOP NA VENDA (NOVOS);0,00;0,00;0,00;102145     ;0,00;86206,95;PEDRAGON MANAUS;0,00;AUTOMÁTICO
PEDRAGON MANAUS;NW ONIX HB;NW ONIX HB AT A2A;A2A;9BGEA48H0VG166882;;116063;;2026/2027;BRANCO SUMMIT;        4833550;83696,07;0,00;104140,00;83696,07;   215555;PEDRAGON MANAUS;1100,96;1;(691) PDJ, (693) UE1, (767) A2A;  /  /     ;10;19/08/2026 00:00;;;PEDRAGON MANAUS;102145     ;ETANOL;0,00;Sim;;  /  /     ;VN - VEICULOS  NOVOS;Não;Não;Não;Não;0,00;CAPLAN GM;HOLD BACK (GM), (CUSTO) TOP NA VENDA (NOVOS);0,00;0,00;0,00;102145     ;0,00;84797,03;PEDRAGON MANAUS;0,00;AUTOMÁTICO
PEDRAGON MANAUS;NW ONIX HB;NW ONIX HB AT A2A;A2A;9BGEA48H0VG169697;;116452;;2026/2027;PRETO OURO NEGRO;        4836844;84351,45;0,00;104890,00;84351,45;   219265;PEDRAGON MANAUS;1100,96;1;(690) PDB, (693) UE1, (767) A2A;  /  /     ;5;24/08/2026 00:00;;;PEDRAGON MANAUS;102145     ;ETANOL;0,00;Sim;;  /  /     ;VN - VEICULOS  NOVOS;Não;Não;Não;Não;0,00;CAPLAN GM;HOLD BACK (GM), (CUSTO) TOP NA VENDA (NOVOS);0,00;0,00;0,00;102145     ;0,00;85452,41;PEDRAGON MANAUS;0,00;AUTOMÁTICO
PEDRAGON MANAUS;NW ONIX HB;NW ONIX HB AT A2A;A2A;9BGEA48H0VG168420;;116450;;2026/2027;PRATA SHARK;        4836888;84351,45;0,00;104890,00;84351,45;   219266;PEDRAGON MANAUS;1100,96;1;(690) PDB, (693) UE1, (767) A2A;  /  /     ;5;24/08/2026 00:00;;;PEDRAGON MANAUS;102145     ;ETANOL;0,00;Sim;;  /  /     ;VN - VEICULOS  NOVOS;Não;Não;Não;Não;0,00;CAPLAN GM;HOLD BACK (GM), (CUSTO) TOP NA VENDA (NOVOS);0,00;0,00;0,00;102145     ;0,00;85452,41;PEDRAGON MANAUS;0,00;AUTOMÁTICO
PEDRAGON MANAUS;NW ONIX HB;NW ONIX HB ASP R7J;R7J;9BGEA48A0VG170348;        ;116441;;2026/2027;AZUL BOREAL;        4836952;73397,05;0,00;102890,00;73397,05;   219271;PEDRAGON MANAUS;1100,96;1;(693) UE1, (696) R7J;  /  /     ;5;24/08/2026 00:00;;IZADORA ;PEDRAGON MANAUS;104735;ALCO/GASOL;0,00;Sim;;  /  /     ;VN - VEICULOS  NOVOS;Não;Não;Não;Não;0,00;CAPLAN GM;HOLD BACK (GM), (CUSTO) TOP NA VENDA (NOVOS);0,00;0,00;0,00;104735;0,00;74498,01;PEDRAGON MANAUS;0,00;MANUAL
PEDRAGON MANAUS;NW ONIX HB;NW ONIX HB ASP R7J;R7J;9BGEA48A0VG170370;        ;116444;;2026/2027;AZUL BOREAL;        4836966;73397,05;0,00;102890,00;73397,05;   219272;PEDRAGON MANAUS;1100,96;1;(693) UE1, (696) R7J;  /  /     ;5;24/08/2026 00:00;;;PEDRAGON MANAUS;104735;ALCO/GASOL;0,00;Sim;;  /  /     ;VN - VEICULOS  NOVOS;Não;Não;Não;Não;0,00;CAPLAN GM;HOLD BACK (GM), (CUSTO) TOP NA VENDA (NOVOS);0,00;0,00;0,00;104735;0,00;74498,01;PEDRAGON MANAUS;0,00;MANUAL
PEDRAGON MANAUS;NW ONIX HB;NW ONIX HB ASP R7J;R7J;9BGEA48A0VG170383;        ;116445;;2026/2027;AZUL BOREAL;        4836968;73397,05;0,00;102890,00;73397,05;   219273;PEDRAGON MANAUS;1100,96;1;(693) UE1, (696) R7J;  /  /     ;5;24/08/2026 00:00;;;PEDRAGON MANAUS;104735;ALCO/GASOL;0,00;Sim;;  /  /     ;VN - VEICULOS  NOVOS;Não;Não;Não;Não;0,00;CAPLAN GM;HOLD BACK (GM), (CUSTO) TOP NA VENDA (NOVOS);0,00;0,00;0,00;104735;0,00;74498,01;PEDRAGON MANAUS;0,00;MANUAL
PEDRAGON MANAUS;NW ONIX HB;NW ONIX HB ASP R7J;R7J;9BGEA48A0VG170363;        ;116443;;2026/2027;AZUL BOREAL;        4836975;73397,05;0,00;102890,00;73397,05;   219274;PEDRAGON MANAUS;1100,96;1;(693) UE1, (696) R7J;  /  /     ;5;24/08/2026 00:00;;;PEDRAGON MANAUS;104735;ALCO/GASOL;0,00;Sim;;  /  /     ;VN - VEICULOS  NOVOS;Não;Não;Não;Não;0,00;CAPLAN GM;HOLD BACK (GM), (CUSTO) TOP NA VENDA (NOVOS);0,00;0,00;0,00;104735;0,00;74498,01;PEDRAGON MANAUS;0,00;MANUAL
PEDRAGON MANAUS;NW ONIX HB;NW ONIX HB ASP R7J;R7J;9BGEA48A0VG170353;        ;116442;;2026/2027;AZUL BOREAL;        4836998;73397,05;0,00;102890,00;73397,05;   219275;PEDRAGON MANAUS;1100,96;1;(693) UE1, (696) R7J;  /  /     ;5;24/08/2026 00:00;;;PEDRAGON MANAUS;104735;ALCO/GASOL;0,00;Sim;;  /  /     ;VN - VEICULOS  NOVOS;Não;Não;Não;Não;0,00;CAPLAN GM;HOLD BACK (GM), (CUSTO) TOP NA VENDA (NOVOS);0,00;0,00;0,00;104735;0,00;74498,01;PEDRAGON MANAUS;0,00;MANUAL
PEDRAGON MANAUS;NW ONIX HB;NW ONIX HB ASP R7J;R7J;9BGEA48A0VG164759;;116053;;2026/2027;VERMELHO SCARLET;        4833593;74774,38;0,00;104590,00;74774,38;   215559;PEDRAGON MANAUS;1121,62;1;(690) PDB, (693) UE1, (696) R7J;  /  /     ;10;19/08/2026 00:00;;;PEDRAGON MANAUS;104735     ;ALCO/GASOL;0,00;Sim;;  /  /     ;VN - VEICULOS  NOVOS;Não;Não;Não;Não;0,00;CAPLAN GM;HOLD BACK (GM), (CUSTO) TOP NA VENDA (NOVOS);0,00;0,00;0,00;104735     ;0,00;75896,00;PEDRAGON MANAUS;0,00;MANUAL
PEDRAGON MANAUS;NW ONIX HB;NW ONIX HB ASP R7J;R7J;9BGEA48A0VG166789;        ;115958;;2026/2027;BRANCO SUMMIT;        4833417;74162,02;0,00;103840,00;74162,02;   214601;PEDRAGON MANAUS;1112,43;1;(691) PDJ, (693) UE1, (696) R7J;  /  /     ;11;18/08/2026 00:00;;;PEDRAGON MANAUS;104735;ALCO/GASOL;0,00;Sim;;  /  /     ;VN - VEICULOS  NOVOS;Não;Não;Não;Não;0,00;FLOOR PLAN - GM;HOLD BACK (GM), (CUSTO) TOP NA VENDA (NOVOS);0,00;0,00;0,00;104735;0,00;75274,45;PEDRAGON MANAUS;0,00;MANUAL
PEDRAGON MANAUS;NW ONIX HB;NW ONIX HB ASP R7J;R7J;9BGEA48A0VG161197;        ;115812;;2026/2027;BRANCO SUMMIT;        4830790;74162,02;0,00;103840,00;74162,02;   213558;PEDRAGON MANAUS;1112,43;1;(691) PDJ, (693) UE1, (696) R7J;  /  /     ;12;17/08/2026 00:00;;;PEDRAGON MANAUS;104735;ALCO/GASOL;0,00;Sim;;  /  /     ;VN - VEICULOS  NOVOS;Não;Não;Não;Não;0,00;CAPLAN GM;HOLD BACK (GM), (CUSTO) TOP NA VENDA (NOVOS);0,00;0,00;0,00;104735;0,00;75274,45;PEDRAGON MANAUS;0,00;MANUAL
PEDRAGON MANAUS;NW ONIX HB;NW ONIX HB ASP R7J;R7J;9BGEA48A0VG164317;        ;115813;;2026/2027;PRATA SHARK;        4830293;74774,38;0,00;104590,00;74774,38;   213550;PEDRAGON MANAUS;1121,62;1;(690) PDB, (693) UE1, (696) R7J;  /  /     ;12;17/08/2026 00:00;;;PEDRAGON MANAUS;104735;ALCO/GASOL;0,00;Sim;;  /  /     ;VN - VEICULOS  NOVOS;Não;Não;Não;Não;0,00;CAPLAN GM;HOLD BACK (GM), (CUSTO) TOP NA VENDA (NOVOS);0,00;0,00;0,00;104735;0,00;75896,00;PEDRAGON MANAUS;0,00;MANUAL
PEDRAGON MANAUS;NW ONIX HB;NW ONIX HB ASP R7J;R7J;9BGEA48A0VG164326;        ;115818;;2026/2027;PRATA SHARK;        4830295;74774,38;0,00;104590,00;74774,38;   213551;PEDRAGON MANAUS;1121,62;1;(690) PDB, (693) UE1, (696) R7J;  /  /     ;12;17/08/2026 00:00;;;PEDRAGON MANAUS;104735;ALCO/GASOL;0,00;Sim;;  /  /     ;VN - VEICULOS  NOVOS;Não;Não;Não;Não;0,00;CAPLAN GM;HOLD BACK (GM), (CUSTO) TOP NA VENDA (NOVOS);0,00;0,00;0,00;104735;0,00;75896,00;PEDRAGON MANAUS;0,00;MANUAL
PEDRAGON MANAUS;NW ONIX HB;NW ONIX HB ASP R7J;R7J;9BGEA48A0VG164591;        ;115819;;2026/2027;PRETO OURO NEGRO;        4830305;74774,38;0,00;104590,00;74774,38;   213552;PEDRAGON MANAUS;1121,62;1;(690) PDB, (693) UE1, (696) R7J;  /  /     ;12;17/08/2026 00:00;;;PEDRAGON MANAUS;104735;ALCO/GASOL;0,00;Sim;;  /  /     ;VN - VEICULOS  NOVOS;Não;Não;Não;Não;0,00;CAPLAN GM;HOLD BACK (GM), (CUSTO) TOP NA VENDA (NOVOS);0,00;0,00;0,00;104735;0,00;75896,00;PEDRAGON MANAUS;0,00;MANUAL
PEDRAGON MANAUS;NW ONIX HB;NW ONIX HB ASP R7J;R7J;9BGEA48A0VG164594;        ;115820;;2026/2027;PRETO OURO NEGRO;        4830344;74774,38;0,00;104590,00;74774,38;   213553;PEDRAGON MANAUS;1121,62;1;(690) PDB, (693) UE1, (696) R7J;  /  /     ;12;17/08/2026 00:00;;;PEDRAGON MANAUS;104735;ALCO/GASOL;0,00;Sim;;  /  /     ;VN - VEICULOS  NOVOS;Não;Não;Não;Não;0,00;CAPLAN GM;HOLD BACK (GM), (CUSTO) TOP NA VENDA (NOVOS);0,00;0,00;0,00;104735;0,00;75896,00;PEDRAGON MANAUS;0,00;MANUAL
PEDRAGON MANAUS;NW ONIX HB;NW ONIX HB ASP R7J;R7J;9BGEA48A0VG166748;        ;115951;;2026/2027;BRANCO SUMMIT;        4832324;74162,02;0,00;103840,00;74162,02;   214585;PEDRAGON MANAUS;1112,43;1;(691) PDJ, (693) UE1, (696) R7J;  /  /     ;11;18/08/2026 00:00;;;PEDRAGON MANAUS;104735;ALCO/GASOL;0,00;Sim;;  /  /     ;VN - VEICULOS  NOVOS;Não;Não;Não;Não;0,00;CAPLAN GM;HOLD BACK (GM), (CUSTO) TOP NA VENDA (NOVOS);0,00;0,00;0,00;104735;0,00;75274,45;PEDRAGON MANAUS;0,00;MANUAL
PEDRAGON MANAUS;NW ONIX HB;NW ONIX HB ASP R7J;R7J;9BGEA48A0VG166758;        ;115953;;2026/2027;BRANCO SUMMIT;        4832327;74162,02;0,00;103840,00;74162,02;   214586;PEDRAGON MANAUS;1112,43;1;(691) PDJ, (693) UE1, (696) R7J;  /  /     ;11;18/08/2026 00:00;;;PEDRAGON MANAUS;104735;ALCO/GASOL;0,00;Sim;;  /  /     ;VN - VEICULOS  NOVOS;Não;Não;Não;Não;0,00;CAPLAN GM;HOLD BACK (GM), (CUSTO) TOP NA VENDA (NOVOS);0,00;0,00;0,00;104735;0,00;75274,45;PEDRAGON MANAUS;0,00;MANUAL
PEDRAGON MANAUS;NW ONIX HB;NW ONIX HB ASP R7J;R7J;9BGEA48A0VG166764;        ;115955;;2026/2027;BRANCO SUMMIT;        4832332;74162,02;0,00;103840,00;74162,02;   214587;PEDRAGON MANAUS;1112,43;1;(691) PDJ, (693) UE1, (696) R7J;  /  /     ;11;18/08/2026 00:00;;;PEDRAGON MANAUS;104735;ALCO/GASOL;0,00;Sim;;  /  /     ;VN - VEICULOS  NOVOS;Não;Não;Não;Não;0,00;CAPLAN GM;HOLD BACK (GM), (CUSTO) TOP NA VENDA (NOVOS);0,00;0,00;0,00;104735;0,00;75274,45;PEDRAGON MANAUS;0,00;MANUAL
PEDRAGON MANAUS;NW ONIX HB;NW ONIX HB ASP R7J;R7J;9BGEA48A0VG166772;        ;115956;;2026/2027;BRANCO SUMMIT;        4832338;74162,02;0,00;103840,00;74162,02;   214588;PEDRAGON MANAUS;1112,43;1;(691) PDJ, (693) UE1, (696) R7J;  /  /     ;11;18/08/2026 00:00;;;PEDRAGON MANAUS;104735;ALCO/GASOL;0,00;Sim;;  /  /     ;VN - VEICULOS  NOVOS;Não;Não;Não;Não;0,00;CAPLAN GM;HOLD BACK (GM), (CUSTO) TOP NA VENDA (NOVOS);0,00;0,00;0,00;104735;0,00;75274,45;PEDRAGON MANAUS;0,00;MANUAL
PEDRAGON MANAUS;NW ONIX HB;NW ONIX HB ASP R7J;R7J;9BGEA48A0VG166762;        ;115954;;2026/2027;BRANCO SUMMIT;        4832339;74162,02;0,00;103840,00;74162,02;   214589;PEDRAGON MANAUS;1112,43;1;(691) PDJ, (693) UE1, (696) R7J;  /  /     ;11;18/08/2026 00:00;;;PEDRAGON MANAUS;104735;ALCO/GASOL;0,00;Sim;;  /  /     ;VN - VEICULOS  NOVOS;Não;Não;Não;Não;0,00;CAPLAN GM;HOLD BACK (GM), (CUSTO) TOP NA VENDA (NOVOS);0,00;0,00;0,00;104735;0,00;75274,45;PEDRAGON MANAUS;0,00;MANUAL
PEDRAGON MANAUS;NW ONIX HB;NW ONIX HB ASP R7J;R7J;9BGEA48A0VG165610;        ;115948;;2026/2027;AZUL BOREAL;        4832348;73397,05;0,00;102890,00;73397,05;   214590;PEDRAGON MANAUS;1100,96;1;(693) UE1, (696) R7J;  /  /     ;11;18/08/2026 00:00;Pedido;Izadora;PEDRAGON MANAUS;104735;ALCO/GASOL;0,00;Sim;;  /  /     ;VN - VEICULOS  NOVOS;Sim;Sim;Não;Não;0,00;CAPLAN GM;HOLD BACK (GM), (CUSTO) TOP NA VENDA (NOVOS);0,00;0,00;0,00;104735;0,00;74498,01;PEDRAGON MANAUS;0,00;MANUAL
PEDRAGON MANAUS;NW ONIX HB;NW ONIX HB ASP R7J;R7J;9BGEA48A0VG165606;        ;115946;;2026/2027;AZUL BOREAL;        4832349;73397,05;0,00;102890,00;73397,05;   214591;PEDRAGON MANAUS;1100,96;1;(693) UE1, (696) R7J;  /  /     ;11;18/08/2026 00:00;Pedido;THAYNAN VENDIDO ;PEDRAGON MANAUS;104735;ALCO/GASOL;0,00;Sim;;  /  /     ;VN - VEICULOS  NOVOS;Sim;Sim;Não;Não;0,00;CAPLAN GM;HOLD BACK (GM), (CUSTO) TOP NA VENDA (NOVOS);0,00;0,00;0,00;104735;0,00;74498,01;PEDRAGON MANAUS;0,00;MANUAL
PEDRAGON MANAUS;NW ONIX HB;NW ONIX HB ASP R7J;R7J;9BGEA48A0VG164592;        ;115945;;2026/2027;PRETO OURO NEGRO;        4832350;74774,38;0,00;104590,00;74774,38;   214592;PEDRAGON MANAUS;1121,62;1;(690) PDB, (693) UE1, (696) R7J;  /  /     ;11;18/08/2026 00:00;;;PEDRAGON MANAUS;104735;ALCO/GASOL;0,00;Sim;;  /  /     ;VN - VEICULOS  NOVOS;Não;Não;Não;Não;0,00;CAPLAN GM;HOLD BACK (GM), (CUSTO) TOP NA VENDA (NOVOS);0,00;0,00;0,00;104735;0,00;75896,00;PEDRAGON MANAUS;0,00;MANUAL
PEDRAGON MANAUS;NW ONIX HB;NW ONIX HB ASP R7J;R7J;9BGEA48A0VG164320;        ;115815;;2026/2027;PRATA SHARK;        4830246;74774,38;0,00;104590,00;74774,38;   213545;PEDRAGON MANAUS;1121,62;1;(690) PDB, (693) UE1, (696) R7J;  /  /     ;12;17/08/2026 00:00;;;PEDRAGON MANAUS;104735;ALCO/GASOL;0,00;Sim;;  /  /     ;VN - VEICULOS  NOVOS;Não;Não;Não;Não;0,00;CAPLAN GM;HOLD BACK (GM), (CUSTO) TOP NA VENDA (NOVOS);0,00;0,00;0,00;104735;0,00;75896,00;PEDRAGON MANAUS;0,00;MANUAL
PEDRAGON MANAUS;NW ONIX HB;NW ONIX HB ASP R7J;R7J;9BGEA48A0VG164324;        ;115817;;2026/2027;PRATA SHARK;        4830268;74774,38;0,00;104590,00;74774,38;   213546;PEDRAGON MANAUS;1121,62;1;(690) PDB, (693) UE1, (696) R7J;  /  /     ;12;17/08/2026 00:00;;;PEDRAGON MANAUS;104735;ALCO/GASOL;0,00;Sim;;  /  /     ;VN - VEICULOS  NOVOS;Não;Não;Não;Não;0,00;CAPLAN GM;HOLD BACK (GM), (CUSTO) TOP NA VENDA (NOVOS);0,00;0,00;0,00;104735;0,00;75896,00;PEDRAGON MANAUS;0,00;MANUAL
PEDRAGON MANAUS;NW ONIX HB;NW ONIX HB ASP R7J;R7J;9BGEA48A0VG164319;        ;115814;;2026/2027;PRATA SHARK;        4830277;74774,38;0,00;104590,00;74774,38;   213547;PEDRAGON MANAUS;1121,62;1;(690) PDB, (693) UE1, (696) R7J;  /  /     ;12;17/08/2026 00:00;;;PEDRAGON MANAUS;104735;ALCO/GASOL;0,00;Sim;;  /  /     ;VN - VEICULOS  NOVOS;Não;Não;Não;Não;0,00;CAPLAN GM;HOLD BACK (GM), (CUSTO) TOP NA VENDA (NOVOS);0,00;0,00;0,00;104735;0,00;75896,00;PEDRAGON MANAUS;0,00;MANUAL
PEDRAGON MANAUS;NW ONIX HB;NW ONIX HB ASP R7J;R7J;9BGEA48A0VG164322;        ;115816;;2026/2027;PRATA SHARK;        4830283;74774,38;0,00;104590,00;74774,38;   213548;PEDRAGON MANAUS;1121,62;1;(690) PDB, (693) UE1, (696) R7J;  /  /     ;12;17/08/2026 00:00;;;PEDRAGON MANAUS;104735;ALCO/GASOL;0,00;Sim;;  /  /     ;VN - VEICULOS  NOVOS;Não;Não;Não;Não;0,00;CAPLAN GM;HOLD BACK (GM), (CUSTO) TOP NA VENDA (NOVOS);0,00;0,00;0,00;104735;0,00;75896,00;PEDRAGON MANAUS;0,00;MANUAL
PEDRAGON MANAUS;NW ONIX HB;NW ONIX HB ASP R7J;R7J;9BGEA48A0VG166740;        ;115949;;2026/2027;BRANCO SUMMIT;        4833044;74162,02;0,00;103840,00;74162,02;   214595;PEDRAGON MANAUS;1112,43;1;(691) PDJ, (693) UE1, (696) R7J;  /  /     ;11;18/08/2026 00:00;;;PEDRAGON MANAUS;104735;ALCO/GASOL;0,00;Sim;;  /  /     ;VN - VEICULOS  NOVOS;Não;Não;Não;Não;0,00;CAPLAN GM;HOLD BACK (GM), (CUSTO) TOP NA VENDA (NOVOS);0,00;0,00;0,00;104735;0,00;75274,45;PEDRAGON MANAUS;0,00;MANUAL
PEDRAGON MANAUS;NW ONIX HB;NW ONIX HB ASP R7J;R7J;9BGEA48A0VG166757;        ;115952;;2026/2027;BRANCO SUMMIT;        4833047;74162,02;0,00;103840,00;74162,02;   214596;PEDRAGON MANAUS;1112,43;1;(691) PDJ, (693) UE1, (696) R7J;  /  /     ;11;18/08/2026 00:00;;;PEDRAGON MANAUS;104735;ALCO/GASOL;0,00;Sim;;  /  /     ;VN - VEICULOS  NOVOS;Não;Não;Não;Não;0,00;FLOOR PLAN - GM;HOLD BACK (GM), (CUSTO) TOP NA VENDA (NOVOS);0,00;0,00;0,00;104735;0,00;75274,45;PEDRAGON MANAUS;0,00;MANUAL
PEDRAGON MANAUS;NW ONIX HB;NW ONIX HB ASP R7J;R7J;9BGEA48A0VG166779;        ;115957;;2026/2027;BRANCO SUMMIT;        4833058;74162,02;0,00;103840,00;74162,02;   214598;PEDRAGON MANAUS;1112,43;1;(691) PDJ, (693) UE1, (696) R7J;  /  /     ;11;18/08/2026 00:00;;;PEDRAGON MANAUS;104735;ALCO/GASOL;0,00;Sim;;  /  /     ;VN - VEICULOS  NOVOS;Não;Não;Não;Não;0,00;FLOOR PLAN - GM;HOLD BACK (GM), (CUSTO) TOP NA VENDA (NOVOS);0,00;0,00;0,00;104735;0,00;75274,45;PEDRAGON MANAUS;0,00;MANUAL
PEDRAGON MANAUS;NW ONIX HB;NW ONIX HB ASP R7J;R7J;9BGEA48A0VG166744;        ;115950;;2026/2027;BRANCO SUMMIT;        4833122;74162,02;0,00;103840,00;74162,02;   214599;PEDRAGON MANAUS;1112,43;1;(691) PDJ, (693) UE1, (696) R7J;  /  /     ;11;18/08/2026 00:00;;;PEDRAGON MANAUS;104735;ALCO/GASOL;0,00;Sim;;  /  /     ;VN - VEICULOS  NOVOS;Não;Não;Não;Não;0,00;FLOOR PLAN - GM;HOLD BACK (GM), (CUSTO) TOP NA VENDA (NOVOS);0,00;0,00;0,00;104735;0,00;75274,45;PEDRAGON MANAUS;0,00;MANUAL
PEDRAGON MANAUS;NW ONIX HB;NW ONIX HB ASP R7J;R7J;9BGEA48A0VG164761;        ;115821;;2026/2027;VERMELHO SCARLET;        4830177;74774,38;0,00;104590,00;74774,38;   213542;PEDRAGON MANAUS;1121,62;1;(690) PDB, (693) UE1, (696) R7J;  /  /     ;12;17/08/2026 00:00;Pedido;isabely;PEDRAGON MANAUS;104735;ALCO/GASOL;0,00;Sim;;  /  /     ;VN - VEICULOS  NOVOS;Sim;Sim;Não;Não;0,00;CAPLAN GM;HOLD BACK (GM), (CUSTO) TOP NA VENDA (NOVOS);0,00;0,00;0,00;104735;0,00;75896,00;PEDRAGON MANAUS;0,00;MANUAL
PEDRAGON MANAUS;NW ONIX HB;NW ONIX HB ASP R7J;R7J;9BGEA48A0VG161755;        ;115617;;2026/2027;BRANCO SUMMIT;        4829015;74162,02;0,00;103840,00;74162,02;   211928;PEDRAGON MANAUS;1112,43;1;(691) PDJ, (693) UE1, (696) R7J;  /  /     ;15;14/08/2026 00:00;;;PEDRAGON MANAUS;104735;ALCO/GASOL;0,00;Sim;;  /  /     ;VN - VEICULOS  NOVOS;Não;Não;Não;Não;0,00;CAPLAN GM;HOLD BACK (GM), (CUSTO) TOP NA VENDA (NOVOS);0,00;0,00;0,00;104735;0,00;75274,45;PEDRAGON MANAUS;0,00;MANUAL
PEDRAGON MANAUS;NW ONIX HB;NW ONIX HB ASP R7J;R7J;9BGEA48A0VG161713;        ;115616;;2026/2027;BRANCO SUMMIT;        4829656;74162,02;0,00;103840,00;74162,02;   211929;PEDRAGON MANAUS;1112,43;1;(691) PDJ, (693) UE1, (696) R7J;  /  /     ;15;14/08/2026 00:00;;;PEDRAGON MANAUS;104735;ALCO/GASOL;0,00;Sim;;  /  /     ;VN - VEICULOS  NOVOS;Não;Não;Não;Não;0,00;CAPLAN GM;HOLD BACK (GM), (CUSTO) TOP NA VENDA (NOVOS);0,00;0,00;0,00;104735;0,00;75274,45;PEDRAGON MANAUS;0,00;MANUAL
PEDRAGON MANAUS;NW ONIX HB;NW ONIX HB ASP R7J;R7J;9BGEA48A0VG161508;        ;115615;;2026/2027;BRANCO SUMMIT;        4829877;74162,02;0,00;103840,00;74162,02;   211930;PEDRAGON MANAUS;1112,43;1;(691) PDJ, (693) UE1, (696) R7J;  /  /     ;15;14/08/2026 00:00;;;PEDRAGON MANAUS;104735;ALCO/GASOL;0,00;Sim;;  /  /     ;VN - VEICULOS  NOVOS;Não;Não;Não;Não;0,00;FLOOR PLAN - GM;HOLD BACK (GM), (CUSTO) TOP NA VENDA (NOVOS);0,00;0,00;0,00;104735;0,00;75274,45;PEDRAGON MANAUS;0,00;MANUAL
PEDRAGON MANAUS;NW ONIX HB;NW ONIX HB ASP R7J;R7J;9BGEA48A0VG150842;;115077;;2026/2027;AZUL BOREAL;        4825458;73397,05;0,00;102890,00;73397,05;   206331;PEDRAGON MANAUS;1100,96;1;(693) UE1, (696) R7J;  /  /     ;22;07/08/2026 00:00;Pedido;EMANUELA VENDIDO ;PEDRAGON MANAUS;104735     ;ALCO/GASOL;0,00;Sim;;  /  /     ;VN - VEICULOS  NOVOS;Sim;Sim;Não;Não;0,00;CAPLAN GM;HOLD BACK (GM), (CUSTO) TOP NA VENDA (NOVOS);0,00;0,00;0,00;104735     ;0,00;74498,01;PEDRAGON MANAUS;0,00;MANUAL
PEDRAGON MANAUS;NW ONIX HB;NW ONIX HB ASP R7J;R7J;9BGEA48A0VG147444;;115067;;2026/2027;BRANCO SUMMIT;        4825500;74162,02;0,00;103840,00;74162,02;   206347;PEDRAGON MANAUS;1112,43;1;(691) PDJ, (693) UE1, (696) R7J;  /  /     ;22;07/08/2026 00:00;;;PEDRAGON MANAUS;104735     ;ALCO/GASOL;0,00;Sim;;  /  /     ;VN - VEICULOS  NOVOS;Não;Não;Não;Não;0,00;CAPLAN GM;HOLD BACK (GM), (CUSTO) TOP NA VENDA (NOVOS);0,00;0,00;0,00;104735     ;0,00;75274,45;PEDRAGON MANAUS;0,00;MANUAL
PEDRAGON MANAUS;NW ONIX HB;NW ONIX HB ASP R7J;R7J;9BGEA48A0VG147434;;115063;;2026/2027;BRANCO SUMMIT;        4825501;74162,02;0,00;103840,00;74162,02;   206348;PEDRAGON MANAUS;1112,43;1;(691) PDJ, (693) UE1, (696) R7J;  /  /     ;22;07/08/2026 00:00;;;PEDRAGON MANAUS;104735     ;ALCO/GASOL;0,00;Sim;;  /  /     ;VN - VEICULOS  NOVOS;Não;Não;Não;Não;0,00;CAPLAN GM;HOLD BACK (GM), (CUSTO) TOP NA VENDA (NOVOS);0,00;0,00;0,00;104735     ;0,00;75274,45;PEDRAGON MANAUS;0,00;MANUAL
PEDRAGON MANAUS;NW ONIX HB;NW ONIX HB ASP R7J;R7J;9BGEA48A0VG147439;;115065;;2026/2027;BRANCO SUMMIT;        4825502;74162,02;0,00;103840,00;74162,02;   206349;PEDRAGON MANAUS;1112,43;1;(691) PDJ, (693) UE1, (696) R7J;  /  /     ;22;07/08/2026 00:00;;;PEDRAGON MANAUS;104735     ;ALCO/GASOL;0,00;Sim;;  /  /     ;VN - VEICULOS  NOVOS;Não;Não;Não;Não;0,00;CAPLAN GM;HOLD BACK (GM), (CUSTO) TOP NA VENDA (NOVOS);0,00;0,00;0,00;104735     ;0,00;75274,45;PEDRAGON MANAUS;0,00;MANUAL
PEDRAGON MANAUS;NW ONIX HB;NW ONIX HB ASP R7J;R7J;9BGEA48A0VG147437;;115064;;2026/2027;BRANCO SUMMIT;        4825503;74162,02;0,00;103840,00;74162,02;   206350;PEDRAGON MANAUS;1112,43;1;(691) PDJ, (693) UE1, (696) R7J;  /  /     ;22;07/08/2026 00:00;;;PEDRAGON MANAUS;104735     ;ALCO/GASOL;0,00;Sim;;  /  /     ;VN - VEICULOS  NOVOS;Não;Não;Não;Não;0,00;CAPLAN GM;HOLD BACK (GM), (CUSTO) TOP NA VENDA (NOVOS);0,00;0,00;0,00;104735     ;0,00;75274,45;PEDRAGON MANAUS;0,00;MANUAL
PEDRAGON MANAUS;NW ONIX HB;NW ONIX HB ASP R7J;R7J;9BGEA48A0VG147441;;115066;;2026/2027;BRANCO SUMMIT;        4825585;74162,02;0,00;103840,00;74162,02;   206351;PEDRAGON MANAUS;1112,43;1;(691) PDJ, (693) UE1, (696) R7J;  /  /     ;22;07/08/2026 00:00;;;PEDRAGON MANAUS;104735     ;ALCO/GASOL;0,00;Sim;;  /  /     ;VN - VEICULOS  NOVOS;Não;Não;Não;Não;0,00;CAPLAN GM;HOLD BACK (GM), (CUSTO) TOP NA VENDA (NOVOS);0,00;0,00;0,00;104735     ;0,00;75274,45;PEDRAGON MANAUS;0,00;MANUAL
PEDRAGON MANAUS;NW ONIX HB;NW ONIX HB ASP R7J;R7J;9BGEA48A0VG147430;;115062;;2026/2027;BRANCO SUMMIT;        4825917;74162,02;0,00;103840,00;74162,02;   206355;PEDRAGON MANAUS;1112,43;1;(691) PDJ, (693) UE1, (696) R7J;  /  /     ;22;07/08/2026 00:00;Pedido;;PEDRAGON MANAUS;104735     ;ALCO/GASOL;0,00;Sim;;  /  /     ;VN - VEICULOS  NOVOS;Sim;Sim;Não;Não;0,00;CAPLAN GM;HOLD BACK (GM), (CUSTO) TOP NA VENDA (NOVOS);0,00;0,00;0,00;104735     ;0,00;75274,45;PEDRAGON MANAUS;0,00;MANUAL
PEDRAGON MANAUS;NW ONIX HB;NW ONIX HB ASP R7J;R7J;9BGEA48A0VG161761;;115396;;2026/2027;BRANCO SUMMIT;        4827695;74162,02;0,00;103840,00;74162,02;   209982;PEDRAGON MANAUS;1112,43;1;(691) PDJ, (693) UE1, (696) R7J;  /  /     ;17;12/08/2026 00:00;;;PEDRAGON MANAUS;104735     ;ALCO/GASOL;0,00;Sim;;  /  /     ;VN - VEICULOS  NOVOS;Não;Não;Não;Não;0,00;CAPLAN GM;HOLD BACK (GM), (CUSTO) TOP NA VENDA (NOVOS);0,00;0,00;0,00;104735     ;0,00;75274,45;PEDRAGON MANAUS;0,00;MANUAL
PEDRAGON MANAUS;NW ONIX HB;NW ONIX HB ASP R7J;R7J;9BGEA48A0VG161763;;115397;;2026/2027;BRANCO SUMMIT;        4827765;74162,02;0,00;103840,00;74162,02;   209983;PEDRAGON MANAUS;1112,43;1;(691) PDJ, (693) UE1, (696) R7J;  /  /     ;17;12/08/2026 00:00;;;PEDRAGON MANAUS;104735     ;ALCO/GASOL;0,00;Sim;;  /  /     ;VN - VEICULOS  NOVOS;Não;Não;Não;Não;0,00;CAPLAN GM;HOLD BACK (GM), (CUSTO) TOP NA VENDA (NOVOS);0,00;0,00;0,00;104735     ;0,00;75274,45;PEDRAGON MANAUS;0,00;MANUAL
PEDRAGON MANAUS;NW ONIX HB;NW ONIX HB ASP R7J;R7J;9BGEA48A0VG161752;;115394;;2026/2027;BRANCO SUMMIT;        4828174;74162,02;0,00;103840,00;74162,02;   209984;PEDRAGON MANAUS;1112,43;1;(691) PDJ, (693) UE1, (696) R7J;  /  /     ;17;12/08/2026 00:00;;;PEDRAGON MANAUS;104735     ;ALCO/GASOL;0,00;Sim;;  /  /     ;VN - VEICULOS  NOVOS;Não;Não;Não;Não;0,00;CAPLAN GM;HOLD BACK (GM), (CUSTO) TOP NA VENDA (NOVOS);0,00;0,00;0,00;104735     ;0,00;75274,45;PEDRAGON MANAUS;0,00;MANUAL
PEDRAGON MANAUS;NW ONIX HB;NW ONIX HB ASP R7J;R7J;9BGEA48A0VG161766;;115398;;2026/2027;BRANCO SUMMIT;        4827637;74162,02;0,00;103840,00;74162,02;   209978;PEDRAGON MANAUS;1112,43;1;(691) PDJ, (693) UE1, (696) R7J;  /  /     ;17;12/08/2026 00:00;;;PEDRAGON MANAUS;104735     ;ALCO/GASOL;0,00;Sim;;  /  /     ;VN - VEICULOS  NOVOS;Não;Não;Não;Não;0,00;CAPLAN GM;HOLD BACK (GM), (CUSTO) TOP NA VENDA (NOVOS);0,00;0,00;0,00;104735     ;0,00;75274,45;PEDRAGON MANAUS;0,00;MANUAL
PEDRAGON MANAUS;NW ONIX HB;NW ONIX HB ASP R7J;R7J;9BGEA48A0VG161756;;115395;;2026/2027;BRANCO SUMMIT;        4827640;74162,02;0,00;103840,00;74162,02;   209979;PEDRAGON MANAUS;1112,43;1;(691) PDJ, (693) UE1, (696) R7J;  /  /     ;17;12/08/2026 00:00;;;PEDRAGON MANAUS;104735     ;ALCO/GASOL;0,00;Sim;;  /  /     ;VN - VEICULOS  NOVOS;Não;Não;Não;Não;0,00;CAPLAN GM;HOLD BACK (GM), (CUSTO) TOP NA VENDA (NOVOS);0,00;0,00;0,00;104735     ;0,00;75274,45;PEDRAGON MANAUS;0,00;MANUAL
PEDRAGON MANAUS;NW ONIX HB;NW ONIX HB ASP R7J;R7J;9BGEA48A0VG168199;;116163;;2026/2027;PRATA SHARK;        4835284;74774,38;0,00;104590,00;74774,38;   216705;PEDRAGON MANAUS;1121,62;1;(690) PDB, (693) UE1, (696) R7J;  /  /     ;9;20/08/2026 00:00;;;PEDRAGON MANAUS;104735     ;ALCO/GASOL;0,00;Sim;;  /  /     ;VN - VEICULOS  NOVOS;Não;Não;Não;Não;0,00;CAPLAN GM;HOLD BACK (GM), (CUSTO) TOP NA VENDA (NOVOS);0,00;0,00;0,00;104735     ;0,00;75896,00;PEDRAGON MANAUS;0,00;MANUAL
PEDRAGON MANAUS;NW ONIX HB;NW ONIX HB ASP R7J;R7J;9BGEA48A0VG166768;;116258;;2026/2027;BRANCO SUMMIT;        4835616;74162,02;0,00;103840,00;74162,02;   217770;PEDRAGON MANAUS;1112,43;1;(691) PDJ, (693) UE1, (696) R7J;  /  /     ;8;21/08/2026 00:00;;;PEDRAGON MANAUS;104735     ;ALCO/GASOL;0,00;Sim;;  /  /     ;VN - VEICULOS  NOVOS;Não;Não;Não;Não;0,00;CAPLAN GM;HOLD BACK (GM), (CUSTO) TOP NA VENDA (NOVOS);0,00;0,00;0,00;104735     ;0,00;75274,45;PEDRAGON MANAUS;0,00;MANUAL
PEDRAGON MANAUS;NW ONIX HB;NW ONIX HB ASP R7J;R7J;9BGEA48A0VG168220;;116259;;2026/2027;PRATA SHARK;        4835630;74774,38;0,00;104590,00;74774,38;   217771;PEDRAGON MANAUS;1121,62;1;(690) PDB, (693) UE1, (696) R7J;  /  /     ;8;21/08/2026 00:00;;;PEDRAGON MANAUS;104735     ;ALCO/GASOL;0,00;Sim;;  /  /     ;VN - VEICULOS  NOVOS;Não;Não;Não;Não;0,00;CAPLAN GM;HOLD BACK (GM), (CUSTO) TOP NA VENDA (NOVOS);0,00;0,00;0,00;104735     ;0,00;75896,00;PEDRAGON MANAUS;0,00;MANUAL
PEDRAGON MANAUS;NW ONIX HB;NW ONIX HB ASP R7J;R7J;9BGEA48A0VG168224;;116164;;2026/2027;PRATA SHARK;        4834771;74774,38;0,00;104590,00;74774,38;   216703;PEDRAGON MANAUS;1121,62;1;(690) PDB, (693) UE1, (696) R7J;  /  /     ;9;20/08/2026 00:00;;;PEDRAGON MANAUS;104735     ;ALCO/GASOL;0,00;Sim;;  /  /     ;VN - VEICULOS  NOVOS;Não;Não;Não;Não;0,00;CAPLAN GM;HOLD BACK (GM), (CUSTO) TOP NA VENDA (NOVOS);0,00;0,00;0,00;104735     ;0,00;75896,00;PEDRAGON MANAUS;0,00;MANUAL
PEDRAGON MANAUS;NW ONIX HB;NW ONIX HB ASP R7J;R7J;9BGEA48A0VG168193;;116055;;2026/2027;PRATA SHARK;        4834520;74774,38;0,00;104590,00;74774,38;   215563;PEDRAGON MANAUS;1121,62;1;(690) PDB, (693) UE1, (696) R7J;  /  /     ;10;19/08/2026 00:00;;;PEDRAGON MANAUS;104735     ;ALCO/GASOL;0,00;Sim;;  /  /     ;VN - VEICULOS  NOVOS;Não;Não;Não;Não;0,00;FLOOR PLAN - GM;HOLD BACK (GM), (CUSTO) TOP NA VENDA (NOVOS);0,00;0,00;0,00;104735     ;0,00;75896,00;PEDRAGON MANAUS;0,00;MANUAL
PEDRAGON MANAUS;NW ONIX HB;NW ONIX HB ASP R7J;R7J;9BGEA48A0VG168203;;116057;;2026/2027;PRATA SHARK;        4834526;74774,38;0,00;104590,00;74774,38;   215565;PEDRAGON MANAUS;1121,62;1;(690) PDB, (693) UE1, (696) R7J;  /  /     ;10;19/08/2026 00:00;;;PEDRAGON MANAUS;104735     ;ALCO/GASOL;0,00;Sim;;  /  /     ;VN - VEICULOS  NOVOS;Não;Não;Não;Não;0,00;FLOOR PLAN - GM;HOLD BACK (GM), (CUSTO) TOP NA VENDA (NOVOS);0,00;0,00;0,00;104735     ;0,00;75896,00;PEDRAGON MANAUS;0,00;MANUAL
PEDRAGON MANAUS;NW ONIX HB;NW ONIX HB ASP R7J;R7J;9BGEA48A0VG168191;;116054;;2026/2027;PRATA SHARK;        4834527;74774,38;0,00;104590,00;74774,38;   215566;PEDRAGON MANAUS;1121,62;1;(690) PDB, (693) UE1, (696) R7J;  /  /     ;10;19/08/2026 00:00;;;PEDRAGON MANAUS;104735     ;ALCO/GASOL;0,00;Sim;;  /  /     ;VN - VEICULOS  NOVOS;Não;Não;Não;Não;0,00;FLOOR PLAN - GM;HOLD BACK (GM), (CUSTO) TOP NA VENDA (NOVOS);0,00;0,00;0,00;104735     ;0,00;75896,00;PEDRAGON MANAUS;0,00;MANUAL
PEDRAGON MANAUS;NW ONIX HB;NW ONIX HB ASP R7J;R7J;9BGEA48A0VG168202;;116056;;2026/2027;PRATA SHARK;        4834530;74774,38;0,00;104590,00;74774,38;   215567;PEDRAGON MANAUS;1121,62;1;(690) PDB, (693) UE1, (696) R7J;  /  /     ;10;19/08/2026 00:00;;;PEDRAGON MANAUS;104735     ;ALCO/GASOL;0,00;Sim;;  /  /     ;VN - VEICULOS  NOVOS;Não;Não;Não;Não;0,00;FLOOR PLAN - GM;HOLD BACK (GM), (CUSTO) TOP NA VENDA (NOVOS);0,00;0,00;0,00;104735     ;0,00;75896,00;PEDRAGON MANAUS;0,00;MANUAL
PEDRAGON MANAUS;NW ONIX HB;NW ONIX HB ASP R7J;R7J;9BGEA48A0VG168217;;116060;;2026/2027;PRATA SHARK;        4834532;74774,38;0,00;104590,00;74774,38;   215568;PEDRAGON MANAUS;1121,62;1;(690) PDB, (693) UE1, (696) R7J;  /  /     ;10;19/08/2026 00:00;;;PEDRAGON MANAUS;104735     ;ALCO/GASOL;0,00;Sim;;  /  /     ;VN - VEICULOS  NOVOS;Não;Não;Não;Não;0,00;FLOOR PLAN - GM;HOLD BACK (GM), (CUSTO) TOP NA VENDA (NOVOS);0,00;0,00;0,00;104735     ;0,00;75896,00;PEDRAGON MANAUS;0,00;MANUAL
PEDRAGON MANAUS;NW ONIX HB;NW ONIX HB ASP R7J;R7J;9BGEA48A0VG168230;;116061;;2026/2027;PRATA SHARK;        4834533;74774,38;0,00;104590,00;74774,38;   215569;PEDRAGON MANAUS;1121,62;1;(690) PDB, (693) UE1, (696) R7J;  /  /     ;10;19/08/2026 00:00;;;PEDRAGON MANAUS;104735     ;ALCO/GASOL;0,00;Sim;;  /  /     ;VN - VEICULOS  NOVOS;Não;Não;Não;Não;0,00;FLOOR PLAN - GM;HOLD BACK (GM), (CUSTO) TOP NA VENDA (NOVOS);0,00;0,00;0,00;104735     ;0,00;75896,00;PEDRAGON MANAUS;0,00;MANUAL
PEDRAGON MANAUS;NW ONIX HB;NW ONIX HB ASP R7J;R7J;9BGEA48A0VG168212;;116059;;2026/2027;PRATA SHARK;        4834536;74774,38;0,00;104590,00;74774,38;   215570;PEDRAGON MANAUS;1121,62;1;(690) PDB, (693) UE1, (696) R7J;  /  /     ;10;19/08/2026 00:00;;;PEDRAGON MANAUS;104735     ;ALCO/GASOL;0,00;Sim;;  /  /     ;VN - VEICULOS  NOVOS;Não;Não;Não;Não;0,00;FLOOR PLAN - GM;HOLD BACK (GM), (CUSTO) TOP NA VENDA (NOVOS);0,00;0,00;0,00;104735     ;0,00;75896,00;PEDRAGON MANAUS;0,00;MANUAL
PEDRAGON MANAUS;NW ONIX HB;NW ONIX HB ASP R7J;R7J;9BGEA48A0VG168209;;116058;;2026/2027;PRATA SHARK;        4834541;74774,38;0,00;104590,00;74774,38;   215571;PEDRAGON MANAUS;1121,62;1;(690) PDB, (693) UE1, (696) R7J;  /  /     ;10;19/08/2026 00:00;;;PEDRAGON MANAUS;104735     ;ALCO/GASOL;0,00;Sim;;  /  /     ;VN - VEICULOS  NOVOS;Não;Não;Não;Não;0,00;FLOOR PLAN - GM;HOLD BACK (GM), (CUSTO) TOP NA VENDA (NOVOS);0,00;0,00;0,00;104735     ;0,00;75896,00;PEDRAGON MANAUS;0,00;MANUAL
PEDRAGON MANAUS;NW ONIX HB;NW ONIX HB ASP R7J;R7J;9BGEA48A0VG149554;;115073;;2026/2027;PRETO OURO NEGRO;        4825463;74774,38;0,00;104590,00;74774,38;   206334;PEDRAGON MANAUS;1121,62;1;(690) PDB, (693) UE1, (696) R7J;  /  /     ;22;07/08/2026 00:00;Pedido;thayane;PEDRAGON MANAUS;104735     ;ALCO/GASOL;0,00;Sim;;  /  /     ;VN - VEICULOS  NOVOS;Sim;Sim;Não;Não;0,00;CAPLAN GM;HOLD BACK (GM), (CUSTO) TOP NA VENDA (NOVOS);0,00;0,00;0,00;104735     ;0,00;75896,00;PEDRAGON MANAUS;0,00;MANUAL
PEDRAGON MANAUS;NW ONIX HB;NW ONIX HB ASP R7J;R7J;9BGEA48A0VG148899;;115068;;2026/2027;PRATA SHARK;        4825468;74774,38;0,00;104590,00;74774,38;   206338;PEDRAGON MANAUS;1121,62;1;(690) PDB, (693) UE1, (696) R7J;  /  /     ;22;07/08/2026 00:00;Pedido;izabelly;PEDRAGON MANAUS;104735     ;ALCO/GASOL;0,00;Sim;;  /  /     ;VN - VEICULOS  NOVOS;Sim;Sim;Não;Não;0,00;CAPLAN GM;HOLD BACK (GM), (CUSTO) TOP NA VENDA (NOVOS);0,00;0,00;0,00;104735     ;0,00;75896,00;PEDRAGON MANAUS;0,00;MANUAL
PEDRAGON MANAUS;NW ONIX HB;NW ONIX HB ASP R7J;R7J;9BGEA48A0VG149547;;115071;;2026/2027;PRETO OURO NEGRO;        4825473;74774,38;0,00;104590,00;74774,38;   206339;PEDRAGON MANAUS;1121,62;1;(690) PDB, (693) UE1, (696) R7J;  /  /     ;22;07/08/2026 00:00;;ARIANE;PEDRAGON MANAUS;104735     ;ALCO/GASOL;0,00;Sim;;  /  /     ;VN - VEICULOS  NOVOS;Não;Não;Não;Não;0,00;CAPLAN GM;HOLD BACK (GM), (CUSTO) TOP NA VENDA (NOVOS);0,00;0,00;0,00;104735     ;0,00;75896,00;PEDRAGON MANAUS;0,00;MANUAL
PEDRAGON MANAUS;NW ONIX HB;NW ONIX HB ASP R7J;R7J;9BGEA48A0VG159746;;114533;;2026/2027;PRATA SHARK;        4822618;74774,38;0,00;104590,00;74774,38;   201447;PEDRAGON MANAUS;1121,62;1;(690) PDB, (693) UE1, (696) R7J;  /  /     ;29;31/07/2026 00:00;Pedido;IZADORA;PEDRAGON MANAUS;104735     ;ALCO/GASOL;0,00;Sim;;  /  /     ;VN - VEICULOS  NOVOS;Sim;Sim;Não;Não;0,00;CAPLAN GM;HOLD BACK (GM), (CUSTO) TOP NA VENDA (NOVOS);0,00;0,00;0,00;104735     ;0,00;75896,00;PEDRAGON MANAUS;0,00;MANUAL
PEDRAGON MANAUS;NW ONIX HB;NW ONIX HB ASP R7J;R7J;9BGEA48A0VG159683;;114524;;2026/2027;PRATA SHARK;        4822628;74774,38;0,00;104590,00;74774,38;   201456;PEDRAGON MANAUS;1121,62;1;(690) PDB, (693) UE1, (696) R7J;  /  /     ;29;31/07/2026 00:00;Proposta;"Larissa
";PEDRAGON MANAUS;104735     ;ALCO/GASOL;0,00;Sim;;  /  /     ;VN - VEICULOS  NOVOS;Sim;Não;Não;Não;0,00;FLOOR PLAN - GM;HOLD BACK (GM), (CUSTO) TOP NA VENDA (NOVOS);0,00;0,00;0,00;104735     ;0,00;75896,00;PEDRAGON MANAUS;0,00;MANUAL
PEDRAGON MANAUS;NW ONIX HB;NW ONIX HB ASP PRO A3X;A3X;9BGEA48A0VG174069;;116850;;2026/2027;VERMELHO SCARLET;        4840381;75989,83;0,00;106090,00;75989,83;   222530;PEDRAGON MANAUS;1139,85;1;(690) PDB, (693) UE1, (771) A3X;  /  /     ;2;27/08/2026 00:00;;;PEDRAGON MANAUS;104735     ;ALCO/GASOL;0,00;Sim;;  /  /     ;VN - VEICULOS  NOVOS;Não;Não;Não;Não;0,00;CAPLAN GM;HOLD BACK (GM), (CUSTO) TOP NA VENDA (NOVOS);0,00;0,00;0,00;104735     ;0,00;77129,68;PEDRAGON MANAUS;0,00;MANUAL
PEDRAGON MANAUS;NW ONIX HB;NW ONIX HB ASP PRO A3X;A3X;9BGEA48A0VG173671;;116848;;2026/2027;PRATA SHARK;        4840068;75989,83;0,00;106090,00;75989,83;   222523;PEDRAGON MANAUS;1139,85;1;(690) PDB, (693) UE1, (771) A3X;  /  /     ;2;27/08/2026 00:00;;;PEDRAGON MANAUS;104735     ;ALCO/GASOL;0,00;Sim;;  /  /     ;VN - VEICULOS  NOVOS;Não;Não;Não;Não;0,00;CAPLAN GM;HOLD BACK (GM), (CUSTO) TOP NA VENDA (NOVOS);0,00;0,00;0,00;104735     ;0,00;77129,68;PEDRAGON MANAUS;0,00;MANUAL
PEDRAGON MANAUS;NW ONIX HB;NW ONIX HB ASP PRO A3X;A3X;9BGEA48A0VG173681;;116849;;2026/2027;PRATA SHARK;        4840069;75989,83;0,00;106090,00;75989,83;   222524;PEDRAGON MANAUS;1139,85;1;(690) PDB, (693) UE1, (771) A3X;  /  /     ;2;27/08/2026 00:00;;;PEDRAGON MANAUS;104735     ;ALCO/GASOL;0,00;Sim;;  /  /     ;VN - VEICULOS  NOVOS;Não;Não;Não;Não;0,00;CAPLAN GM;HOLD BACK (GM), (CUSTO) TOP NA VENDA (NOVOS);0,00;0,00;0,00;104735     ;0,00;77129,68;PEDRAGON MANAUS;0,00;MANUAL
PEDRAGON MANAUS;NW ONIX HB;NW ONIX HB ASP PRO A3X;A3X;9BGEA48A0VG173661;;116847;;2026/2027;PRATA SHARK;        4840073;75989,83;0,00;106090,00;75989,83;   222525;PEDRAGON MANAUS;1139,85;1;(690) PDB, (693) UE1, (771) A3X;  /  /     ;2;27/08/2026 00:00;;;PEDRAGON MANAUS;104735     ;ALCO/GASOL;0,00;Sim;;  /  /     ;VN - VEICULOS  NOVOS;Não;Não;Não;Não;0,00;CAPLAN GM;HOLD BACK (GM), (CUSTO) TOP NA VENDA (NOVOS);0,00;0,00;0,00;104735     ;0,00;77129,68;PEDRAGON MANAUS;0,00;MANUAL
PEDRAGON MANAUS;NW ONIX HB;NW ONIX HB ASP PRO A3X;A3X;9BGEA48A0VG175964;;117087;;2026/2027;PRETO OURO NEGRO;        4842674;75989,83;0,00;106090,00;75989,83;   223677;PEDRAGON MANAUS;1139,85;1;(690) PDB, (693) UE1, (771) A3X;  /  /     ;1;28/08/2026 00:00;;;PEDRAGON MANAUS;104735     ;ALCO/GASOL;0,00;Sim;;  /  /     ;VN - VEICULOS  NOVOS;Não;Não;Não;Não;0,00;CAPLAN GM;HOLD BACK (GM), (CUSTO) TOP NA VENDA (NOVOS);0,00;0,00;0,00;104735     ;0,00;77129,68;PEDRAGON MANAUS;0,00;MANUAL
PEDRAGON MANAUS;NW ONIX HB;NW ONIX HB ASP PRO A3X;A3X;9BGEA48A0VG175961;;117086;;2026/2027;PRETO OURO NEGRO;        4843010;75989,83;0,00;106090,00;75989,83;   223678;PEDRAGON MANAUS;1139,85;1;(690) PDB, (693) UE1, (771) A3X;  /  /     ;1;28/08/2026 00:00;;;PEDRAGON MANAUS;104735     ;ALCO/GASOL;0,00;Sim;;  /  /     ;VN - VEICULOS  NOVOS;Não;Não;Não;Não;0,00;FLOOR PLAN - GM;HOLD BACK (GM), (CUSTO) TOP NA VENDA (NOVOS);0,00;0,00;0,00;104735     ;0,00;77129,68;PEDRAGON MANAUS;0,00;MANUAL
PEDRAGON MANAUS;NW ONIX HB;NW ONIX HB ASP PRO A3X;A3X;9BGEA48A0VG171509;;116447;;2026/2027;BRANCO SUMMIT;        4837457;75377,48;0,00;105340,00;75377,48;   219281;PEDRAGON MANAUS;1130,66;1;(691) PDJ, (693) UE1, (771) A3X;  /  /     ;5;24/08/2026 00:00;;;PEDRAGON MANAUS;104735     ;ALCO/GASOL;0,00;Sim;;  /  /     ;VN - VEICULOS  NOVOS;Não;Não;Não;Não;0,00;CAPLAN GM;HOLD BACK (GM), (CUSTO) TOP NA VENDA (NOVOS);0,00;0,00;0,00;104735     ;0,00;76508,14;PEDRAGON MANAUS;0,00;MANUAL
PEDRAGON MANAUS;NW ONIX HB;NW ONIX HB ASP PRO A3X;A3X;9BGEA48A0VG171465;;116446;;2026/2027;BRANCO SUMMIT;        4837459;75377,48;0,00;105340,00;75377,48;   219282;PEDRAGON MANAUS;1130,66;1;(691) PDJ, (693) UE1, (771) A3X;  /  /     ;5;24/08/2026 00:00;;LARISSA ;PEDRAGON MANAUS;104735     ;ALCO/GASOL;0,00;Sim;;  /  /     ;VN - VEICULOS  NOVOS;Não;Não;Não;Não;0,00;FLOOR PLAN - GM;HOLD BACK (GM), (CUSTO) TOP NA VENDA (NOVOS);0,00;0,00;0,00;104735     ;0,00;76508,14;PEDRAGON MANAUS;0,00;MANUAL
PEDRAGON MANAUS;NW ONIX HB;NW ONIX HB ACTIV R7Y;R7Y;9BGEK48H0VG170711;;116449;;2026/2027;AZUL BOREAL;        4837076;93645,15;0,00;116190,00;93645,15;   219278;PEDRAGON MANAUS;1404,68;1;(693) UE1, (766) R7Y;  /  /     ;5;24/08/2026 00:00;;;PEDRAGON MANAUS;102030     ;ALCO/GASOL;0,00;Sim;;  /  /     ;VN - VEICULOS  NOVOS;Não;Não;Não;Não;0,00;CAPLAN GM;HOLD BACK (GM), (CUSTO) TOP NA VENDA (NOVOS);0,00;0,00;0,00;102030     ;0,00;95049,83;PEDRAGON MANAUS;0,00;AUTOMÁTICO
PEDRAGON MANAUS;NW ONIX HB;NW ONIX HB ACTIV R7Y;R7Y;9BGEK48H0VG169471;;116448;;2026/2027;PRETO OURO NEGRO;        4836842;95022,48;0,00;117890,00;95022,48;   219264;PEDRAGON MANAUS;1425,34;1;(690) PDB, (693) UE1, (766) R7Y;  /  /     ;5;24/08/2026 00:00;;;PEDRAGON MANAUS;102030     ;ALCO/GASOL;0,00;Sim;;  /  /     ;VN - VEICULOS  NOVOS;Não;Não;Não;Não;0,00;CAPLAN GM;HOLD BACK (GM), (CUSTO) TOP NA VENDA (NOVOS);0,00;0,00;0,00;102030     ;0,00;96447,82;PEDRAGON MANAUS;0,00;AUTOMÁTICO
PEDRAGON MANAUS;NW ONIX HB;NW ONIX HB ACTIV R7Y;R7Y;9BGEK48H0VG172522;;116691;;2026/2027;BRANCO SUMMIT;        4839176;94414,75;0,00;117140,00;94414,75;   221351;PEDRAGON MANAUS;1416,22;1;(691) PDJ, (693) UE1, (766) R7Y;  /  /     ;3;26/08/2026 00:00;;;PEDRAGON MANAUS;102030     ;ALCO/GASOL;0,00;Sim;;  /  /     ;VN - VEICULOS  NOVOS;Não;Não;Não;Não;0,00;CAPLAN GM;HOLD BACK (GM), (CUSTO) TOP NA VENDA (NOVOS);0,00;0,00;0,00;102030     ;0,00;95830,97;PEDRAGON MANAUS;0,00;AUTOMÁTICO
PEDRAGON MANAUS;NW ONIX HB;NW ONIX HB ACTIV R7Y;R7Y;9BGEK48H0VG175410;;117088;;2026/2027;VERMELHO SCARLET;        4842068;95022,48;0,00;117890,00;95022,48;   223676;PEDRAGON MANAUS;1425,34;1;(690) PDB, (693) UE1, (766) R7Y;  /  /     ;1;28/08/2026 00:00;Proposta;RAFAEL;PEDRAGON MANAUS;102030     ;ALCO/GASOL;0,00;Sim;;  /  /     ;VN - VEICULOS  NOVOS;Sim;Não;Não;Não;0,00;CAPLAN GM;HOLD BACK (GM), (CUSTO) TOP NA VENDA (NOVOS);0,00;0,00;0,00;102030     ;0,00;96447,82;PEDRAGON MANAUS;0,00;AUTOMÁTICO
PEDRAGON MANAUS;NW ONIX HB;NW ONIX HB ACTIV R7Y;R7Y;9BGEK48H0VG172498;;116851;;2026/2027;BRANCO SUMMIT;        4840245;94414,75;0,00;117140,00;94414,75;   222526;PEDRAGON MANAUS;1416,22;1;(691) PDJ, (693) UE1, (766) R7Y;  /  /     ;2;27/08/2026 00:00;;;PEDRAGON MANAUS;102030     ;ALCO/GASOL;0,00;Sim;;  /  /     ;VN - VEICULOS  NOVOS;Não;Não;Não;Não;0,00;FLOOR PLAN - GM;HOLD BACK (GM), (CUSTO) TOP NA VENDA (NOVOS);0,00;0,00;0,00;102030     ;0,00;95830,97;PEDRAGON MANAUS;0,00;AUTOMÁTICO
PEDRAGON MANAUS;NW ONIX HB;NW ONIX HB ACTIV R7Y;R7Y;9BGEK48H0VG174487;;116852;;2026/2027;PRATA SHARK;        4840246;95022,48;0,00;117890,00;95022,48;   222527;PEDRAGON MANAUS;1425,34;1;(690) PDB, (693) UE1, (766) R7Y;  /  /     ;2;27/08/2026 00:00;Pedido;RAFAEL ;PEDRAGON MANAUS;102030     ;ALCO/GASOL;0,00;Sim;;  /  /     ;VN - VEICULOS  NOVOS;Sim;Sim;Não;Não;0,00;FLOOR PLAN - GM;HOLD BACK (GM), (CUSTO) TOP NA VENDA (NOVOS);0,00;0,00;0,00;102030     ;0,00;96447,82;PEDRAGON MANAUS;0,00;AUTOMÁTICO
PEDRAGON MANAUS;NW MONTANA;NW MONTANA RS RGE;RGE;9BGED43T0VB127093;;116817;;2026/2027;CINZA AMBAR;        3069939;123916,64;0,00;173390,00;123916,64;   222372;PEDRAGON MANAUS;1858,75;1;(690) PDB, (693) UE1, (706) RGE;  /  /     ;2;27/08/2026 00:00;;;PEDRAGON MANAUS;200955     ;ALCO/GASOL;0,00;Sim;;  /  /     ;VN - VEICULOS  NOVOS;Não;Não;Não;Não;0,00;FLOOR PLAN - GM;HOLD BACK (GM), (CUSTO) TOP NA VENDA (NOVOS);0,00;0,00;0,00;200955     ;0,00;125775,39;PEDRAGON MANAUS;0,00;AUTOMÁTICO
PEDRAGON MANAUS;NW MONTANA;NW MONTANA RS RGE;RGE;9BGED43T0VB127191;;116818;;2026/2027;CINZA AMBAR;        3069940;123916,64;0,00;173390,00;123916,64;   222373;PEDRAGON MANAUS;1858,75;1;(690) PDB, (693) UE1, (706) RGE;  /  /     ;2;27/08/2026 00:00;;;PEDRAGON MANAUS;200955     ;ALCO/GASOL;0,00;Sim;;  /  /     ;VN - VEICULOS  NOVOS;Não;Não;Não;Não;0,00;FLOOR PLAN - GM;HOLD BACK (GM), (CUSTO) TOP NA VENDA (NOVOS);0,00;0,00;0,00;200955     ;0,00;125775,39;PEDRAGON MANAUS;0,00;AUTOMÁTICO
PEDRAGON MANAUS;NW MONTANA;NW MONTANA RS RGE;RGE;9BGED43T0VB127881;;116819;;2026/2027;VERMELHO SCARLET;        3069941;122486,96;0,00;171390,00;122486,96;   222374;PEDRAGON MANAUS;1837,30;1;(693) UE1, (706) RGE;  /  /     ;2;27/08/2026 00:00;;;PEDRAGON MANAUS;200955     ;ALCO/GASOL;0,00;Sim;;  /  /     ;VN - VEICULOS  NOVOS;Não;Não;Não;Não;0,00;FLOOR PLAN - GM;HOLD BACK (GM), (CUSTO) TOP NA VENDA (NOVOS);0,00;0,00;0,00;200955     ;0,00;124324,26;PEDRAGON MANAUS;0,00;AUTOMÁTICO
PEDRAGON MANAUS;NW MONTANA;NW MONTANA RS RGE;RGE;9BGED43T0VB128177;;116820;;2026/2027;VERMELHO SCARLET;        3069942;122486,96;0,00;171390,00;122486,96;   222375;PEDRAGON MANAUS;1837,30;1;(693) UE1, (706) RGE;  /  /     ;2;27/08/2026 00:00;;;PEDRAGON MANAUS;200955     ;ALCO/GASOL;0,00;Sim;;  /  /     ;VN - VEICULOS  NOVOS;Não;Não;Não;Não;0,00;FLOOR PLAN - GM;HOLD BACK (GM), (CUSTO) TOP NA VENDA (NOVOS);0,00;0,00;0,00;200955     ;0,00;124324,26;PEDRAGON MANAUS;0,00;AUTOMÁTICO
PEDRAGON MANAUS;NW MONTANA;NW MONTANA RS RGE;RGE;9BGED43T0VB128178;;116821;;2026/2027;VERMELHO SCARLET;        3069943;122486,96;0,00;171390,00;122486,96;   222376;PEDRAGON MANAUS;1837,30;1;(693) UE1, (706) RGE;  /  /     ;2;27/08/2026 00:00;;;PEDRAGON MANAUS;200955     ;ALCO/GASOL;0,00;Sim;;  /  /     ;VN - VEICULOS  NOVOS;Não;Não;Não;Não;0,00;FLOOR PLAN - GM;HOLD BACK (GM), (CUSTO) TOP NA VENDA (NOVOS);0,00;0,00;0,00;200955     ;0,00;124324,26;PEDRAGON MANAUS;0,00;AUTOMÁTICO
PEDRAGON MANAUS;NW MONTANA;NW MONTANA RS RGE;RGE;9BGED43T0VB128183;;116822;;2026/2027;VERMELHO SCARLET;        3069944;122486,96;0,00;171390,00;122486,96;   222377;PEDRAGON MANAUS;1837,30;1;(693) UE1, (706) RGE;  /  /     ;2;27/08/2026 00:00;;;PEDRAGON MANAUS;200955     ;ALCO/GASOL;0,00;Sim;;  /  /     ;VN - VEICULOS  NOVOS;Não;Não;Não;Não;0,00;FLOOR PLAN - GM;HOLD BACK (GM), (CUSTO) TOP NA VENDA (NOVOS);0,00;0,00;0,00;200955     ;0,00;124324,26;PEDRAGON MANAUS;0,00;AUTOMÁTICO
PEDRAGON MANAUS;NW MONTANA;NW MONTANA RS RGE;RGE;9BGED43T0VB128801;;116823;;2026/2027;CINZA AMBAR;        3069945;123916,64;0,00;173390,00;123916,64;   222378;PEDRAGON MANAUS;1858,75;1;(690) PDB, (693) UE1, (706) RGE;  /  /     ;2;27/08/2026 00:00;;;PEDRAGON MANAUS;200955     ;ALCO/GASOL;0,00;Sim;;  /  /     ;VN - VEICULOS  NOVOS;Não;Não;Não;Não;0,00;FLOOR PLAN - GM;HOLD BACK (GM), (CUSTO) TOP NA VENDA (NOVOS);0,00;0,00;0,00;200955     ;0,00;125775,39;PEDRAGON MANAUS;0,00;AUTOMÁTICO
PEDRAGON MANAUS;NW MONTANA;NW MONTANA RS RGE;RGE;9BGED43T0VB128807;;116824;;2026/2027;CINZA AMBAR;        3069946;123916,64;0,00;173390,00;123916,64;   222379;PEDRAGON MANAUS;1858,75;1;(690) PDB, (693) UE1, (706) RGE;  /  /     ;2;27/08/2026 00:00;;;PEDRAGON MANAUS;200955     ;ALCO/GASOL;0,00;Sim;;  /  /     ;VN - VEICULOS  NOVOS;Não;Não;Não;Não;0,00;FLOOR PLAN - GM;HOLD BACK (GM), (CUSTO) TOP NA VENDA (NOVOS);0,00;0,00;0,00;200955     ;0,00;125775,39;PEDRAGON MANAUS;0,00;AUTOMÁTICO
PEDRAGON MANAUS;NW MONTANA;NW MONTANA RS RGE;RGE;9BGED43T0VB128808;;116825;;2026/2027;CINZA AMBAR;        3069947;123916,64;0,00;173390,00;123916,64;   222380;PEDRAGON MANAUS;1858,75;1;(690) PDB, (693) UE1, (706) RGE;  /  /     ;2;27/08/2026 00:00;;;PEDRAGON MANAUS;200955     ;ALCO/GASOL;0,00;Sim;;  /  /     ;VN - VEICULOS  NOVOS;Não;Não;Não;Não;0,00;FLOOR PLAN - GM;HOLD BACK (GM), (CUSTO) TOP NA VENDA (NOVOS);0,00;0,00;0,00;200955     ;0,00;125775,39;PEDRAGON MANAUS;0,00;AUTOMÁTICO
PEDRAGON MANAUS;NW MONTANA;NW MONTANA RS RGE;RGE;9BGED43T0VB130259;;116826;;2026/2027;BRANCO SUMMIT;        3069948;123201,80;0,00;172390,00;123201,80;   222381;PEDRAGON MANAUS;1848,03;1;(691) PDJ, (693) UE1, (706) RGE;  /  /     ;2;27/08/2026 00:00;;;PEDRAGON MANAUS;200955     ;ALCO/GASOL;0,00;Sim;;  /  /     ;VN - VEICULOS  NOVOS;Não;Não;Não;Não;0,00;FLOOR PLAN - GM;HOLD BACK (GM), (CUSTO) TOP NA VENDA (NOVOS);0,00;0,00;0,00;200955     ;0,00;125049,83;PEDRAGON MANAUS;0,00;AUTOMÁTICO
PEDRAGON MANAUS;NW MONTANA;NW MONTANA RS RGE;RGE;9BGED43T0VB130691;;116827;;2026/2027;BRANCO SUMMIT;        3069949;123201,80;0,00;172390,00;123201,80;   222382;PEDRAGON MANAUS;1848,03;1;(691) PDJ, (693) UE1, (706) RGE;  /  /     ;2;27/08/2026 00:00;;;PEDRAGON MANAUS;200955     ;ALCO/GASOL;0,00;Sim;;  /  /     ;VN - VEICULOS  NOVOS;Não;Não;Não;Não;0,00;FLOOR PLAN - GM;HOLD BACK (GM), (CUSTO) TOP NA VENDA (NOVOS);0,00;0,00;0,00;200955     ;0,00;125049,83;PEDRAGON MANAUS;0,00;AUTOMÁTICO
PEDRAGON MANAUS;NW MONTANA;NW MONTANA RS RGE;RGE;9BGED43T0VB130692;;116828;;2026/2027;BRANCO SUMMIT;        3069950;123201,80;0,00;172390,00;123201,80;   222383;PEDRAGON MANAUS;1848,03;1;(691) PDJ, (693) UE1, (706) RGE;  /  /     ;2;27/08/2026 00:00;;;PEDRAGON MANAUS;200955     ;ALCO/GASOL;0,00;Sim;;  /  /     ;VN - VEICULOS  NOVOS;Não;Não;Não;Não;0,00;FLOOR PLAN - GM;HOLD BACK (GM), (CUSTO) TOP NA VENDA (NOVOS);0,00;0,00;0,00;200955     ;0,00;125049,83;PEDRAGON MANAUS;0,00;AUTOMÁTICO
PEDRAGON MANAUS;NW MONTANA;NW MONTANA RS RGE;RGE;9BGED43T0VB130698;;116829;;2026/2027;BRANCO SUMMIT;        3069951;123201,80;0,00;172390,00;123201,80;   222384;PEDRAGON MANAUS;1848,03;1;(691) PDJ, (693) UE1, (706) RGE;  /  /     ;2;27/08/2026 00:00;;;PEDRAGON MANAUS;200955     ;ALCO/GASOL;0,00;Sim;;  /  /     ;VN - VEICULOS  NOVOS;Não;Não;Não;Não;0,00;FLOOR PLAN - GM;HOLD BACK (GM), (CUSTO) TOP NA VENDA (NOVOS);0,00;0,00;0,00;200955     ;0,00;125049,83;PEDRAGON MANAUS;0,00;AUTOMÁTICO
PEDRAGON MANAUS;NW MONTANA;NW MONTANA RS RGE;RGE;9BGED43T0VB130699;;116830;;2026/2027;BRANCO SUMMIT;        3069952;123201,80;0,00;172390,00;123201,80;   222385;PEDRAGON MANAUS;1848,03;1;(691) PDJ, (693) UE1, (706) RGE;  /  /     ;2;27/08/2026 00:00;;;PEDRAGON MANAUS;200955     ;ALCO/GASOL;0,00;Sim;;  /  /     ;VN - VEICULOS  NOVOS;Não;Não;Não;Não;0,00;FLOOR PLAN - GM;HOLD BACK (GM), (CUSTO) TOP NA VENDA (NOVOS);0,00;0,00;0,00;200955     ;0,00;125049,83;PEDRAGON MANAUS;0,00;AUTOMÁTICO
PEDRAGON MANAUS;NW MONTANA;NW MONTANA RS RGE;RGE;9BGED43T0VB130705;;116831;;2026/2027;BRANCO SUMMIT;        3069953;123201,80;0,00;172390,00;123201,80;   222386;PEDRAGON MANAUS;1848,03;1;(691) PDJ, (693) UE1, (706) RGE;  /  /     ;2;27/08/2026 00:00;;;PEDRAGON MANAUS;200955     ;ALCO/GASOL;0,00;Sim;;  /  /     ;VN - VEICULOS  NOVOS;Não;Não;Não;Não;0,00;FLOOR PLAN - GM;HOLD BACK (GM), (CUSTO) TOP NA VENDA (NOVOS);0,00;0,00;0,00;200955     ;0,00;125049,83;PEDRAGON MANAUS;0,00;AUTOMÁTICO
PEDRAGON MANAUS;NW MONTANA;NW MONTANA RS RGE;RGE;9BGED43T0VB130706;;116832;;2026/2027;BRANCO SUMMIT;        3069954;123201,80;0,00;172390,00;123201,80;   222387;PEDRAGON MANAUS;1848,03;1;(691) PDJ, (693) UE1, (706) RGE;  /  /     ;2;27/08/2026 00:00;;;PEDRAGON MANAUS;200955     ;ALCO/GASOL;0,00;Sim;;  /  /     ;VN - VEICULOS  NOVOS;Não;Não;Não;Não;0,00;FLOOR PLAN - GM;HOLD BACK (GM), (CUSTO) TOP NA VENDA (NOVOS);0,00;0,00;0,00;200955     ;0,00;125049,83;PEDRAGON MANAUS;0,00;AUTOMÁTICO
PEDRAGON MANAUS;NW MONTANA;NW MONTANA RS RGE;RGE;9BGED43T0VB130711;;116833;;2026/2027;BRANCO SUMMIT;        3069955;123201,80;0,00;172390,00;123201,80;   222388;PEDRAGON MANAUS;1848,03;1;(691) PDJ, (693) UE1, (706) RGE;  /  /     ;2;27/08/2026 00:00;;;PEDRAGON MANAUS;200955     ;ALCO/GASOL;0,00;Sim;;  /  /     ;VN - VEICULOS  NOVOS;Não;Não;Não;Não;0,00;FLOOR PLAN - GM;HOLD BACK (GM), (CUSTO) TOP NA VENDA (NOVOS);0,00;0,00;0,00;200955     ;0,00;125049,83;PEDRAGON MANAUS;0,00;AUTOMÁTICO
PEDRAGON MANAUS;NW MONTANA;NW MONTANA RS RGE;RGE;9BGED43T0VB130712;;116834;;2026/2027;BRANCO SUMMIT;        3069956;123201,80;0,00;172390,00;123201,80;   222389;PEDRAGON MANAUS;1848,03;1;(691) PDJ, (693) UE1, (706) RGE;  /  /     ;2;27/08/2026 00:00;;;PEDRAGON MANAUS;200955     ;ALCO/GASOL;0,00;Sim;;  /  /     ;VN - VEICULOS  NOVOS;Não;Não;Não;Não;0,00;FLOOR PLAN - GM;HOLD BACK (GM), (CUSTO) TOP NA VENDA (NOVOS);0,00;0,00;0,00;200955     ;0,00;125049,83;PEDRAGON MANAUS;0,00;AUTOMÁTICO
PEDRAGON MANAUS;NW MONTANA;NW MONTANA RS RGE;RGE;9BGED43T0VB130718;;116835;;2026/2027;BRANCO SUMMIT;        3069957;123201,80;0,00;172390,00;123201,80;   222390;PEDRAGON MANAUS;1848,03;1;(691) PDJ, (693) UE1, (706) RGE;  /  /     ;2;27/08/2026 00:00;;;PEDRAGON MANAUS;200955     ;ALCO/GASOL;0,00;Sim;;  /  /     ;VN - VEICULOS  NOVOS;Não;Não;Não;Não;0,00;FLOOR PLAN - GM;HOLD BACK (GM), (CUSTO) TOP NA VENDA (NOVOS);0,00;0,00;0,00;200955     ;0,00;125049,83;PEDRAGON MANAUS;0,00;AUTOMÁTICO
PEDRAGON MANAUS;NW MONTANA;NW MONTANA RS RGE;RGE;9BGED43T0VB131618;;116841;;2026/2027;VERMELHO SCARLET;        3069958;122486,96;0,00;171390,00;122486,96;   222391;PEDRAGON MANAUS;1837,30;1;(693) UE1, (706) RGE;  /  /     ;2;27/08/2026 00:00;;;PEDRAGON MANAUS;200955     ;ALCO/GASOL;0,00;Sim;;  /  /     ;VN - VEICULOS  NOVOS;Não;Não;Não;Não;0,00;FLOOR PLAN - GM;HOLD BACK (GM), (CUSTO) TOP NA VENDA (NOVOS);0,00;0,00;0,00;200955     ;0,00;124324,26;PEDRAGON MANAUS;0,00;AUTOMÁTICO
PEDRAGON MANAUS;NW MONTANA;NW MONTANA RS RGE;RGE;9BGED43T0VB131619;;116842;;2026/2027;VERMELHO SCARLET;        3069959;122486,96;0,00;171390,00;122486,96;   222392;PEDRAGON MANAUS;1837,30;1;(693) UE1, (706) RGE;  /  /     ;2;27/08/2026 00:00;;;PEDRAGON MANAUS;200955     ;ALCO/GASOL;0,00;Sim;;  /  /     ;VN - VEICULOS  NOVOS;Não;Não;Não;Não;0,00;FLOOR PLAN - GM;HOLD BACK (GM), (CUSTO) TOP NA VENDA (NOVOS);0,00;0,00;0,00;200955     ;0,00;124324,26;PEDRAGON MANAUS;0,00;AUTOMÁTICO
PEDRAGON MANAUS;NW MONTANA;NW MONTANA RS RGE;RGE;9BGED43T0VB131624;;116843;;2026/2027;VERMELHO SCARLET;        3069960;122486,96;0,00;171390,00;122486,96;   222393;PEDRAGON MANAUS;1837,30;1;(693) UE1, (706) RGE;  /  /     ;2;27/08/2026 00:00;;;PEDRAGON MANAUS;200955     ;ALCO/GASOL;0,00;Sim;;  /  /     ;VN - VEICULOS  NOVOS;Não;Não;Não;Não;0,00;FLOOR PLAN - GM;HOLD BACK (GM), (CUSTO) TOP NA VENDA (NOVOS);0,00;0,00;0,00;200955     ;0,00;124324,26;PEDRAGON MANAUS;0,00;AUTOMÁTICO
PEDRAGON MANAUS;NW MONTANA;NW MONTANA RS RGE;RGE;9BGED43T0VB131378;;116836;;2026/2027;CINZA AMBAR;        3069961;123916,64;0,00;173390,00;123916,64;   222394;PEDRAGON MANAUS;1858,75;1;(690) PDB, (693) UE1, (706) RGE;  /  /     ;2;27/08/2026 00:00;;;PEDRAGON MANAUS;200955     ;ALCO/GASOL;0,00;Sim;;  /  /     ;VN - VEICULOS  NOVOS;Não;Não;Não;Não;0,00;FLOOR PLAN - GM;HOLD BACK (GM), (CUSTO) TOP NA VENDA (NOVOS);0,00;0,00;0,00;200955     ;0,00;125775,39;PEDRAGON MANAUS;0,00;AUTOMÁTICO
PEDRAGON MANAUS;NW MONTANA;NW MONTANA RS RGE;RGE;9BGED43T0VB131384;;116837;;2026/2027;CINZA AMBAR;        3069962;123916,64;0,00;173390,00;123916,64;   222395;PEDRAGON MANAUS;1858,75;1;(690) PDB, (693) UE1, (706) RGE;  /  /     ;2;27/08/2026 00:00;;;PEDRAGON MANAUS;200955     ;ALCO/GASOL;0,00;Sim;;  /  /     ;VN - VEICULOS  NOVOS;Não;Não;Não;Não;0,00;FLOOR PLAN - GM;HOLD BACK (GM), (CUSTO) TOP NA VENDA (NOVOS);0,00;0,00;0,00;200955     ;0,00;125775,39;PEDRAGON MANAUS;0,00;AUTOMÁTICO
PEDRAGON MANAUS;NW MONTANA;NW MONTANA RS RGE;RGE;9BGED43T0VB131385;;116838;;2026/2027;CINZA AMBAR;        3069963;123916,64;0,00;173390,00;123916,64;   222396;PEDRAGON MANAUS;1858,75;1;(690) PDB, (693) UE1, (706) RGE;  /  /     ;2;27/08/2026 00:00;;;PEDRAGON MANAUS;200955     ;ALCO/GASOL;0,00;Sim;;  /  /     ;VN - VEICULOS  NOVOS;Não;Não;Não;Não;0,00;FLOOR PLAN - GM;HOLD BACK (GM), (CUSTO) TOP NA VENDA (NOVOS);0,00;0,00;0,00;200955     ;0,00;125775,39;PEDRAGON MANAUS;0,00;AUTOMÁTICO
PEDRAGON MANAUS;NW MONTANA;NW MONTANA RS RGE;RGE;9BGED43T0VB131390;;116839;;2026/2027;CINZA AMBAR;        3069964;123916,64;0,00;173390,00;123916,64;   222397;PEDRAGON MANAUS;1858,75;1;(690) PDB, (693) UE1, (706) RGE;  /  /     ;2;27/08/2026 00:00;;;PEDRAGON MANAUS;200955     ;ALCO/GASOL;0,00;Sim;;  /  /     ;VN - VEICULOS  NOVOS;Não;Não;Não;Não;0,00;FLOOR PLAN - GM;HOLD BACK (GM), (CUSTO) TOP NA VENDA (NOVOS);0,00;0,00;0,00;200955     ;0,00;125775,39;PEDRAGON MANAUS;0,00;AUTOMÁTICO
PEDRAGON MANAUS;NW MONTANA;NW MONTANA RS RGE;RGE;9BGED43T0VB131391;;116840;;2026/2027;CINZA AMBAR;        3069965;123916,64;0,00;173390,00;123916,64;   222398;PEDRAGON MANAUS;1858,75;1;(690) PDB, (693) UE1, (706) RGE;  /  /     ;2;27/08/2026 00:00;;;PEDRAGON MANAUS;200955     ;ALCO/GASOL;0,00;Sim;;  /  /     ;VN - VEICULOS  NOVOS;Não;Não;Não;Não;0,00;FLOOR PLAN - GM;HOLD BACK (GM), (CUSTO) TOP NA VENDA (NOVOS);0,00;0,00;0,00;200955     ;0,00;125775,39;PEDRAGON MANAUS;0,00;AUTOMÁTICO
PEDRAGON MANAUS;NW MONTANA;NW MONTANA RS RGE;RGE;9BGED43T0VB137009;;116844;;2026/2027;VERMELHO SCARLET;        3069966;122486,96;0,00;171390,00;122486,96;   222399;PEDRAGON MANAUS;1837,30;1;(693) UE1, (706) RGE;  /  /     ;2;27/08/2026 00:00;;;PEDRAGON MANAUS;200955     ;ALCO/GASOL;0,00;Sim;;  /  /     ;VN - VEICULOS  NOVOS;Não;Não;Não;Não;0,00;FLOOR PLAN - GM;HOLD BACK (GM), (CUSTO) TOP NA VENDA (NOVOS);0,00;0,00;0,00;200955     ;0,00;124324,26;PEDRAGON MANAUS;0,00;AUTOMÁTICO
PEDRAGON MANAUS;NW MONTANA;NW MONTANA RS RGE;RGE;9BGED43T0VB138081;;116845;;2026/2027;CINZA AMBAR;        3069967;123916,64;0,00;173390,00;123916,64;   222400;PEDRAGON MANAUS;1858,75;1;(690) PDB, (693) UE1, (706) RGE;  /  /     ;2;27/08/2026 00:00;;;PEDRAGON MANAUS;200955     ;ALCO/GASOL;0,00;Sim;;  /  /     ;VN - VEICULOS  NOVOS;Não;Não;Não;Não;0,00;FLOOR PLAN - GM;HOLD BACK (GM), (CUSTO) TOP NA VENDA (NOVOS);0,00;0,00;0,00;200955     ;0,00;125775,39;PEDRAGON MANAUS;0,00;AUTOMÁTICO
PEDRAGON MANAUS;NW MONTANA;NW MONTANA RS RGE;RGE;9BGED43T0VB115110;;110891;;2026/2027;BRANCO SUMMIT;        3047982;123201,80;0,00;172390,00;123201,80;   167762;PEDRAGON MANAUS;1848,03;1;(691) PDJ, (693) UE1, (706) RGE;  /  /     ;71;19/06/2026 00:00;Pedido;;PEDRAGON MANAUS;200955     ;ALCO/GASOL;0,00;Sim;;  /  /     ;VN - VEICULOS  NOVOS;Sim;Sim;Não;Não;0,00;FLOOR PLAN - GM;HOLD BACK (GM), (CUSTO) TOP NA VENDA (NOVOS);0,00;0,00;0,00;200955     ;0,00;125049,83;PEDRAGON MANAUS;0,00;AUTOMÁTICO
PEDRAGON MANAUS;NW MONTANA;NW MONTANA RS RGE;RGE;9BGED43T0VB116673;;110894;;2026/2027;PRETO OURO NEGRO;        3047983;123916,64;0,00;173390,00;123916,64;   167763;PEDRAGON MANAUS;1858,75;1;(690) PDB, (693) UE1, (706) RGE;  /  /     ;71;19/06/2026 00:00;;;PEDRAGON MANAUS;200955     ;ALCO/GASOL;0,00;Sim;;  /  /     ;VN - VEICULOS  NOVOS;Não;Não;Não;Não;0,00;FLOOR PLAN - GM;HOLD BACK (GM), (CUSTO) TOP NA VENDA (NOVOS);0,00;0,00;0,00;200955     ;0,00;125775,39;PEDRAGON MANAUS;0,00;AUTOMÁTICO
PEDRAGON MANAUS;NW MONTANA;NW MONTANA RS RGE;RGE;9BGED43T0VB117493;;110897;;2026/2027;PRETO OURO NEGRO;        3047984;123916,64;0,00;173390,00;123916,64;   167764;PEDRAGON MANAUS;1858,75;1;(690) PDB, (693) UE1, (706) RGE;  /  /     ;71;19/06/2026 00:00;;;PEDRAGON MANAUS;200955     ;ALCO/GASOL;0,00;Sim;;  /  /     ;VN - VEICULOS  NOVOS;Não;Não;Não;Não;0,00;FLOOR PLAN - GM;HOLD BACK (GM), (CUSTO) TOP NA VENDA (NOVOS);0,00;0,00;0,00;200955     ;0,00;125775,39;PEDRAGON MANAUS;0,00;AUTOMÁTICO
PEDRAGON MANAUS;NW MONTANA;NW MONTANA RS RGE;RGE;9BGED43T0VB119617;;110899;;2026/2027;BRANCO SUMMIT;        3047985;123201,80;0,00;172390,00;123201,80;   167765;PEDRAGON MANAUS;1848,03;1;(691) PDJ, (693) UE1, (706) RGE;  /  /     ;71;19/06/2026 00:00;;;PEDRAGON MANAUS;200955     ;ALCO/GASOL;0,00;Sim;;  /  /     ;VN - VEICULOS  NOVOS;Não;Não;Não;Não;0,00;FLOOR PLAN - GM;HOLD BACK (GM), (CUSTO) TOP NA VENDA (NOVOS);0,00;0,00;0,00;200955     ;0,00;125049,83;PEDRAGON MANAUS;0,00;AUTOMÁTICO
PEDRAGON MANAUS;NW MONTANA;NW MONTANA RS RGE;RGE;9BGED43T0VB117521;;110898;;2026/2027;PRETO OURO NEGRO;        3047775;123916,64;0,00;173390,00;123916,64;   167738;PEDRAGON MANAUS;1858,75;1;(690) PDB, (693) UE1, (706) RGE;  /  /     ;71;19/06/2026 00:00;;;PEDRAGON MANAUS;200955     ;ALCO/GASOL;0,00;Sim;;  /  /     ;VN - VEICULOS  NOVOS;Não;Não;Não;Não;0,00;CAPLAN GM;HOLD BACK (GM), (CUSTO) TOP NA VENDA (NOVOS);0,00;0,00;0,00;200955     ;0,00;125775,39;PEDRAGON MANAUS;0,00;AUTOMÁTICO
PEDRAGON MANAUS;NW MONTANA;NW MONTANA RS RGE;RGE;9BGED43T0VB116659;;110787;;2026/2027;PRETO OURO NEGRO;        3047433;123916,64;0,00;173390,00;123916,64;   166856;PEDRAGON MANAUS;1858,75;1;(690) PDB, (693) UE1, (706) RGE;  /  /     ;72;18/06/2026 00:00;;;PEDRAGON MANAUS;200955     ;ALCO/GASOL;0,00;Sim;;  /  /     ;VN - VEICULOS  NOVOS;Não;Não;Não;Não;0,00;FLOOR PLAN - GM;HOLD BACK (GM), (CUSTO) TOP NA VENDA (NOVOS);0,00;0,00;0,00;200955     ;0,00;125775,39;PEDRAGON MANAUS;0,00;AUTOMÁTICO
PEDRAGON MANAUS;NW MONTANA;NW MONTANA RS RGE;RGE;9BGED43T0VB116401;;110892;;2026/2027;CINZA AMBAR;        3047767;123916,64;0,00;173390,00;123916,64;   167730;PEDRAGON MANAUS;1858,75;1;(690) PDB, (693) UE1, (706) RGE;  /  /     ;71;19/06/2026 00:00;Pedido;;PEDRAGON MANAUS;200955     ;ALCO/GASOL;0,00;Sim;;  /  /     ;VN - VEICULOS  NOVOS;Sim;Sim;Não;Não;0,00;CAPLAN GM;HOLD BACK (GM), (CUSTO) TOP NA VENDA (NOVOS);0,00;0,00;0,00;200955     ;0,00;125775,39;PEDRAGON MANAUS;0,00;AUTOMÁTICO
PEDRAGON MANAUS;NW MONTANA;NW MONTANA RS RGE;RGE;9BGED43T0VB116410;;110893;;2026/2027;CINZA AMBAR;        3047768;123916,64;0,00;173390,00;123916,64;   167731;PEDRAGON MANAUS;1858,75;1;(690) PDB, (693) UE1, (706) RGE;  /  /     ;71;19/06/2026 00:00;Pedido;;PEDRAGON MANAUS;200955     ;ALCO/GASOL;0,00;Sim;;  /  /     ;VN - VEICULOS  NOVOS;Sim;Sim;Não;Não;0,00;CAPLAN GM;HOLD BACK (GM), (CUSTO) TOP NA VENDA (NOVOS);0,00;0,00;0,00;200955     ;0,00;125775,39;PEDRAGON MANAUS;0,00;AUTOMÁTICO
PEDRAGON MANAUS;NW MONTANA;NW MONTANA RS RGE;RGE;9BGED43T0VB104201;;107819;;2026/2027;PRETO OURO NEGRO;        3034692;123916,64;0,00;173390,00;123916,64;   137255;PEDRAGON MANAUS;1858,75;1;(690) PDB, (693) UE1, (706) RGE;05/08/2026;109;12/05/2026 00:00;Proposta;AIRTONM;AURICELIO;izabelly;ALCO/GASOL;0,00;;;  /  /     ;VN - VEICULOS  NOVOS;Sim;Não;Não;Não;0,00;CAPLAN GM;HOLD BACK (GM), (CUSTO) TOP NA VENDA (NOVOS);0,00;0,00;0,00;200955     ;0,00;125775,39;PEDRAGON MANAUS;0,00;AUTOMÁTICO
PEDRAGON MANAUS;NW MONTANA;NW MONTANA RS RGE;RGE;9BGED43T0VB117499;;110432;;2026/2027;PRETO OURO NEGRO;        3045520;123916,64;0,00;173390,00;123916,64;   164106;PEDRAGON MANAUS;1858,75;1;(690) PDB, (693) UE1, (706) RGE;  /  /     ;75;15/06/2026 00:00;Pedido;THAYANE;PEDRAGON MANAUS;200955     ;ALCO/GASOL;0,00;Sim;;  /  /     ;VN - VEICULOS  NOVOS;Sim;Sim;Não;Não;0,00;FLOOR PLAN - GM;HOLD BACK (GM), (CUSTO) TOP NA VENDA (NOVOS);0,00;0,00;0,00;200955     ;0,00;125775,39;PEDRAGON MANAUS;0,00;AUTOMÁTICO
PEDRAGON MANAUS;NW MONTANA;NW MONTANA RS RGE;RGE;9BGED43T0VB117514;;110435;;2026/2027;PRETO OURO NEGRO;        3045523;123916,64;0,00;173390,00;123916,64;   164109;PEDRAGON MANAUS;1858,75;1;(690) PDB, (693) UE1, (706) RGE;  /  /     ;75;15/06/2026 00:00;Pedido;;PEDRAGON MANAUS;200955     ;ALCO/GASOL;0,00;Sim;;  /  /     ;VN - VEICULOS  NOVOS;Sim;Sim;Não;Não;0,00;FLOOR PLAN - GM;HOLD BACK (GM), (CUSTO) TOP NA VENDA (NOVOS);0,00;0,00;0,00;200955     ;0,00;125775,39;PEDRAGON MANAUS;0,00;AUTOMÁTICO
PEDRAGON MANAUS;NW MONTANA;NW MONTANA RS RGE;RGE;9BGED43T0VB117683;;110440;;2026/2027;CINZA AMBAR;        3045533;123916,64;0,00;173390,00;123916,64;   164118;PEDRAGON MANAUS;1858,75;1;(690) PDB, (693) UE1, (706) RGE;  /  /     ;75;15/06/2026 00:00;Pedido;;PEDRAGON MANAUS;200955     ;ALCO/GASOL;0,00;Sim;;  /  /     ;VN - VEICULOS  NOVOS;Sim;Sim;Não;Não;0,00;FLOOR PLAN - GM;HOLD BACK (GM), (CUSTO) TOP NA VENDA (NOVOS);0,00;0,00;0,00;200955     ;0,00;125775,39;PEDRAGON MANAUS;0,00;AUTOMÁTICO
PEDRAGON MANAUS;NW MONTANA;NW MONTANA RS RGE;RGE;9BGED43T0VB104254;;111636;;2026/2027;PRETO OURO NEGRO;        3050858;123916,64;0,00;173390,00;123916,64;   172908;PEDRAGON MANAUS;1858,75;1;(690) PDB, (693) UE1, (706) RGE;  /  /     ;64;26/06/2026 00:00;;;PEDRAGON MANAUS;200955     ;ALCO/GASOL;0,00;Sim;;  /  /     ;VN - VEICULOS  NOVOS;Não;Não;Não;Não;0,00;FLOOR PLAN - GM;HOLD BACK (GM), (CUSTO) TOP NA VENDA (NOVOS);0,00;0,00;0,00;200955     ;0,00;125775,39;PEDRAGON MANAUS;0,00;AUTOMÁTICO
PEDRAGON MANAUS;NW MONTANA;NW MONTANA RS RGE;RGE;9BGED43T0VB117442;;111497;;2026/2027;PRETO OURO NEGRO;        3050222;123916,64;0,00;173390,00;123916,64;   171506;PEDRAGON MANAUS;1858,75;1;(690) PDB, (693) UE1, (706) RGE;  /  /     ;65;25/06/2026 00:00;;;PEDRAGON MANAUS;200955     ;ALCO/GASOL;0,00;Sim;;  /  /     ;VN - VEICULOS  NOVOS;Não;Não;Não;Não;0,00;FLOOR PLAN - GM;HOLD BACK (GM), (CUSTO) TOP NA VENDA (NOVOS);0,00;0,00;0,00;200955     ;0,00;125775,39;PEDRAGON MANAUS;0,00;AUTOMÁTICO
PEDRAGON MANAUS;NW MONTANA;NW MONTANA RS RGE;RGE;9BGED43T0VB117573;;111498;;2026/2027;CINZA AMBAR;        3050224;123916,64;0,00;173390,00;123916,64;   171507;PEDRAGON MANAUS;1858,75;1;(690) PDB, (693) UE1, (706) RGE;  /  /     ;65;25/06/2026 00:00;Pedido;LARISSA ;PEDRAGON MANAUS;200955     ;ALCO/GASOL;0,00;Sim;;  /  /     ;VN - VEICULOS  NOVOS;Sim;Sim;Não;Não;0,00;FLOOR PLAN - GM;HOLD BACK (GM), (CUSTO) TOP NA VENDA (NOVOS);0,00;0,00;0,00;200955     ;0,00;125775,39;PEDRAGON MANAUS;0,00;AUTOMÁTICO
PEDRAGON MANAUS;NW MONTANA;NW MONTANA RS RGE;RGE;9BGED43T0VB103226;;111357;;2026/2027;BRANCO SUMMIT;        3049456;123201,80;0,00;172390,00;123201,80;   170525;PEDRAGON MANAUS;1848,03;1;(691) PDJ, (693) UE1, (706) RGE;  /  /     ;66;24/06/2026 00:00;;;PEDRAGON MANAUS;200955     ;ALCO/GASOL;0,00;Sim;;  /  /     ;VN - VEICULOS  NOVOS;Não;Não;Não;Não;0,00;CAPLAN GM;HOLD BACK (GM), (CUSTO) TOP NA VENDA (NOVOS);0,00;0,00;0,00;200955     ;0,00;125049,83;PEDRAGON MANAUS;0,00;AUTOMÁTICO
PEDRAGON MANAUS;NW MONTANA;NW MONTANA RS RGE;RGE;9BGED43T0VB116666;;110788;;2026/2027;PRETO OURO NEGRO;        3047434;123916,64;0,00;173390,00;123916,64;   166857;PEDRAGON MANAUS;1858,75;1;(690) PDB, (693) UE1, (706) RGE;27/07/2026;72;18/06/2026 00:00;;;PEDRAGON MANAUS FLORES;200955     ;ALCO/GASOL;0,00;;;  /  /     ;VD - VEICULO NOVO EM DEMONSTRACAO;Não;Não;Não;Não;0,00;FLOOR PLAN - GM;HOLD BACK (GM), (CUSTO) TOP NA VENDA (NOVOS);0,00;0,00;0,00;200955     ;0,00;125775,39;PEDRAGON MANAUS FLORES;0,00;AUTOMÁTICO
PEDRAGON MANAUS;NW MONTANA;NW MONTANA RS RGE;RGE;9BGED43T0VB122008;;116811;;2026/2027;VERMELHO SCARLET;        3069930;122486,96;0,00;171390,00;122486,96;   222363;PEDRAGON MANAUS;1837,30;1;(693) UE1, (706) RGE;  /  /     ;2;27/08/2026 00:00;;;PEDRAGON MANAUS;200955     ;ALCO/GASOL;0,00;Sim;;  /  /     ;VN - VEICULOS  NOVOS;Não;Não;Não;Não;0,00;FLOOR PLAN - GM;HOLD BACK (GM), (CUSTO) TOP NA VENDA (NOVOS);0,00;0,00;0,00;200955     ;0,00;124324,26;PEDRAGON MANAUS;0,00;AUTOMÁTICO
PEDRAGON MANAUS;NW MONTANA;NW MONTANA RS RGE;RGE;9BGED43T0VB122014;;116812;;2026/2027;VERMELHO SCARLET;        3069931;122486,96;0,00;171390,00;122486,96;   222364;PEDRAGON MANAUS;1837,30;1;(693) UE1, (706) RGE;  /  /     ;2;27/08/2026 00:00;;;PEDRAGON MANAUS;200955     ;ALCO/GASOL;0,00;Sim;;  /  /     ;VN - VEICULOS  NOVOS;Não;Não;Não;Não;0,00;FLOOR PLAN - GM;HOLD BACK (GM), (CUSTO) TOP NA VENDA (NOVOS);0,00;0,00;0,00;200955     ;0,00;124324,26;PEDRAGON MANAUS;0,00;AUTOMÁTICO
PEDRAGON MANAUS;NW MONTANA;NW MONTANA RS RGE;RGE;9BGED43T0VB122496;;116813;;2026/2027;CINZA AMBAR;        3069932;123916,64;0,00;173390,00;123916,64;   222365;PEDRAGON MANAUS;1858,75;1;(690) PDB, (693) UE1, (706) RGE;  /  /     ;2;27/08/2026 00:00;;;PEDRAGON MANAUS;200955     ;ALCO/GASOL;0,00;Sim;;  /  /     ;VN - VEICULOS  NOVOS;Não;Não;Não;Não;0,00;FLOOR PLAN - GM;HOLD BACK (GM), (CUSTO) TOP NA VENDA (NOVOS);0,00;0,00;0,00;200955     ;0,00;125775,39;PEDRAGON MANAUS;0,00;AUTOMÁTICO
PEDRAGON MANAUS;NW MONTANA;NW MONTANA RS RGE;RGE;9BGED43T0VB123517;;116814;;2026/2027;CINZA AMBAR;        3069933;123916,64;0,00;173390,00;123916,64;   222366;PEDRAGON MANAUS;1858,75;1;(690) PDB, (693) UE1, (706) RGE;  /  /     ;2;27/08/2026 00:00;;;PEDRAGON MANAUS;200955     ;ALCO/GASOL;0,00;Sim;;  /  /     ;VN - VEICULOS  NOVOS;Não;Não;Não;Não;0,00;FLOOR PLAN - GM;HOLD BACK (GM), (CUSTO) TOP NA VENDA (NOVOS);0,00;0,00;0,00;200955     ;0,00;125775,39;PEDRAGON MANAUS;0,00;AUTOMÁTICO
PEDRAGON MANAUS;NW MONTANA;NW MONTANA RS RGE;RGE;9BGED43T0VB123523;;116815;;2026/2027;CINZA AMBAR;        3069934;123916,64;0,00;173390,00;123916,64;   222367;PEDRAGON MANAUS;1858,75;1;(690) PDB, (693) UE1, (706) RGE;  /  /     ;2;27/08/2026 00:00;;;PEDRAGON MANAUS;200955     ;ALCO/GASOL;0,00;Sim;;  /  /     ;VN - VEICULOS  NOVOS;Não;Não;Não;Não;0,00;FLOOR PLAN - GM;HOLD BACK (GM), (CUSTO) TOP NA VENDA (NOVOS);0,00;0,00;0,00;200955     ;0,00;125775,39;PEDRAGON MANAUS;0,00;AUTOMÁTICO
PEDRAGON MANAUS;NW MONTANA;NW MONTANA RS RGE;RGE;9BGED43T0VB123530;;116816;;2026/2027;CINZA AMBAR;        3069935;123916,64;0,00;173390,00;123916,64;   222368;PEDRAGON MANAUS;1858,75;1;(690) PDB, (693) UE1, (706) RGE;  /  /     ;2;27/08/2026 00:00;;;PEDRAGON MANAUS;200955     ;ALCO/GASOL;0,00;Sim;;  /  /     ;VN - VEICULOS  NOVOS;Não;Não;Não;Não;0,00;FLOOR PLAN - GM;HOLD BACK (GM), (CUSTO) TOP NA VENDA (NOVOS);0,00;0,00;0,00;200955     ;0,00;125775,39;PEDRAGON MANAUS;0,00;AUTOMÁTICO
PEDRAGON MANAUS;NW MONTANA;NW MONTANA RS RGE;RGE;9BGED43T0VB137030;;115809;;2026/2027;VERMELHO SCARLET;        3067326;122486,96;0,00;171390,00;122486,96;   217758;PEDRAGON MANAUS;0,00;1;(693) UE1, (706) RGE;  /  /     ;8;21/08/2026 00:00;Bloqueado;;PEDRAGON MANAUS;200955     ;ALCO/GASOL;0,00;Sim;;  /  /     ;VN - VEICULOS  NOVOS;Não;Não;Sim;Não;0,00;FLOOR PLAN - GM;(CUSTO) TOP NA VENDA (NOVOS);0,00;0,00;0,00;200955     ;0,00;122486,96;PEDRAGON MANAUS;0,00;AUTOMÁTICO
PEDRAGON MANAUS;NW MONTANA;NW MONTANA RS RGE;RGE;9BGED43T0VB137038;;115810;;2026/2027;VERMELHO SCARLET;        3067327;122486,96;0,00;171390,00;122486,96;   217759;PEDRAGON MANAUS;0,00;1;(693) UE1, (706) RGE;  /  /     ;8;21/08/2026 00:00;Bloqueado;;PEDRAGON MANAUS;200955     ;ALCO/GASOL;0,00;Sim;;  /  /     ;VN - VEICULOS  NOVOS;Não;Não;Sim;Não;0,00;FLOOR PLAN - GM;(CUSTO) TOP NA VENDA (NOVOS);0,00;0,00;0,00;200955     ;0,00;122486,96;PEDRAGON MANAUS;0,00;AUTOMÁTICO
PEDRAGON MANAUS;NW MONTANA;NW MONTANA RS RGE;RGE;9BGED43T0VB138090;;116254;;2026/2027;CINZA AMBAR;        3067328;123916,64;0,00;173390,00;123916,64;   217760;PEDRAGON MANAUS;1858,75;1;(690) PDB, (693) UE1, (706) RGE;  /  /     ;8;21/08/2026 00:00;;;PEDRAGON MANAUS;200955     ;ALCO/GASOL;0,00;Sim;;  /  /     ;VN - VEICULOS  NOVOS;Não;Não;Não;Não;0,00;FLOOR PLAN - GM;HOLD BACK (GM), (CUSTO) TOP NA VENDA (NOVOS);0,00;0,00;0,00;200955     ;0,00;125775,39;PEDRAGON MANAUS;0,00;AUTOMÁTICO
PEDRAGON MANAUS;NW MONTANA;NW MONTANA RS RGE;RGE;9BGED43T0VB138109;;116255;;2026/2027;CINZA AMBAR;        3067329;123916,64;0,00;173390,00;123916,64;   217761;PEDRAGON MANAUS;1858,75;1;(690) PDB, (693) UE1, (706) RGE;  /  /     ;8;21/08/2026 00:00;;;PEDRAGON MANAUS;200955     ;ALCO/GASOL;0,00;Sim;;  /  /     ;VN - VEICULOS  NOVOS;Não;Não;Não;Não;0,00;FLOOR PLAN - GM;HOLD BACK (GM), (CUSTO) TOP NA VENDA (NOVOS);0,00;0,00;0,00;200955     ;0,00;125775,39;PEDRAGON MANAUS;0,00;AUTOMÁTICO
PEDRAGON MANAUS;NW MONTANA;NW MONTANA RS RGE;RGE;9BGED43T0VB138110;;116256;;2026/2027;CINZA AMBAR;        3067330;123916,64;0,00;173390,00;123916,64;   217762;PEDRAGON MANAUS;1858,75;1;(690) PDB, (693) UE1, (706) RGE;  /  /     ;8;21/08/2026 00:00;;;PEDRAGON MANAUS;200955     ;ALCO/GASOL;0,00;Sim;;  /  /     ;VN - VEICULOS  NOVOS;Não;Não;Não;Não;0,00;FLOOR PLAN - GM;HOLD BACK (GM), (CUSTO) TOP NA VENDA (NOVOS);0,00;0,00;0,00;200955     ;0,00;125775,39;PEDRAGON MANAUS;0,00;AUTOMÁTICO
PEDRAGON MANAUS;NW MONTANA;NW MONTANA RS RGE;RGE;9BGED43T0VB139094;;116257;;2026/2027;BRANCO SUMMIT;        3067331;123201,80;0,00;172390,00;123201,80;   217763;PEDRAGON MANAUS;1848,03;1;(691) PDJ, (693) UE1, (706) RGE;  /  /     ;8;21/08/2026 00:00;;;PEDRAGON MANAUS;200955     ;ALCO/GASOL;0,00;Sim;;  /  /     ;VN - VEICULOS  NOVOS;Não;Não;Não;Não;0,00;FLOOR PLAN - GM;HOLD BACK (GM), (CUSTO) TOP NA VENDA (NOVOS);0,00;0,00;0,00;200955     ;0,00;125049,83;PEDRAGON MANAUS;0,00;AUTOMÁTICO
PEDRAGON MANAUS;NW MONTANA;NW MONTANA RS RGE;RGE;9BGED43T0VB139114;;116161;;2026/2027;BRANCO SUMMIT;        3067000;123201,80;0,00;172390,00;123201,80;   216683;PEDRAGON MANAUS;1848,03;1;(691) PDJ, (693) UE1, (706) RGE;  /  /     ;9;20/08/2026 00:00;;;PEDRAGON MANAUS;200955     ;ALCO/GASOL;0,00;Sim;;  /  /     ;VN - VEICULOS  NOVOS;Não;Não;Não;Não;0,00;CAPLAN GM;HOLD BACK (GM), (CUSTO) TOP NA VENDA (NOVOS);0,00;0,00;0,00;200955     ;0,00;125049,83;PEDRAGON MANAUS;0,00;AUTOMÁTICO
PEDRAGON MANAUS;NW MONTANA;NW MONTANA RS RGE;RGE;9BGED43T0VB139104;;116160;;2026/2027;BRANCO SUMMIT;        3067052;123201,80;0,00;172390,00;123201,80;   216685;PEDRAGON MANAUS;1848,03;1;(691) PDJ, (693) UE1, (706) RGE;  /  /     ;9;20/08/2026 00:00;;;PEDRAGON MANAUS;200955     ;ALCO/GASOL;0,00;Sim;;  /  /     ;VN - VEICULOS  NOVOS;Não;Não;Não;Não;0,00;CAPLAN GM;HOLD BACK (GM), (CUSTO) TOP NA VENDA (NOVOS);0,00;0,00;0,00;200955     ;0,00;125049,83;PEDRAGON MANAUS;0,00;AUTOMÁTICO
PEDRAGON MANAUS;NW MONTANA;NW MONTANA RS RGE;RGE;9BGED43T0VB139122;;116162;;2026/2027;BRANCO SUMMIT;        3067078;123201,80;0,00;172390,00;123201,80;   216686;PEDRAGON MANAUS;1848,03;1;(691) PDJ, (693) UE1, (706) RGE;  /  /     ;9;20/08/2026 00:00;;;PEDRAGON MANAUS;200955     ;ALCO/GASOL;0,00;Sim;;  /  /     ;VN - VEICULOS  NOVOS;Não;Não;Não;Não;0,00;CAPLAN GM;HOLD BACK (GM), (CUSTO) TOP NA VENDA (NOVOS);0,00;0,00;0,00;200955     ;0,00;125049,83;PEDRAGON MANAUS;0,00;AUTOMÁTICO
PEDRAGON MANAUS;NW MONTANA;NW MONTANA RS RGE;RGE;9BGED43T0VB137408;;115811;;2026/2027;PRETO OURO NEGRO;        3067923;123916,64;0,00;173390,00;123916,64;   219255;PEDRAGON MANAUS;0,00;1;(690) PDB, (693) UE1, (706) RGE;  /  /     ;5;24/08/2026 00:00;Bloqueado;;PEDRAGON MANAUS;200955     ;ALCO/GASOL;0,00;Sim;;  /  /     ;VN - VEICULOS  NOVOS;Não;Não;Sim;Não;0,00;FLOOR PLAN - GM;(CUSTO) TOP NA VENDA (NOVOS);0,00;0,00;0,00;200955     ;0,00;123916,64;PEDRAGON MANAUS;0,00;AUTOMÁTICO
PEDRAGON MANAUS;NW MONTANA;NW MONTANA RS RGE;RGE;9BGED43T0VB138118;;116439;;2026/2027;CINZA AMBAR;        3067924;123916,64;0,00;173390,00;123916,64;   219256;PEDRAGON MANAUS;1858,75;1;(690) PDB, (693) UE1, (706) RGE;  /  /     ;5;24/08/2026 00:00;;;PEDRAGON MANAUS;200955     ;ALCO/GASOL;0,00;Sim;;  /  /     ;VN - VEICULOS  NOVOS;Não;Não;Não;Não;0,00;FLOOR PLAN - GM;HOLD BACK (GM), (CUSTO) TOP NA VENDA (NOVOS);0,00;0,00;0,00;200955     ;0,00;125775,39;PEDRAGON MANAUS;0,00;AUTOMÁTICO
PEDRAGON MANAUS;NW MONTANA;NW MONTANA RS RGE;RGE;9BGED43T0VB139103;;116440;;2026/2027;BRANCO SUMMIT;        3067930;123201,80;0,00;172390,00;123201,80;   219257;PEDRAGON MANAUS;1848,03;1;(691) PDJ, (693) UE1, (706) RGE;  /  /     ;5;24/08/2026 00:00;;;PEDRAGON MANAUS;200955     ;ALCO/GASOL;0,00;Sim;;  /  /     ;VN - VEICULOS  NOVOS;Não;Não;Não;Não;0,00;FLOOR PLAN - GM;HOLD BACK (GM), (CUSTO) TOP NA VENDA (NOVOS);0,00;0,00;0,00;200955     ;0,00;125049,83;PEDRAGON MANAUS;0,00;AUTOMÁTICO
PEDRAGON MANAUS;NW MONTANA;NW MONTANA RS RGE;RGE;9BGED43T0VB104345;;115808;;2026/2027;PRETO OURO NEGRO;        3067315;123916,64;0,00;173390,00;123916,64;   217747;PEDRAGON MANAUS;0,00;1;(690) PDB, (693) UE1, (706) RGE;  /  /     ;8;21/08/2026 00:00;Bloqueado;;PEDRAGON MANAUS;200955     ;ALCO/GASOL;0,00;Sim;;  /  /     ;VN - VEICULOS  NOVOS;Não;Não;Sim;Não;0,00;FLOOR PLAN - GM;(CUSTO) TOP NA VENDA (NOVOS);0,00;0,00;0,00;200955     ;0,00;123916,64;PEDRAGON MANAUS;0,00;AUTOMÁTICO
PEDRAGON MANAUS;NW MONTANA;NW MONTANA RS RGE;RGE;9BGED43T0VB104337;;115807;;2026/2027;PRETO OURO NEGRO;        3065288;123916,64;0,00;173390,00;123916,64;   213504;PEDRAGON MANAUS;1858,75;1;(690) PDB, (693) UE1, (706) RGE;  /  /     ;12;17/08/2026 00:00;;;PEDRAGON MANAUS;200955     ;ALCO/GASOL;0,00;Sim;;  /  /     ;VN - VEICULOS  NOVOS;Não;Não;Não;Não;0,00;CAPLAN GM;HOLD BACK (GM), (CUSTO) TOP NA VENDA (NOVOS);0,00;0,00;0,00;200955     ;0,00;125775,39;PEDRAGON MANAUS;0,00;AUTOMÁTICO
PEDRAGON MANAUS;NW MONTANA;NW MONTANA RS RGE;RGE;9BGED43T0VB137418;;116052;;2026/2027;PRETO OURO NEGRO;        3066296;123916,64;0,00;173390,00;123916,64;   215551;PEDRAGON MANAUS;1858,75;1;(690) PDB, (693) UE1, (706) RGE;  /  /     ;10;19/08/2026 00:00;;;PEDRAGON MANAUS;200955     ;ALCO/GASOL;0,00;Sim;;  /  /     ;VN - VEICULOS  NOVOS;Não;Não;Não;Não;0,00;CAPLAN GM;HOLD BACK (GM), (CUSTO) TOP NA VENDA (NOVOS);0,00;0,00;0,00;200955     ;0,00;125775,39;PEDRAGON MANAUS;0,00;AUTOMÁTICO
PEDRAGON MANAUS;NW MONTANA;NW MONTANA PREM RFE;RFE;9BGEY43T0VB127126;;116243;;2026/2027;CINZA AMBAR;        3067457;118771,08;0,00;166190,00;118771,08;   217764;PEDRAGON MANAUS;1781,57;1;(690) PDB, (693) UE1, (705) RFE;  /  /     ;8;21/08/2026 00:00;;;PEDRAGON MANAUS;200859     ;ALCO/GASOL;0,00;Sim;;  /  /     ;VN - VEICULOS  NOVOS;Não;Não;Não;Não;0,00;FLOOR PLAN - GM;HOLD BACK (GM), (CUSTO) TOP NA VENDA (NOVOS);0,00;0,00;0,00;200859     ;0,00;120552,65;PEDRAGON MANAUS;0,00;AUTOMÁTICO
PEDRAGON MANAUS;NW MONTANA;NW MONTANA PREM RFE;RFE;9BGEY43T0VB127186;;116245;;2026/2027;CINZA AMBAR;        3067458;118771,08;0,00;166190,00;118771,08;   217765;PEDRAGON MANAUS;1781,57;1;(690) PDB, (693) UE1, (705) RFE;  /  /     ;8;21/08/2026 00:00;;;PEDRAGON MANAUS;200859     ;ALCO/GASOL;0,00;Sim;;  /  /     ;VN - VEICULOS  NOVOS;Não;Não;Não;Não;0,00;FLOOR PLAN - GM;HOLD BACK (GM), (CUSTO) TOP NA VENDA (NOVOS);0,00;0,00;0,00;200859     ;0,00;120552,65;PEDRAGON MANAUS;0,00;AUTOMÁTICO
PEDRAGON MANAUS;NW MONTANA;NW MONTANA PREM RFE;RFE;9BGEY43T0VB128933;;116252;;2026/2027;CINZA AMBAR;        3067459;118771,08;0,00;166190,00;118771,08;   217766;PEDRAGON MANAUS;1781,57;1;(690) PDB, (693) UE1, (705) RFE;  /  /     ;8;21/08/2026 00:00;;;PEDRAGON MANAUS;200859     ;ALCO/GASOL;0,00;Sim;;  /  /     ;VN - VEICULOS  NOVOS;Não;Não;Não;Não;0,00;FLOOR PLAN - GM;HOLD BACK (GM), (CUSTO) TOP NA VENDA (NOVOS);0,00;0,00;0,00;200859     ;0,00;120552,65;PEDRAGON MANAUS;0,00;AUTOMÁTICO
PEDRAGON MANAUS;NW MONTANA;NW MONTANA PREM RFE;RFE;9BGEY43T0VB127119;;116434;;2026/2027;CINZA AMBAR;        3067918;118771,08;0,00;166190,00;118771,08;   219250;PEDRAGON MANAUS;1781,57;1;(690) PDB, (693) UE1, (705) RFE;  /  /     ;5;24/08/2026 00:00;;;PEDRAGON MANAUS;200859     ;ALCO/GASOL;0,00;Sim;;  /  /     ;VN - VEICULOS  NOVOS;Não;Não;Não;Não;0,00;FLOOR PLAN - GM;HOLD BACK (GM), (CUSTO) TOP NA VENDA (NOVOS);0,00;0,00;0,00;200859     ;0,00;120552,65;PEDRAGON MANAUS;0,00;AUTOMÁTICO
PEDRAGON MANAUS;NW MONTANA;NW MONTANA PREM RFE;RFE;9BGEY43T0VB128839;;116435;;2026/2027;CINZA AMBAR;        3067919;118771,08;0,00;166190,00;118771,08;   219251;PEDRAGON MANAUS;1781,57;1;(690) PDB, (693) UE1, (705) RFE;  /  /     ;5;24/08/2026 00:00;;;PEDRAGON MANAUS;200859     ;ALCO/GASOL;0,00;Sim;;  /  /     ;VN - VEICULOS  NOVOS;Não;Não;Não;Não;0,00;FLOOR PLAN - GM;HOLD BACK (GM), (CUSTO) TOP NA VENDA (NOVOS);0,00;0,00;0,00;200859     ;0,00;120552,65;PEDRAGON MANAUS;0,00;AUTOMÁTICO
PEDRAGON MANAUS;NW MONTANA;NW MONTANA PREM RFE;RFE;9BGEY43T0VB128886;;116436;;2026/2027;CINZA AMBAR;        3067920;118771,08;0,00;166190,00;118771,08;   219252;PEDRAGON MANAUS;1781,57;1;(690) PDB, (693) UE1, (705) RFE;  /  /     ;5;24/08/2026 00:00;;;PEDRAGON MANAUS;200859     ;ALCO/GASOL;0,00;Sim;;  /  /     ;VN - VEICULOS  NOVOS;Não;Não;Não;Não;0,00;FLOOR PLAN - GM;HOLD BACK (GM), (CUSTO) TOP NA VENDA (NOVOS);0,00;0,00;0,00;200859     ;0,00;120552,65;PEDRAGON MANAUS;0,00;AUTOMÁTICO
PEDRAGON MANAUS;NW MONTANA;NW MONTANA PREM RFE;RFE;9BGEY43T0VB128926;;116437;;2026/2027;CINZA AMBAR;        3067921;118771,08;0,00;166190,00;118771,08;   219253;PEDRAGON MANAUS;1781,57;1;(690) PDB, (693) UE1, (705) RFE;  /  /     ;5;24/08/2026 00:00;;;PEDRAGON MANAUS;200859     ;ALCO/GASOL;0,00;Sim;;  /  /     ;VN - VEICULOS  NOVOS;Não;Não;Não;Não;0,00;FLOOR PLAN - GM;HOLD BACK (GM), (CUSTO) TOP NA VENDA (NOVOS);0,00;0,00;0,00;200859     ;0,00;120552,65;PEDRAGON MANAUS;0,00;AUTOMÁTICO
PEDRAGON MANAUS;NW MONTANA;NW MONTANA PREM RFE;RFE;9BGEY43T0VB128945;;116438;;2026/2027;CINZA AMBAR;        3067922;118771,08;0,00;166190,00;118771,08;   219254;PEDRAGON MANAUS;1781,57;1;(690) PDB, (693) UE1, (705) RFE;  /  /     ;5;24/08/2026 00:00;;;PEDRAGON MANAUS;200859     ;ALCO/GASOL;0,00;Sim;;  /  /     ;VN - VEICULOS  NOVOS;Não;Não;Não;Não;0,00;FLOOR PLAN - GM;HOLD BACK (GM), (CUSTO) TOP NA VENDA (NOVOS);0,00;0,00;0,00;200859     ;0,00;120552,65;PEDRAGON MANAUS;0,00;AUTOMÁTICO
PEDRAGON MANAUS;NW MONTANA;NW MONTANA PREM RFE;RFE;9BGEY43T0VB127105;;116241;;2026/2027;CINZA AMBAR;        3067316;118771,08;0,00;166190,00;118771,08;   217748;PEDRAGON MANAUS;1781,57;1;(690) PDB, (693) UE1, (705) RFE;  /  /     ;8;21/08/2026 00:00;;;PEDRAGON MANAUS;200859     ;ALCO/GASOL;0,00;Sim;;  /  /     ;VN - VEICULOS  NOVOS;Não;Não;Não;Não;0,00;FLOOR PLAN - GM;HOLD BACK (GM), (CUSTO) TOP NA VENDA (NOVOS);0,00;0,00;0,00;200859     ;0,00;120552,65;PEDRAGON MANAUS;0,00;AUTOMÁTICO
PEDRAGON MANAUS;NW MONTANA;NW MONTANA PREM RFE;RFE;9BGEY43T0VB127125;;116242;;2026/2027;CINZA AMBAR;        3067317;118771,08;0,00;166190,00;118771,08;   217749;PEDRAGON MANAUS;1781,57;1;(690) PDB, (693) UE1, (705) RFE;  /  /     ;8;21/08/2026 00:00;;;PEDRAGON MANAUS;200859     ;ALCO/GASOL;0,00;Sim;;  /  /     ;VN - VEICULOS  NOVOS;Não;Não;Não;Não;0,00;FLOOR PLAN - GM;HOLD BACK (GM), (CUSTO) TOP NA VENDA (NOVOS);0,00;0,00;0,00;200859     ;0,00;120552,65;PEDRAGON MANAUS;0,00;AUTOMÁTICO
PEDRAGON MANAUS;NW MONTANA;NW MONTANA PREM RFE;RFE;9BGEY43T0VB127166;;116244;;2026/2027;CINZA AMBAR;        3067318;118771,08;0,00;166190,00;118771,08;   217750;PEDRAGON MANAUS;1781,57;1;(690) PDB, (693) UE1, (705) RFE;  /  /     ;8;21/08/2026 00:00;;;PEDRAGON MANAUS;200859     ;ALCO/GASOL;0,00;Sim;;  /  /     ;VN - VEICULOS  NOVOS;Não;Não;Não;Não;0,00;FLOOR PLAN - GM;HOLD BACK (GM), (CUSTO) TOP NA VENDA (NOVOS);0,00;0,00;0,00;200859     ;0,00;120552,65;PEDRAGON MANAUS;0,00;AUTOMÁTICO
PEDRAGON MANAUS;NW MONTANA;NW MONTANA PREM RFE;RFE;9BGEY43T0VB127211;;116246;;2026/2027;CINZA AMBAR;        3067319;118771,08;0,00;166190,00;118771,08;   217751;PEDRAGON MANAUS;1781,57;1;(690) PDB, (693) UE1, (705) RFE;  /  /     ;8;21/08/2026 00:00;;;PEDRAGON MANAUS;200859     ;ALCO/GASOL;0,00;Sim;;  /  /     ;VN - VEICULOS  NOVOS;Não;Não;Não;Não;0,00;FLOOR PLAN - GM;HOLD BACK (GM), (CUSTO) TOP NA VENDA (NOVOS);0,00;0,00;0,00;200859     ;0,00;120552,65;PEDRAGON MANAUS;0,00;AUTOMÁTICO
PEDRAGON MANAUS;NW MONTANA;NW MONTANA PREM RFE;RFE;9BGEY43T0VB127212;;116247;;2026/2027;CINZA AMBAR;        3067320;118771,08;0,00;166190,00;118771,08;   217752;PEDRAGON MANAUS;1781,57;1;(690) PDB, (693) UE1, (705) RFE;  /  /     ;8;21/08/2026 00:00;;;PEDRAGON MANAUS;200859     ;ALCO/GASOL;0,00;Sim;;  /  /     ;VN - VEICULOS  NOVOS;Não;Não;Não;Não;0,00;FLOOR PLAN - GM;HOLD BACK (GM), (CUSTO) TOP NA VENDA (NOVOS);0,00;0,00;0,00;200859     ;0,00;120552,65;PEDRAGON MANAUS;0,00;AUTOMÁTICO
PEDRAGON MANAUS;NW MONTANA;NW MONTANA PREM RFE;RFE;9BGEY43T0VB128847;;116248;;2026/2027;CINZA AMBAR;        3067321;118771,08;0,00;166190,00;118771,08;   217753;PEDRAGON MANAUS;1781,57;1;(690) PDB, (693) UE1, (705) RFE;  /  /     ;8;21/08/2026 00:00;;;PEDRAGON MANAUS;200859     ;ALCO/GASOL;0,00;Sim;;  /  /     ;VN - VEICULOS  NOVOS;Não;Não;Não;Não;0,00;FLOOR PLAN - GM;HOLD BACK (GM), (CUSTO) TOP NA VENDA (NOVOS);0,00;0,00;0,00;200859     ;0,00;120552,65;PEDRAGON MANAUS;0,00;AUTOMÁTICO
PEDRAGON MANAUS;NW MONTANA;NW MONTANA PREM RFE;RFE;9BGEY43T0VB128887;;116249;;2026/2027;CINZA AMBAR;        3067322;118771,08;0,00;166190,00;118771,08;   217754;PEDRAGON MANAUS;1781,57;1;(690) PDB, (693) UE1, (705) RFE;  /  /     ;8;21/08/2026 00:00;;;PEDRAGON MANAUS;200859     ;ALCO/GASOL;0,00;Sim;;  /  /     ;VN - VEICULOS  NOVOS;Não;Não;Não;Não;0,00;FLOOR PLAN - GM;HOLD BACK (GM), (CUSTO) TOP NA VENDA (NOVOS);0,00;0,00;0,00;200859     ;0,00;120552,65;PEDRAGON MANAUS;0,00;AUTOMÁTICO
PEDRAGON MANAUS;NW MONTANA;NW MONTANA PREM RFE;RFE;9BGEY43T0VB128893;;116250;;2026/2027;CINZA AMBAR;        3067323;118771,08;0,00;166190,00;118771,08;   217755;PEDRAGON MANAUS;1781,57;1;(690) PDB, (693) UE1, (705) RFE;  /  /     ;8;21/08/2026 00:00;;;PEDRAGON MANAUS;200859     ;ALCO/GASOL;0,00;Sim;;  /  /     ;VN - VEICULOS  NOVOS;Não;Não;Não;Não;0,00;FLOOR PLAN - GM;HOLD BACK (GM), (CUSTO) TOP NA VENDA (NOVOS);0,00;0,00;0,00;200859     ;0,00;120552,65;PEDRAGON MANAUS;0,00;AUTOMÁTICO
PEDRAGON MANAUS;NW MONTANA;NW MONTANA PREM RFE;RFE;9BGEY43T0VB128927;;116251;;2026/2027;CINZA AMBAR;        3067324;118771,08;0,00;166190,00;118771,08;   217756;PEDRAGON MANAUS;1781,57;1;(690) PDB, (693) UE1, (705) RFE;  /  /     ;8;21/08/2026 00:00;;;PEDRAGON MANAUS;200859     ;ALCO/GASOL;0,00;Sim;;  /  /     ;VN - VEICULOS  NOVOS;Não;Não;Não;Não;0,00;FLOOR PLAN - GM;HOLD BACK (GM), (CUSTO) TOP NA VENDA (NOVOS);0,00;0,00;0,00;200859     ;0,00;120552,65;PEDRAGON MANAUS;0,00;AUTOMÁTICO
PEDRAGON MANAUS;NW MONTANA;NW MONTANA PREM RFE;RFE;9BGEY43T0VB128934;;116253;;2026/2027;CINZA AMBAR;        3067325;118771,08;0,00;166190,00;118771,08;   217757;PEDRAGON MANAUS;1781,57;1;(690) PDB, (693) UE1, (705) RFE;  /  /     ;8;21/08/2026 00:00;;;PEDRAGON MANAUS;200859     ;ALCO/GASOL;0,00;Sim;;  /  /     ;VN - VEICULOS  NOVOS;Não;Não;Não;Não;0,00;FLOOR PLAN - GM;HOLD BACK (GM), (CUSTO) TOP NA VENDA (NOVOS);0,00;0,00;0,00;200859     ;0,00;120552,65;PEDRAGON MANAUS;0,00;AUTOMÁTICO
PEDRAGON MANAUS;NW MONTANA;NW MONTANA PREM RFE;RFE;9BGEY43T0VB117925;;116781;;2026/2027;PRATA SHARK;        3069776;118771,08;0,00;166190,00;118771,08;   222338;PEDRAGON MANAUS;1781,57;1;(690) PDB, (693) UE1, (705) RFE;  /  /     ;2;27/08/2026 00:00;Pedido;VICTOR ;PEDRAGON MANAUS;200859     ;ALCO/GASOL;0,00;Sim;;  /  /     ;VN - VEICULOS  NOVOS;Sim;Sim;Não;Não;0,00;CAPLAN GM;HOLD BACK (GM), (CUSTO) TOP NA VENDA (NOVOS);0,00;0,00;0,00;200859     ;0,00;120552,65;PEDRAGON MANAUS;0,00;AUTOMÁTICO
PEDRAGON MANAUS;NW MONTANA;NW MONTANA PREM RFE;RFE;9BGEY43T0VB120965;;116787;;2026/2027;PRATA SHARK;        3069777;118771,08;0,00;166190,00;118771,08;   222339;PEDRAGON MANAUS;1781,57;1;(690) PDB, (693) UE1, (705) RFE;  /  /     ;2;27/08/2026 00:00;;;PEDRAGON MANAUS;200859     ;ALCO/GASOL;0,00;Sim;;  /  /     ;VN - VEICULOS  NOVOS;Não;Não;Não;Não;0,00;CAPLAN GM;HOLD BACK (GM), (CUSTO) TOP NA VENDA (NOVOS);0,00;0,00;0,00;200859     ;0,00;120552,65;PEDRAGON MANAUS;0,00;AUTOMÁTICO
PEDRAGON MANAUS;NW MONTANA;NW MONTANA PREM RFE;RFE;9BGEY43T0VB120972;;116788;;2026/2027;PRATA SHARK;        3069778;118771,08;0,00;166190,00;118771,08;   222340;PEDRAGON MANAUS;1781,57;1;(690) PDB, (693) UE1, (705) RFE;  /  /     ;2;27/08/2026 00:00;;;PEDRAGON MANAUS;200859     ;ALCO/GASOL;0,00;Sim;;  /  /     ;VN - VEICULOS  NOVOS;Não;Não;Não;Não;0,00;CAPLAN GM;HOLD BACK (GM), (CUSTO) TOP NA VENDA (NOVOS);0,00;0,00;0,00;200859     ;0,00;120552,65;PEDRAGON MANAUS;0,00;AUTOMÁTICO
PEDRAGON MANAUS;NW MONTANA;NW MONTANA PREM RFE;RFE;9BGEY43T0VB121081;;116789;;2026/2027;PRATA SHARK;        3069779;118771,08;0,00;166190,00;118771,08;   222341;PEDRAGON MANAUS;1781,57;1;(690) PDB, (693) UE1, (705) RFE;  /  /     ;2;27/08/2026 00:00;;;PEDRAGON MANAUS;200859     ;ALCO/GASOL;0,00;Sim;;  /  /     ;VN - VEICULOS  NOVOS;Não;Não;Não;Não;0,00;CAPLAN GM;HOLD BACK (GM), (CUSTO) TOP NA VENDA (NOVOS);0,00;0,00;0,00;200859     ;0,00;120552,65;PEDRAGON MANAUS;0,00;AUTOMÁTICO
PEDRAGON MANAUS;NW MONTANA;NW MONTANA PREM RFE;RFE;9BGEY43T0VB121110;;116790;;2026/2027;PRATA SHARK;        3069780;118771,08;0,00;166190,00;118771,08;   222342;PEDRAGON MANAUS;1781,57;1;(690) PDB, (693) UE1, (705) RFE;  /  /     ;2;27/08/2026 00:00;;;PEDRAGON MANAUS;200859     ;ALCO/GASOL;0,00;Sim;;  /  /     ;VN - VEICULOS  NOVOS;Não;Não;Não;Não;0,00;CAPLAN GM;HOLD BACK (GM), (CUSTO) TOP NA VENDA (NOVOS);0,00;0,00;0,00;200859     ;0,00;120552,65;PEDRAGON MANAUS;0,00;AUTOMÁTICO
PEDRAGON MANAUS;NW MONTANA;NW MONTANA PREM RFE;RFE;9BGEY43T0VB121111;;116791;;2026/2027;PRATA SHARK;        3069781;118771,08;0,00;166190,00;118771,08;   222343;PEDRAGON MANAUS;1781,57;1;(690) PDB, (693) UE1, (705) RFE;  /  /     ;2;27/08/2026 00:00;;;PEDRAGON MANAUS;200859     ;ALCO/GASOL;0,00;Sim;;  /  /     ;VN - VEICULOS  NOVOS;Não;Não;Não;Não;0,00;CAPLAN GM;HOLD BACK (GM), (CUSTO) TOP NA VENDA (NOVOS);0,00;0,00;0,00;200859     ;0,00;120552,65;PEDRAGON MANAUS;0,00;AUTOMÁTICO
PEDRAGON MANAUS;NW MONTANA;NW MONTANA PREM RFE;RFE;9BGEY43T0VB121118;;116792;;2026/2027;PRATA SHARK;        3069782;118771,08;0,00;166190,00;118771,08;   222344;PEDRAGON MANAUS;1781,57;1;(690) PDB, (693) UE1, (705) RFE;  /  /     ;2;27/08/2026 00:00;;;PEDRAGON MANAUS;200859     ;ALCO/GASOL;0,00;Sim;;  /  /     ;VN - VEICULOS  NOVOS;Não;Não;Não;Não;0,00;CAPLAN GM;HOLD BACK (GM), (CUSTO) TOP NA VENDA (NOVOS);0,00;0,00;0,00;200859     ;0,00;120552,65;PEDRAGON MANAUS;0,00;AUTOMÁTICO
PEDRAGON MANAUS;NW MONTANA;NW MONTANA PREM RFE;RFE;9BGEY43T0VB121119;;116793;;2026/2027;PRATA SHARK;        3069783;118771,08;0,00;166190,00;118771,08;   222345;PEDRAGON MANAUS;1781,57;1;(690) PDB, (693) UE1, (705) RFE;  /  /     ;2;27/08/2026 00:00;;;PEDRAGON MANAUS;200859     ;ALCO/GASOL;0,00;Sim;;  /  /     ;VN - VEICULOS  NOVOS;Não;Não;Não;Não;0,00;CAPLAN GM;HOLD BACK (GM), (CUSTO) TOP NA VENDA (NOVOS);0,00;0,00;0,00;200859     ;0,00;120552,65;PEDRAGON MANAUS;0,00;AUTOMÁTICO
PEDRAGON MANAUS;NW MONTANA;NW MONTANA PREM RFE;RFE;9BGEY43T0VB121125;;116794;;2026/2027;PRATA SHARK;        3069784;118771,08;0,00;166190,00;118771,08;   222346;PEDRAGON MANAUS;1781,57;1;(690) PDB, (693) UE1, (705) RFE;  /  /     ;2;27/08/2026 00:00;;;PEDRAGON MANAUS;200859     ;ALCO/GASOL;0,00;Sim;;  /  /     ;VN - VEICULOS  NOVOS;Não;Não;Não;Não;0,00;CAPLAN GM;HOLD BACK (GM), (CUSTO) TOP NA VENDA (NOVOS);0,00;0,00;0,00;200859     ;0,00;120552,65;PEDRAGON MANAUS;0,00;AUTOMÁTICO
PEDRAGON MANAUS;NW MONTANA;NW MONTANA PREM RFE;RFE;9BGEY43T0VB121657;;116795;;2026/2027;PRETO OURO NEGRO;        3069785;118771,08;0,00;166190,00;118771,08;   222347;PEDRAGON MANAUS;1781,57;1;(690) PDB, (693) UE1, (705) RFE;  /  /     ;2;27/08/2026 00:00;;;PEDRAGON MANAUS;200859     ;ALCO/GASOL;0,00;Sim;;  /  /     ;VN - VEICULOS  NOVOS;Não;Não;Não;Não;0,00;CAPLAN GM;HOLD BACK (GM), (CUSTO) TOP NA VENDA (NOVOS);0,00;0,00;0,00;200859     ;0,00;120552,65;PEDRAGON MANAUS;0,00;AUTOMÁTICO
PEDRAGON MANAUS;NW MONTANA;NW MONTANA PREM RFE;RFE;9BGEY43T0VB121708;;116796;;2026/2027;PRETO OURO NEGRO;        3069786;118771,08;0,00;166190,00;118771,08;   222348;PEDRAGON MANAUS;1781,57;1;(690) PDB, (693) UE1, (705) RFE;  /  /     ;2;27/08/2026 00:00;;;PEDRAGON MANAUS;200859     ;ALCO/GASOL;0,00;Sim;;  /  /     ;VN - VEICULOS  NOVOS;Não;Não;Não;Não;0,00;CAPLAN GM;HOLD BACK (GM), (CUSTO) TOP NA VENDA (NOVOS);0,00;0,00;0,00;200859     ;0,00;120552,65;PEDRAGON MANAUS;0,00;AUTOMÁTICO
PEDRAGON MANAUS;NW MONTANA;NW MONTANA PREM RFE;RFE;9BGEY43T0VB121709;;116797;;2026/2027;PRETO OURO NEGRO;        3069787;118771,08;0,00;166190,00;118771,08;   222349;PEDRAGON MANAUS;1781,57;1;(690) PDB, (693) UE1, (705) RFE;  /  /     ;2;27/08/2026 00:00;;;PEDRAGON MANAUS;200859     ;ALCO/GASOL;0,00;Sim;;  /  /     ;VN - VEICULOS  NOVOS;Não;Não;Não;Não;0,00;CAPLAN GM;HOLD BACK (GM), (CUSTO) TOP NA VENDA (NOVOS);0,00;0,00;0,00;200859     ;0,00;120552,65;PEDRAGON MANAUS;0,00;AUTOMÁTICO
PEDRAGON MANAUS;NW MONTANA;NW MONTANA PREM RFE;RFE;9BGEY43T0VB121715;;116798;;2026/2027;PRETO OURO NEGRO;        3069788;118771,08;0,00;166190,00;118771,08;   222350;PEDRAGON MANAUS;1781,57;1;(690) PDB, (693) UE1, (705) RFE;  /  /     ;2;27/08/2026 00:00;;;PEDRAGON MANAUS;200859     ;ALCO/GASOL;0,00;Sim;;  /  /     ;VN - VEICULOS  NOVOS;Não;Não;Não;Não;0,00;CAPLAN GM;HOLD BACK (GM), (CUSTO) TOP NA VENDA (NOVOS);0,00;0,00;0,00;200859     ;0,00;120552,65;PEDRAGON MANAUS;0,00;AUTOMÁTICO
PEDRAGON MANAUS;NW MONTANA;NW MONTANA PREM RFE;RFE;9BGEY43T0VB121716;;116799;;2026/2027;PRETO OURO NEGRO;        3069789;118771,08;0,00;166190,00;118771,08;   222351;PEDRAGON MANAUS;1781,57;1;(690) PDB, (693) UE1, (705) RFE;  /  /     ;2;27/08/2026 00:00;;;PEDRAGON MANAUS;200859     ;ALCO/GASOL;0,00;Sim;;  /  /     ;VN - VEICULOS  NOVOS;Não;Não;Não;Não;0,00;CAPLAN GM;HOLD BACK (GM), (CUSTO) TOP NA VENDA (NOVOS);0,00;0,00;0,00;200859     ;0,00;120552,65;PEDRAGON MANAUS;0,00;AUTOMÁTICO
PEDRAGON MANAUS;NW MONTANA;NW MONTANA PREM RFE;RFE;9BGEY43T0VB126721;;116807;;2026/2027;PRATA SHARK;        3069790;118771,08;0,00;166190,00;118771,08;   222352;PEDRAGON MANAUS;1781,57;1;(690) PDB, (693) UE1, (705) RFE;  /  /     ;2;27/08/2026 00:00;;;PEDRAGON MANAUS;200859     ;ALCO/GASOL;0,00;Sim;;  /  /     ;VN - VEICULOS  NOVOS;Não;Não;Não;Não;0,00;CAPLAN GM;HOLD BACK (GM), (CUSTO) TOP NA VENDA (NOVOS);0,00;0,00;0,00;200859     ;0,00;120552,65;PEDRAGON MANAUS;0,00;AUTOMÁTICO
PEDRAGON MANAUS;NW MONTANA;NW MONTANA PREM RFE;RFE;9BGEY43T0VB128595;;116808;;2026/2027;PRETO OURO NEGRO;        3069791;118771,08;0,00;166190,00;118771,08;   222353;PEDRAGON MANAUS;1781,57;1;(690) PDB, (693) UE1, (705) RFE;  /  /     ;2;27/08/2026 00:00;;;PEDRAGON MANAUS;200859     ;ALCO/GASOL;0,00;Sim;;  /  /     ;VN - VEICULOS  NOVOS;Não;Não;Não;Não;0,00;CAPLAN GM;HOLD BACK (GM), (CUSTO) TOP NA VENDA (NOVOS);0,00;0,00;0,00;200859     ;0,00;120552,65;PEDRAGON MANAUS;0,00;AUTOMÁTICO
PEDRAGON MANAUS;NW MONTANA;NW MONTANA PREM RFE;RFE;9BGEY43T0VB119952;;116782;;2026/2027;BRANCO SUMMIT;        3069921;118056,25;0,00;165190,00;118056,25;   222354;PEDRAGON MANAUS;1770,84;1;(691) PDJ, (693) UE1, (705) RFE;  /  /     ;2;27/08/2026 00:00;;;PEDRAGON MANAUS;200859     ;ALCO/GASOL;0,00;Sim;;  /  /     ;VN - VEICULOS  NOVOS;Não;Não;Não;Não;0,00;FLOOR PLAN - GM;HOLD BACK (GM), (CUSTO) TOP NA VENDA (NOVOS);0,00;0,00;0,00;200859     ;0,00;119827,09;PEDRAGON MANAUS;0,00;AUTOMÁTICO
PEDRAGON MANAUS;NW MONTANA;NW MONTANA PREM RFE;RFE;9BGEY43T0VB119959;;116783;;2026/2027;BRANCO SUMMIT;        3069922;118056,25;0,00;165190,00;118056,25;   222355;PEDRAGON MANAUS;1770,84;1;(691) PDJ, (693) UE1, (705) RFE;  /  /     ;2;27/08/2026 00:00;;;PEDRAGON MANAUS;200859     ;ALCO/GASOL;0,00;Sim;;  /  /     ;VN - VEICULOS  NOVOS;Não;Não;Não;Não;0,00;FLOOR PLAN - GM;HOLD BACK (GM), (CUSTO) TOP NA VENDA (NOVOS);0,00;0,00;0,00;200859     ;0,00;119827,09;PEDRAGON MANAUS;0,00;AUTOMÁTICO
PEDRAGON MANAUS;NW MONTANA;NW MONTANA PREM RFE;RFE;9BGEY43T0VB119966;;116784;;2026/2027;BRANCO SUMMIT;        3069923;118056,25;0,00;165190,00;118056,25;   222356;PEDRAGON MANAUS;1770,84;1;(691) PDJ, (693) UE1, (705) RFE;  /  /     ;2;27/08/2026 00:00;;;PEDRAGON MANAUS;200859     ;ALCO/GASOL;0,00;Sim;;  /  /     ;VN - VEICULOS  NOVOS;Não;Não;Não;Não;0,00;FLOOR PLAN - GM;HOLD BACK (GM), (CUSTO) TOP NA VENDA (NOVOS);0,00;0,00;0,00;200859     ;0,00;119827,09;PEDRAGON MANAUS;0,00;AUTOMÁTICO
PEDRAGON MANAUS;NW MONTANA;NW MONTANA PREM RFE;RFE;9BGEY43T0VB119967;;116785;;2026/2027;BRANCO SUMMIT;        3069924;118056,25;0,00;165190,00;118056,25;   222357;PEDRAGON MANAUS;1770,84;1;(691) PDJ, (693) UE1, (705) RFE;  /  /     ;2;27/08/2026 00:00;;;PEDRAGON MANAUS;200859     ;ALCO/GASOL;0,00;Sim;;  /  /     ;VN - VEICULOS  NOVOS;Não;Não;Não;Não;0,00;FLOOR PLAN - GM;HOLD BACK (GM), (CUSTO) TOP NA VENDA (NOVOS);0,00;0,00;0,00;200859     ;0,00;119827,09;PEDRAGON MANAUS;0,00;AUTOMÁTICO
PEDRAGON MANAUS;NW MONTANA;NW MONTANA PREM RFE;RFE;9BGEY43T0VB119973;;116786;;2026/2027;BRANCO SUMMIT;        3069925;118056,25;0,00;165190,00;118056,25;   222358;PEDRAGON MANAUS;1770,84;1;(691) PDJ, (693) UE1, (705) RFE;  /  /     ;2;27/08/2026 00:00;;;PEDRAGON MANAUS;200859     ;ALCO/GASOL;0,00;Sim;;  /  /     ;VN - VEICULOS  NOVOS;Não;Não;Não;Não;0,00;FLOOR PLAN - GM;HOLD BACK (GM), (CUSTO) TOP NA VENDA (NOVOS);0,00;0,00;0,00;200859     ;0,00;119827,09;PEDRAGON MANAUS;0,00;AUTOMÁTICO
PEDRAGON MANAUS;NW MONTANA;NW MONTANA PREM RFE;RFE;9BGEY43T0VB121723;;116800;;2026/2027;PRETO OURO NEGRO;        3069926;118771,08;0,00;166190,00;118771,08;   222359;PEDRAGON MANAUS;1781,57;1;(690) PDB, (693) UE1, (705) RFE;  /  /     ;2;27/08/2026 00:00;;;PEDRAGON MANAUS;200859     ;ALCO/GASOL;0,00;Sim;;  /  /     ;VN - VEICULOS  NOVOS;Não;Não;Não;Não;0,00;FLOOR PLAN - GM;HOLD BACK (GM), (CUSTO) TOP NA VENDA (NOVOS);0,00;0,00;0,00;200859     ;0,00;120552,65;PEDRAGON MANAUS;0,00;AUTOMÁTICO
PEDRAGON MANAUS;NW MONTANA;NW MONTANA PREM RFE;RFE;9BGEY43T0VB121724;;116801;;2026/2027;PRETO OURO NEGRO;        3069927;118771,08;0,00;166190,00;118771,08;   222360;PEDRAGON MANAUS;1781,57;1;(690) PDB, (693) UE1, (705) RFE;  /  /     ;2;27/08/2026 00:00;;;PEDRAGON MANAUS;200859     ;ALCO/GASOL;0,00;Sim;;  /  /     ;VN - VEICULOS  NOVOS;Não;Não;Não;Não;0,00;FLOOR PLAN - GM;HOLD BACK (GM), (CUSTO) TOP NA VENDA (NOVOS);0,00;0,00;0,00;200859     ;0,00;120552,65;PEDRAGON MANAUS;0,00;AUTOMÁTICO
PEDRAGON MANAUS;NW MONTANA;NW MONTANA PREM RFE;RFE;9BGEY43T0VB121730;;116802;;2026/2027;PRETO OURO NEGRO;        3069928;118771,08;0,00;166190,00;118771,08;   222361;PEDRAGON MANAUS;1781,57;1;(690) PDB, (693) UE1, (705) RFE;  /  /     ;2;27/08/2026 00:00;;;PEDRAGON MANAUS;200859     ;ALCO/GASOL;0,00;Sim;;  /  /     ;VN - VEICULOS  NOVOS;Não;Não;Não;Não;0,00;FLOOR PLAN - GM;HOLD BACK (GM), (CUSTO) TOP NA VENDA (NOVOS);0,00;0,00;0,00;200859     ;0,00;120552,65;PEDRAGON MANAUS;0,00;AUTOMÁTICO
PEDRAGON MANAUS;NW MONTANA;NW MONTANA PREM RFE;RFE;9BGEY43T0VB121731;;116803;;2026/2027;PRETO OURO NEGRO;        3069929;118771,08;0,00;166190,00;118771,08;   222362;PEDRAGON MANAUS;1781,57;1;(690) PDB, (693) UE1, (705) RFE;  /  /     ;2;27/08/2026 00:00;;;PEDRAGON MANAUS;200859     ;ALCO/GASOL;0,00;Sim;;  /  /     ;VN - VEICULOS  NOVOS;Não;Não;Não;Não;0,00;FLOOR PLAN - GM;HOLD BACK (GM), (CUSTO) TOP NA VENDA (NOVOS);0,00;0,00;0,00;200859     ;0,00;120552,65;PEDRAGON MANAUS;0,00;AUTOMÁTICO
PEDRAGON MANAUS;NW MONTANA;NW MONTANA PREM RFE;RFE;9BGEY43T0VB112995;;111353;;2026/2027;PRETO OURO NEGRO;        3049467;118771,08;0,00;166190,00;118771,08;   170532;PEDRAGON MANAUS;1781,57;1;(690) PDB, (693) UE1, (705) RFE;  /  /     ;66;24/06/2026 00:00;;;PEDRAGON MANAUS;200859     ;ALCO/GASOL;0,00;Sim;;  /  /     ;VN - VEICULOS  NOVOS;Não;Não;Não;Não;0,00;FLOOR PLAN - GM;HOLD BACK (GM), (CUSTO) TOP NA VENDA (NOVOS);0,00;0,00;0,00;200859     ;0,00;120552,65;PEDRAGON MANAUS;0,00;AUTOMÁTICO
PEDRAGON MANAUS;NW MONTANA;NW MONTANA PREM RFE;RFE;9BGEY43T0VB119616;;111356;;2026/2027;BRANCO SUMMIT;        3049477;118056,25;0,00;165190,00;118056,25;   170542;PEDRAGON MANAUS;1770,84;1;(691) PDJ, (693) UE1, (705) RFE;  /  /     ;66;24/06/2026 00:00;;;PEDRAGON MANAUS;200859     ;ALCO/GASOL;0,00;Sim;;  /  /     ;VN - VEICULOS  NOVOS;Não;Não;Não;Não;0,00;FLOOR PLAN - GM;HOLD BACK (GM), (CUSTO) TOP NA VENDA (NOVOS);0,00;0,00;0,00;200859     ;0,00;119827,09;PEDRAGON MANAUS;0,00;AUTOMÁTICO
PEDRAGON MANAUS;NW MONTANA;NW MONTANA PREM RFE;RFE;9BGEY43T0VB111626;;111351;;2026/2027;BRANCO SUMMIT;        3049461;118056,25;0,00;165190,00;118056,25;   170526;PEDRAGON MANAUS;1770,84;1;(691) PDJ, (693) UE1, (705) RFE;  /  /     ;66;24/06/2026 00:00;;;PEDRAGON MANAUS;200859     ;ALCO/GASOL;0,00;Sim;;  /  /     ;VN - VEICULOS  NOVOS;Não;Não;Não;Não;0,00;CAPLAN GM;HOLD BACK (GM), (CUSTO) TOP NA VENDA (NOVOS);0,00;0,00;0,00;200859     ;0,00;119827,09;PEDRAGON MANAUS;0,00;AUTOMÁTICO
PEDRAGON MANAUS;NW MONTANA;NW MONTANA PREM RFE;RFE;9BGEY43T0VB113003;;111495;;2026/2027;PRETO OURO NEGRO;        3050218;118771,08;0,00;166190,00;118771,08;   171504;PEDRAGON MANAUS;1781,57;1;(690) PDB, (693) UE1, (705) RFE;  /  /     ;65;25/06/2026 00:00;;;PEDRAGON MANAUS;200859     ;ALCO/GASOL;0,00;Sim;;  /  /     ;VN - VEICULOS  NOVOS;Não;Não;Não;Não;0,00;FLOOR PLAN - GM;HOLD BACK (GM), (CUSTO) TOP NA VENDA (NOVOS);0,00;0,00;0,00;200859     ;0,00;120552,65;PEDRAGON MANAUS;0,00;AUTOMÁTICO
PEDRAGON MANAUS;NW MONTANA;NW MONTANA PREM RFE;RFE;9BGEY43T0VB105493;;111633;;2026/2027;PRETO OURO NEGRO;        3050824;118771,08;0,00;166190,00;118771,08;   172901;PEDRAGON MANAUS;1781,57;1;(690) PDB, (693) UE1, (705) RFE;  /  /     ;64;26/06/2026 00:00;;;PEDRAGON MANAUS;200859     ;ALCO/GASOL;0,00;Sim;;  /  /     ;VN - VEICULOS  NOVOS;Não;Não;Não;Não;0,00;FLOOR PLAN - GM;HOLD BACK (GM), (CUSTO) TOP NA VENDA (NOVOS);0,00;0,00;0,00;200859     ;0,00;120552,65;PEDRAGON MANAUS;0,00;AUTOMÁTICO
PEDRAGON MANAUS;NW MONTANA;NW MONTANA PREM RFE;RFE;9BGEY43T0VB113690;;110782;;2026/2027;PRETO OURO NEGRO;        3047428;118771,08;0,00;166190,00;118771,08;   166853;PEDRAGON MANAUS;1781,57;1;(690) PDB, (693) UE1, (705) RFE;  /  /     ;72;18/06/2026 00:00;Pedido;pamola;PEDRAGON MANAUS;200859     ;ALCO/GASOL;0,00;Sim;;  /  /     ;VN - VEICULOS  NOVOS;Sim;Sim;Não;Não;0,00;FLOOR PLAN - GM;HOLD BACK (GM), (CUSTO) TOP NA VENDA (NOVOS);0,00;0,00;0,00;200859     ;0,00;120552,65;PEDRAGON MANAUS;0,00;AUTOMÁTICO
PEDRAGON MANAUS;NW MONTANA;NW MONTANA PREM RFE;RFE;9BGEY43T0VB103380;;110875;;2026/2027;BRANCO SUMMIT;        3047765;118056,25;0,00;165190,00;118056,25;   167728;PEDRAGON MANAUS;1770,84;1;(691) PDJ, (693) UE1, (705) RFE;  /  /     ;71;19/06/2026 00:00;Pedido;;PEDRAGON MANAUS;200859     ;ALCO/GASOL;0,00;Sim;;  /  /     ;VN - VEICULOS  NOVOS;Sim;Sim;Não;Não;0,00;CAPLAN GM;HOLD BACK (GM), (CUSTO) TOP NA VENDA (NOVOS);0,00;0,00;0,00;200859     ;0,00;119827,09;PEDRAGON MANAUS;0,00;AUTOMÁTICO
PEDRAGON MANAUS;NW MONTANA;NW MONTANA PREM RFE;RFE;9BGEY43T0VB117486;;110879;;2026/2027;PRETO OURO NEGRO;        3047773;118771,08;0,00;166190,00;118771,08;   167736;PEDRAGON MANAUS;1781,57;1;(690) PDB, (693) UE1, (705) RFE;  /  /     ;71;19/06/2026 00:00;;;PEDRAGON MANAUS;200859     ;ALCO/GASOL;0,00;Sim;;  /  /     ;VN - VEICULOS  NOVOS;Não;Não;Não;Não;0,00;CAPLAN GM;HOLD BACK (GM), (CUSTO) TOP NA VENDA (NOVOS);0,00;0,00;0,00;200859     ;0,00;120552,65;PEDRAGON MANAUS;0,00;AUTOMÁTICO
PEDRAGON MANAUS;NW MONTANA;NW MONTANA PREM RFE;RFE;9BGEY43T0VB103414;;110876;;2026/2027;BRANCO SUMMIT;        3047981;118056,25;0,00;165190,00;118056,25;   167761;PEDRAGON MANAUS;1770,84;1;(691) PDJ, (693) UE1, (705) RFE;  /  /     ;71;19/06/2026 00:00;;;PEDRAGON MANAUS;200859     ;ALCO/GASOL;0,00;Sim;;  /  /     ;VN - VEICULOS  NOVOS;Não;Não;Não;Não;0,00;FLOOR PLAN - GM;HOLD BACK (GM), (CUSTO) TOP NA VENDA (NOVOS);0,00;0,00;0,00;200859     ;0,00;119827,09;PEDRAGON MANAUS;0,00;AUTOMÁTICO
PEDRAGON MANAUS;NW MONTANA;NW MONTANA PREM RFE;RFE;9BGEY43T0VB140317;;116809;;2026/2027;BRANCO SUMMIT;        3069968;118056,25;0,00;165190,00;118056,25;   222401;PEDRAGON MANAUS;1770,84;1;(691) PDJ, (693) UE1, (705) RFE;  /  /     ;2;27/08/2026 00:00;;;PEDRAGON MANAUS;200859     ;ALCO/GASOL;0,00;Sim;;  /  /     ;VN - VEICULOS  NOVOS;Não;Não;Não;Não;0,00;FLOOR PLAN - GM;HOLD BACK (GM), (CUSTO) TOP NA VENDA (NOVOS);0,00;0,00;0,00;200859     ;0,00;119827,09;PEDRAGON MANAUS;0,00;AUTOMÁTICO
PEDRAGON MANAUS;NW MONTANA;NW MONTANA PREM RFE;RFE;9BGEY43T0VB140325;;116810;;2026/2027;BRANCO SUMMIT;        3069969;118056,25;0,00;165190,00;118056,25;   222402;PEDRAGON MANAUS;1770,84;1;(691) PDJ, (693) UE1, (705) RFE;  /  /     ;2;27/08/2026 00:00;;;PEDRAGON MANAUS;200859     ;ALCO/GASOL;0,00;Sim;;  /  /     ;VN - VEICULOS  NOVOS;Não;Não;Não;Não;0,00;FLOOR PLAN - GM;HOLD BACK (GM), (CUSTO) TOP NA VENDA (NOVOS);0,00;0,00;0,00;200859     ;0,00;119827,09;PEDRAGON MANAUS;0,00;AUTOMÁTICO
PEDRAGON MANAUS;NW MONTANA;NW MONTANA PREM RFE;RFE;9BGEY43T0VB141662;;117083;;2026/2027;CINZA AMBAR;        3070830;118771,08;0,00;166190,00;118771,08;   223659;PEDRAGON MANAUS;1781,57;1;(690) PDB, (693) UE1, (705) RFE;  /  /     ;1;28/08/2026 00:00;;;PEDRAGON MANAUS;200859     ;ALCO/GASOL;0,00;Sim;;  /  /     ;VN - VEICULOS  NOVOS;Não;Não;Não;Não;0,00;CAPLAN GM;HOLD BACK (GM), (CUSTO) TOP NA VENDA (NOVOS);0,00;0,00;0,00;200859     ;0,00;120552,65;PEDRAGON MANAUS;0,00;AUTOMÁTICO
PEDRAGON MANAUS;NW MONTANA;NW MONTANA PREM RFE;RFE;9BGEY43T0VB125993;;116804;;2026/2027;BRANCO SUMMIT;        3069936;118056,25;0,00;165190,00;118056,25;   222369;PEDRAGON MANAUS;1770,84;1;(691) PDJ, (693) UE1, (705) RFE;  /  /     ;2;27/08/2026 00:00;;;PEDRAGON MANAUS;200859     ;ALCO/GASOL;0,00;Sim;;  /  /     ;VN - VEICULOS  NOVOS;Não;Não;Não;Não;0,00;FLOOR PLAN - GM;HOLD BACK (GM), (CUSTO) TOP NA VENDA (NOVOS);0,00;0,00;0,00;200859     ;0,00;119827,09;PEDRAGON MANAUS;0,00;AUTOMÁTICO
PEDRAGON MANAUS;NW MONTANA;NW MONTANA PREM RFE;RFE;9BGEY43T0VB125998;;116805;;2026/2027;BRANCO SUMMIT;        3069937;118056,25;0,00;165190,00;118056,25;   222370;PEDRAGON MANAUS;1770,84;1;(691) PDJ, (693) UE1, (705) RFE;  /  /     ;2;27/08/2026 00:00;;;PEDRAGON MANAUS;200859     ;ALCO/GASOL;0,00;Sim;;  /  /     ;VN - VEICULOS  NOVOS;Não;Não;Não;Não;0,00;FLOOR PLAN - GM;HOLD BACK (GM), (CUSTO) TOP NA VENDA (NOVOS);0,00;0,00;0,00;200859     ;0,00;119827,09;PEDRAGON MANAUS;0,00;AUTOMÁTICO
PEDRAGON MANAUS;NW MONTANA;NW MONTANA PREM RFE;RFE;9BGEY43T0VB126005;;116806;;2026/2027;BRANCO SUMMIT;        3069938;118056,25;0,00;165190,00;118056,25;   222371;PEDRAGON MANAUS;1770,84;1;(691) PDJ, (693) UE1, (705) RFE;  /  /     ;2;27/08/2026 00:00;;;PEDRAGON MANAUS;200859     ;ALCO/GASOL;0,00;Sim;;  /  /     ;VN - VEICULOS  NOVOS;Não;Não;Não;Não;0,00;FLOOR PLAN - GM;HOLD BACK (GM), (CUSTO) TOP NA VENDA (NOVOS);0,00;0,00;0,00;200859     ;0,00;119827,09;PEDRAGON MANAUS;0,00;AUTOMÁTICO
PEDRAGON MANAUS;NW MONTANA;NW MONTANA LTZ RFD;RFD;9BGEN43T0VB119639;;110777;;2026/2027;BRANCO SUMMIT;        3047480;112267,60;0,00;157090,00;112267,60;   166869;PEDRAGON MANAUS;1684,01;1;(691) PDJ, (693) UE1, (703) RFD;  /  /     ;72;18/06/2026 00:00;;;PEDRAGON MANAUS;200861     ;ALCO/GASOL;0,00;Sim;;  /  /     ;VN - VEICULOS  NOVOS;Não;Não;Não;Não;0,00;FLOOR PLAN - GM;HOLD BACK (GM), (CUSTO) TOP NA VENDA (NOVOS);0,00;0,00;0,00;200861     ;0,00;113951,61;PEDRAGON MANAUS;0,00;AUTOMÁTICO
PEDRAGON MANAUS;NW MONTANA;NW MONTANA LTZ RFD;RFD;9BGEN43T0VB111643;        ;108927;;2026/2027;BRANCO SUMMIT;        3039250;112267,60;0,00;157090,00;112267,60;   148598;PEDRAGON MANAUS;1684,01;1;(691) PDJ, (693) UE1, (703) RFD;  /  /     ;95;26/05/2026 00:00;;Jaine;PEDRAGON MANAUS;200861;ALCO/GASOL;0,00;Sim;;  /  /     ;VN - VEICULOS  NOVOS;Não;Não;Não;Não;0,00;CAPLAN GM;HOLD BACK (GM), (CUSTO) TOP NA VENDA (NOVOS);0,00;0,00;0,00;200861;0,00;113951,61;PEDRAGON MANAUS;0,00;AUTOMÁTICO
PEDRAGON MANAUS;NW MONTANA;NW MONTANA LTZ RFD;RFD;9BGEN43T0VB112982;;111342;;2026/2027;PRETO OURO NEGRO;        3049465;112982,44;0,00;158090,00;112982,44;   170530;PEDRAGON MANAUS;1694,74;1;(690) PDB, (693) UE1, (703) RFD;  /  /     ;66;24/06/2026 00:00;Pedido;WELLINGTON VENDIDO;PEDRAGON MANAUS;200861     ;ALCO/GASOL;0,00;Sim;;  /  /     ;VN - VEICULOS  NOVOS;Sim;Sim;Não;Não;0,00;FLOOR PLAN - GM;HOLD BACK (GM), (CUSTO) TOP NA VENDA (NOVOS);0,00;0,00;0,00;200861     ;0,00;114677,18;PEDRAGON MANAUS;0,00;AUTOMÁTICO
PEDRAGON MANAUS;NW MONTANA;NW MONTANA LTZ RFD;RFD;9BGEN43T0VB112988;;111343;;2026/2027;PRETO OURO NEGRO;        3049466;112982,44;0,00;158090,00;112982,44;   170531;PEDRAGON MANAUS;1694,74;1;(690) PDB, (693) UE1, (703) RFD;  /  /     ;66;24/06/2026 00:00;;IZADORA;PEDRAGON MANAUS;200861     ;ALCO/GASOL;0,00;Sim;;  /  /     ;VN - VEICULOS  NOVOS;Não;Não;Não;Não;0,00;FLOOR PLAN - GM;HOLD BACK (GM), (CUSTO) TOP NA VENDA (NOVOS);0,00;0,00;0,00;200861     ;0,00;114677,18;PEDRAGON MANAUS;0,00;AUTOMÁTICO
PEDRAGON MANAUS;NW MONTANA;NW MONTANA LTZ RFD;RFD;9BGEN43T0VB113016;;111346;;2026/2027;CINZA AMBAR;        3049470;112982,44;0,00;158090,00;112982,44;   170535;PEDRAGON MANAUS;1694,74;1;(690) PDB, (693) UE1, (703) RFD;06/08/2026;66;24/06/2026 00:00;Pedido;IZADORA;PEDRAGON MANAUS FLORES;200861     ;ALCO/GASOL;0,00;;;  /  /     ;VD - VEICULO NOVO EM DEMONSTRACAO;Sim;Sim;Não;Não;0,00;FLOOR PLAN - GM;HOLD BACK (GM), (CUSTO) TOP NA VENDA (NOVOS);0,00;0,00;0,00;200861     ;0,00;114677,18;PEDRAGON MANAUS FLORES;0,00;AUTOMÁTICO
PEDRAGON MANAUS;NW MONTANA;NW MONTANA LT MT RFC;RFC;9BGEB43T0VB109825;;108279;;2026/2027;PRATA SHARK;        3036361;102100,68;0,00;141390,00;102100,68;   141782;PEDRAGON MANAUS;1531,51;1;(690) PDB, (693) UE1, (702) RFC;13/07/2026;103;18/05/2026 00:00;;;PEDRAGON MANAUS FLORES;200860     ;ALCO/GASOL;0,00;;;  /  /     ;VD - VEICULO NOVO EM DEMONSTRACAO;Não;Não;Não;Não;0,00;CAPLAN GM;HOLD BACK (GM), (CUSTO) TOP NA VENDA (NOVOS);0,00;0,00;0,00;200860     ;0,00;103632,19;PEDRAGON MANAUS FLORES;0,00;AUTOMÁTICO
PEDRAGON MANAUS;NW MONTANA;NW MONTANA LT MT RFC;RFC;9BGEB43T0VB123440;;113363;;2026/2027;PRATA SHARK;        3057571;102100,68;0,00;141390,00;102100,68;   191785;PEDRAGON MANAUS;1531,51;1;(690) PDB, (693) UE1, (702) RFC;  /  /     ;39;21/07/2026 00:00;;;PEDRAGON MANAUS;200860     ;ALCO/GASOL;0,00;Sim;;  /  /     ;VN - VEICULOS  NOVOS;Não;Não;Não;Não;0,00;CAPLAN GM;HOLD BACK (GM), (CUSTO) TOP NA VENDA (NOVOS);0,00;0,00;0,00;200860     ;0,00;103632,19;PEDRAGON MANAUS;0,00;AUTOMÁTICO
PEDRAGON MANAUS;NW MONTANA;NW MONTANA LT MT RFC;RFC;9BGEB43T0VB123465;;113364;;2026/2027;PRATA SHARK;        3057572;102100,68;0,00;141390,00;102100,68;   191786;PEDRAGON MANAUS;1531,51;1;(690) PDB, (693) UE1, (702) RFC;  /  /     ;39;21/07/2026 00:00;;;PEDRAGON MANAUS;200860     ;ALCO/GASOL;0,00;Sim;;  /  /     ;VN - VEICULOS  NOVOS;Não;Não;Não;Não;0,00;CAPLAN GM;HOLD BACK (GM), (CUSTO) TOP NA VENDA (NOVOS);0,00;0,00;0,00;200860     ;0,00;103632,19;PEDRAGON MANAUS;0,00;AUTOMÁTICO
PEDRAGON MANAUS;NW MONTANA;NW MONTANA LT MT RFC;RFC;9BGEB43T0VB123743;;113367;;2026/2027;CINZA AMBAR;        3057575;102100,68;0,00;141390,00;102100,68;   191789;PEDRAGON MANAUS;1531,51;1;(690) PDB, (693) UE1, (702) RFC;  /  /     ;39;21/07/2026 00:00;;;PEDRAGON MANAUS;200860     ;ALCO/GASOL;0,00;Sim;;  /  /     ;VN - VEICULOS  NOVOS;Não;Não;Não;Não;0,00;CAPLAN GM;HOLD BACK (GM), (CUSTO) TOP NA VENDA (NOVOS);0,00;0,00;0,00;200860     ;0,00;103632,19;PEDRAGON MANAUS;0,00;AUTOMÁTICO
PEDRAGON MANAUS;NW MONTANA;NW MONTANA LT MT RFC;RFC;9BGEB43T0VB126913;;113368;;2026/2027;PRATA SHARK;        3057576;102100,68;0,00;141390,00;102100,68;   191790;PEDRAGON MANAUS;1531,51;1;(690) PDB, (693) UE1, (702) RFC;  /  /     ;39;21/07/2026 00:00;;;PEDRAGON MANAUS;200860     ;ALCO/GASOL;0,00;Sim;;  /  /     ;VN - VEICULOS  NOVOS;Não;Não;Não;Não;0,00;CAPLAN GM;HOLD BACK (GM), (CUSTO) TOP NA VENDA (NOVOS);0,00;0,00;0,00;200860     ;0,00;103632,19;PEDRAGON MANAUS;0,00;AUTOMÁTICO
PEDRAGON MANAUS;NW MONTANA;NW MONTANA LT MT RFC;RFC;9BGEB43T0VB126927;;113369;;2026/2027;PRATA SHARK;        3057577;102100,68;0,00;141390,00;102100,68;   191791;PEDRAGON MANAUS;1531,51;1;(690) PDB, (693) UE1, (702) RFC;  /  /     ;39;21/07/2026 00:00;;;PEDRAGON MANAUS;200860     ;ALCO/GASOL;0,00;Sim;;  /  /     ;VN - VEICULOS  NOVOS;Não;Não;Não;Não;0,00;CAPLAN GM;HOLD BACK (GM), (CUSTO) TOP NA VENDA (NOVOS);0,00;0,00;0,00;200860     ;0,00;103632,19;PEDRAGON MANAUS;0,00;AUTOMÁTICO
PEDRAGON MANAUS;NW MONTANA;NW MONTANA LT MT RFC;RFC;9BGEB43T0VB126934;;113370;;2026/2027;PRATA SHARK;        3057578;102100,68;0,00;141390,00;102100,68;   191792;PEDRAGON MANAUS;1531,51;1;(690) PDB, (693) UE1, (702) RFC;  /  /     ;39;21/07/2026 00:00;;;PEDRAGON MANAUS;200860     ;ALCO/GASOL;0,00;Sim;;  /  /     ;VN - VEICULOS  NOVOS;Não;Não;Não;Não;0,00;CAPLAN GM;HOLD BACK (GM), (CUSTO) TOP NA VENDA (NOVOS);0,00;0,00;0,00;200860     ;0,00;103632,19;PEDRAGON MANAUS;0,00;AUTOMÁTICO
PEDRAGON MANAUS;NW MONTANA;NW MONTANA LT MT RFC;RFC;9BGEB43T0VB117704;;111641;;2026/2027;PRATA SHARK;        3050430;102100,68;0,00;141390,00;102100,68;   172896;PEDRAGON MANAUS;1531,51;1;(690) PDB, (693) UE1, (702) RFC;  /  /     ;64;26/06/2026 00:00;;;PEDRAGON MANAUS;200860     ;ALCO/GASOL;0,00;Sim;;  /  /     ;VN - VEICULOS  NOVOS;Não;Não;Não;Não;0,00;CAPLAN GM;HOLD BACK (GM), (CUSTO) TOP NA VENDA (NOVOS);0,00;0,00;0,00;200860     ;0,00;103632,19;PEDRAGON MANAUS;0,00;AUTOMÁTICO
PEDRAGON MANAUS;NW MONTANA;NW MONTANA LT MT RFC;RFC;9BGEB43T0VB121060;;111642;;2026/2027;PRATA SHARK;        3050834;102100,68;0,00;141390,00;102100,68;   172907;PEDRAGON MANAUS;1531,51;1;(690) PDB, (693) UE1, (702) RFC;  /  /     ;64;26/06/2026 00:00;;;PEDRAGON MANAUS;200860     ;ALCO/GASOL;0,00;Sim;;  /  /     ;VN - VEICULOS  NOVOS;Não;Não;Não;Não;0,00;FLOOR PLAN - GM;HOLD BACK (GM), (CUSTO) TOP NA VENDA (NOVOS);0,00;0,00;0,00;200860     ;0,00;103632,19;PEDRAGON MANAUS;0,00;AUTOMÁTICO
PEDRAGON MANAUS;NW MONTANA;NW MONTANA LT MT RFC;RFC;9BGEB43T0VB109826;;108280;;2026/2027;PRATA SHARK;        3036362;102100,68;0,00;141390,00;102100,68;   141783;PEDRAGON MANAUS;1531,51;1;(690) PDB, (693) UE1, (702) RFC;  /  /     ;103;18/05/2026 00:00;;;PEDRAGON MANAUS;200860     ;ALCO/GASOL;0,00;Sim;;  /  /     ;VN - VEICULOS  NOVOS;Não;Não;Não;Não;0,00;CAPLAN GM;HOLD BACK (GM), (CUSTO) TOP NA VENDA (NOVOS);0,00;0,00;0,00;200860     ;0,00;103632,19;PEDRAGON MANAUS;0,00;AUTOMÁTICO
PEDRAGON MANAUS;NW MONTANA;NW MONTANA LT MT RFC;RFC;9BGEB43T0VB116716;;110442;;2026/2027;PRATA SHARK;        3045536;102100,68;0,00;141390,00;102100,68;   164121;PEDRAGON MANAUS;1531,51;1;(690) PDB, (693) UE1, (702) RFC;24/08/2026;75;15/06/2026 00:00;;;PEDRAGON MANAUS FLORES;200860     ;ALCO/GASOL;0,00;;;  /  /     ;VN - VEICULOS  NOVOS;Não;Não;Não;Não;0,00;FLOOR PLAN - GM;HOLD BACK (GM), (CUSTO) TOP NA VENDA (NOVOS);0,00;0,00;0,00;200860     ;0,00;103632,19;PEDRAGON MANAUS FLORES;0,00;AUTOMÁTICO
PEDRAGON MANAUS;NW MONTANA;NW MONTANA LT MT RFC;RFC;9BGEB43T0VB116946;;110793;;2026/2027;PRETO OURO NEGRO;        3047470;102100,68;0,00;141390,00;102100,68;   166866;PEDRAGON MANAUS;1531,51;1;(690) PDB, (693) UE1, (702) RFC;  /  /     ;72;18/06/2026 00:00;Pedido;;PEDRAGON MANAUS;200860     ;ALCO/GASOL;0,00;Sim;;  /  /     ;VN - VEICULOS  NOVOS;Sim;Sim;Não;Não;0,00;FLOOR PLAN - GM;HOLD BACK (GM), (CUSTO) TOP NA VENDA (NOVOS);0,00;0,00;0,00;200860     ;0,00;103632,19;PEDRAGON MANAUS;0,00;AUTOMÁTICO
PEDRAGON MANAUS;NW MONTANA;NW MONTANA LT MT RFC;RFC;9BGEB43T0VB117419;;110794;;2026/2027;PRETO OURO NEGRO;        3047471;102100,68;0,00;141390,00;102100,68;   166867;PEDRAGON MANAUS;1531,51;1;(690) PDB, (693) UE1, (702) RFC;  /  /     ;72;18/06/2026 00:00;;;PEDRAGON MANAUS;200860     ;ALCO/GASOL;0,00;Sim;;  /  /     ;VN - VEICULOS  NOVOS;Não;Não;Não;Não;0,00;FLOOR PLAN - GM;HOLD BACK (GM), (CUSTO) TOP NA VENDA (NOVOS);0,00;0,00;0,00;200860     ;0,00;103632,19;PEDRAGON MANAUS;0,00;AUTOMÁTICO
PEDRAGON MANAUS;NW MONTANA;NW MONTANA LT MT RFC;RFC;9BGEB43T0VB117720;;110795;;2026/2027;PRATA SHARK;        3047472;102100,68;0,00;141390,00;102100,68;   166868;PEDRAGON MANAUS;1531,51;1;(690) PDB, (693) UE1, (702) RFC;  /  /     ;72;18/06/2026 00:00;;;PEDRAGON MANAUS;200860     ;ALCO/GASOL;0,00;Sim;;  /  /     ;VN - VEICULOS  NOVOS;Não;Não;Não;Não;0,00;FLOOR PLAN - GM;HOLD BACK (GM), (CUSTO) TOP NA VENDA (NOVOS);0,00;0,00;0,00;200860     ;0,00;103632,19;PEDRAGON MANAUS;0,00;AUTOMÁTICO
PEDRAGON MANAUS;NW MONTANA;NW MONTANA LT MT RFC;RFC;9BGEB43T0VB142085;;117084;;2026/2027;AZUL BOREAL;        3070835;102100,68;0,00;141390,00;102100,68;   223660;PEDRAGON MANAUS;1531,51;1;(690) PDB, (693) UE1, (702) RFC;  /  /     ;1;28/08/2026 00:00;;;PEDRAGON MANAUS;200860     ;ALCO/GASOL;0,00;Sim;;  /  /     ;VN - VEICULOS  NOVOS;Não;Não;Não;Não;0,00;CAPLAN GM;HOLD BACK (GM), (CUSTO) TOP NA VENDA (NOVOS);0,00;0,00;0,00;200860     ;0,00;103632,19;PEDRAGON MANAUS;0,00;AUTOMÁTICO
PEDRAGON MANAUS;NW MONTANA;NW MONTANA LT MT RFC;RFC;9BGEB43T0VB142136;;117085;;2026/2027;CINZA AMBAR;        3071144;102100,68;0,00;141390,00;102100,68;   223665;PEDRAGON MANAUS;1531,51;1;(690) PDB, (693) UE1, (702) RFC;  /  /     ;1;28/08/2026 00:00;;;PEDRAGON MANAUS;200860     ;ALCO/GASOL;0,00;Sim;;  /  /     ;VN - VEICULOS  NOVOS;Não;Não;Não;Não;0,00;CAPLAN GM;HOLD BACK (GM), (CUSTO) TOP NA VENDA (NOVOS);0,00;0,00;0,00;200860     ;0,00;103632,19;PEDRAGON MANAUS;0,00;AUTOMÁTICO
PEDRAGON MANAUS;NW MONTANA;NW MONTANA LT MT RFC;RFC;9BGEB43T0VB141386;;116846;;2026/2027;CINZA AMBAR;        3069972;102100,68;0,00;141390,00;102100,68;   222403;PEDRAGON MANAUS;1531,51;1;(690) PDB, (693) UE1, (702) RFC;  /  /     ;2;27/08/2026 00:00;;;PEDRAGON MANAUS;200860     ;ALCO/GASOL;0,00;Sim;;  /  /     ;VN - VEICULOS  NOVOS;Não;Não;Não;Não;0,00;FLOOR PLAN - GM;HOLD BACK (GM), (CUSTO) TOP NA VENDA (NOVOS);0,00;0,00;0,00;200860     ;0,00;103632,19;PEDRAGON MANAUS;0,00;AUTOMÁTICO
PEDRAGON MANAUS;NV TRACKER;NV TRACKER 1.2 PREM R8I;R8I;9BGEY76T0TB105379;TSG7B08 ;78771;AM;2025/2026;PINT EXT(GR2) MET *PRATA SHARK*;        2916992;125670,75;0,00;177990,00;132027,18;     6729;PEDRAGON MANAUS;4508,66;3527;(53) PINTURA METALICA;22/08/2025;411;14/07/2025 00:00;;"TEST DRIVE NÃO VENDER
";PEDRAGON MANAUS;149037;ALCO/GASOL;0,00;;;  /  /     ;VD - VEICULO NOVO EM DEMONSTRACAO;Não;Não;Não;Não;18261,78;;HOLD BACK (GM), (CUSTO) TOP NA VENDA (NOVOS);0,00;0,00;0,00;149037;0,00;154797,62;PEDRAGON MANAUS;0,00;AUTOMÁTICO
PEDRAGON MANAUS;NV TRACKER;NV TRACKER 1.2 PREM R8I;R8I;9BGEY76T0TB105379;TSG7B08 ;78771;AM;2025/2026;PINT EXT(GR2) MET *PRATA SHARK*;        2916992;125670,75;0,00;177990,00;132027,18;     6729;PEDRAGON MANAUS;4508,66;3527;(53) PINTURA METALICA;22/08/2025;411;14/07/2025 00:00;;"TEST DRIVE NÃO VENDER
";PEDRAGON MANAUS;149037;ALCO/GASOL;0,00;;;  /  /     ;VD - VEICULO NOVO EM DEMONSTRACAO;Não;Não;Não;Não;18261,78;;HOLD BACK (GM), (CUSTO) TOP NA VENDA (NOVOS);0,00;0,00;0,00;149037;0,00;154797,62;PEDRAGON MANAUS;0,00;AUTOMÁTICO
PEDRAGON MANAUS;NV TRACKER;NV TRACKER 1.0 LT R8D;R8D;8AGEB76D0TR108804;        ;106153;;2026/2026;PRETO OURO NEGRO;        4754301;116064,18;0,00;147340,00;116064,18;   122633;PEDRAGON MANAUS;3481,93;1;(690) PDB, (693) UE1, (697) R8D, (698) R9S;25/06/2026;129;22/04/2026 00:00;;"CHASSI NAO CONTEMPLA BONUS, CANCELAMENTO POSTERIOR AO DIA 15 DO MES SUBSEQUENTE""     ";PEDRAGON MANAUS;100197     ;ALCO/GASOL;0,00;;Sim;15/07/2026;VN - VEICULOS  NOVOS;Não;Não;Não;Não;0,00;FLOOR PLAN - GM;HOLD BACK (GM), (CUSTO) TOP NA VENDA (NOVOS);0,00;0,00;0,00;100197     ;0,00;119546,11;PEDRAGON MANAUS;0,00;AUTOMÁTICO
PEDRAGON MANAUS;NV TRACKER;NV TRACKER 1.0 LT R8D;R8D;8AGEB76D0TR111855;;106568;;2026/2026;VERMELHO SCARLET;        4757328;116064,18;0,00;147340,00;116064,18;   126203;PEDRAGON MANAUS;-3518,07;1;(690) PDB, (693) UE1, (697) R8D, (698) R9S;13/07/2026;124;27/04/2026 00:00;;;SABRINA VENDIDO ;ADRIA VENDIDO;ALCO/GASOL;0,00;;;  /  /     ;VN - VEICULOS  NOVOS;Não;Não;Não;Não;0,00;CAPLAN GM;HOLD BACK (GM), BONUS (GM), (CUSTO) TOP NA VENDA (NOVOS);0,00;0,00;0,00;100197     ;0,00;112546,11;PEDRAGON MANAUS FLORES;0,00;AUTOMÁTICO
PEDRAGON MANAUS;NV TRACKER;NV TRACKER 1.0 LT R8D;R8D;8AGEB76D0TR112079;;106569;;2026/2026;CINZA RUSH;        4757334;116064,18;0,00;147340,00;114645,60;   126204;PEDRAGON MANAUS;-3518,07;1;(690) PDB, (693) UE1, (697) R8D, (698) R9S;  /  /     ;124;27/04/2026 00:00;;karla ;PEDRAGON MANAUS;100197     ;ALCO/GASOL;0,00;Sim;;  /  /     ;VN - VEICULOS  NOVOS;Não;Não;Não;Não;0,00;CAPLAN GM;HOLD BACK (GM), BONUS (GM), (CUSTO) TOP NA VENDA (NOVOS);0,00;0,00;0,00;100197     ;0,00;111127,53;PEDRAGON MANAUS;0,00;AUTOMÁTICO
PEDRAGON MANAUS;NV TRACKER;NV TRACKER 1.0 LT R8D;R8D;8AGEB76D0TR111857;;107291;;2026/2026;VERMELHO SCARLET;        4761345;116064,18;0,00;147340,00;114645,60;   132449;PEDRAGON MANAUS;-3518,07;1;(690) PDB, (693) UE1, (697) R8D, (698) R9S;  /  /     ;116;05/05/2026 00:00;;;PEDRAGON MANAUS;100197     ;ALCO/GASOL;0,00;Sim;;  /  /     ;VN - VEICULOS  NOVOS;Não;Não;Não;Não;0,00;CAPLAN GM;HOLD BACK (GM), BONUS (GM), (CUSTO) TOP NA VENDA (NOVOS);0,00;0,00;0,00;100197     ;0,00;111127,53;PEDRAGON MANAUS;0,00;AUTOMÁTICO
PEDRAGON MANAUS;NV TRACKER;NV TRACKER 1.0 LT R8D;R8D;8AGEB76D0TR109127;        ;106166;;2026/2026;PRETO OURO NEGRO;        4754316;116064,18;0,00;147340,00;116064,18;   122646;PEDRAGON MANAUS;-3518,07;1;(690) PDB, (693) UE1, (697) R8D, (698) R9S;13/08/2026;129;22/04/2026 00:00;;;PEDRAGON MANAUS;100197     ;ALCO/GASOL;0,00;;Sim;14/08/2026;VN - VEICULOS  NOVOS;Não;Não;Não;Não;0,00;FLOOR PLAN - GM;HOLD BACK (GM), BONUS (GM), (CUSTO) TOP NA VENDA (NOVOS);0,00;0,00;0,00;100197     ;0,00;112546,11;PEDRAGON MANAUS;0,00;AUTOMÁTICO
PEDRAGON MANAUS;NV TRACKER;NV TRACKER 1.0 LT R8D;R8D;8AGEB76D0TR108803;;106315;;2026/2026;PRETO OURO NEGRO;        4755039;116064,18;0,00;147340,00;114645,60;   123734;PEDRAGON MANAUS;-3518,07;1;(690) PDB, (693) UE1, (697) R8D, (698) R9S;  /  /     ;128;23/04/2026 00:00;;ADRIANA;LARISSA ;100197     ;ALCO/GASOL;0,00;Sim;;  /  /     ;VN - VEICULOS  NOVOS;Não;Não;Não;Não;0,00;CAPLAN GM;HOLD BACK (GM), BONUS (GM), (CUSTO) TOP NA VENDA (NOVOS);0,00;0,00;0,00;100197     ;0,00;111127,53;PEDRAGON MANAUS;0,00;AUTOMÁTICO
PEDRAGON MANAUS;NV TRACKER;NV TRACKER 1.0 LT R8D;R8D;8AGEB76D0TR109096;;106319;;2026/2026;CINZA RUSH;        4755109;116064,18;0,00;147340,00;114645,60;   123738;PEDRAGON MANAUS;-3518,07;1;(690) PDB, (693) UE1, (697) R8D, (698) R9S;  /  /     ;128;23/04/2026 00:00;Pedido;;PEDRAGON MANAUS;100197     ;ALCO/GASOL;0,00;Sim;;  /  /     ;VN - VEICULOS  NOVOS;Sim;Sim;Não;Não;0,00;FLOOR PLAN - GM;HOLD BACK (GM), BONUS (GM), (CUSTO) TOP NA VENDA (NOVOS);0,00;0,00;0,00;100197     ;0,00;111127,53;PEDRAGON MANAUS;0,00;AUTOMÁTICO
PEDRAGON MANAUS;NV SPARK;NV SPARK EUV ACTIV PEA;PEA;906ADAE35T1576182;;115801;;2026/2026;BRANCO CUPUACU;        1494883;124805,29;0,00;154990,00;124805,29;   216694;PEDRAGON MANAUS;-255,84;1;(700) PEA;  /  /     ;9;20/08/2026 00:00;Pedido;francisco ;PEDRAGON MANAUS;203052     ;ELT FT EXT;0,00;Sim;;  /  /     ;VN - VEICULOS  NOVOS;Sim;Sim;Não;Não;0,00;FLOOR PLAN - GM;BONUS (GM), HOLD BACK (GM), HOLD BACK (GM), (CUSTO) TOP NA VENDA (NOVOS);0,00;0,00;0,00;203052     ;0,00;124549,45;PEDRAGON MANAUS;0,00;AUTOMÁTICO
PEDRAGON MANAUS;NV SPARK;NV SPARK EUV ACTIV PEA;PEA;906ADAE38T1576211;;117082;;2026/2026;CINZA REDENTOR;        1495768;126150,08;0,00;156660,00;126150,08;   223671;PEDRAGON MANAUS;1892,25;1;(690) PDB, (700) PEA;  /  /     ;1;28/08/2026 00:00;;DOMICIO;PEDRAGON MANAUS;203052     ;ELT FT EXT;0,00;Sim;;  /  /     ;VN - VEICULOS  NOVOS;Não;Não;Não;Não;0,00;FLOOR PLAN - GM;HOLD BACK (GM), (CUSTO) TOP NA VENDA (NOVOS);0,00;0,00;0,00;203052     ;0,00;128042,33;PEDRAGON MANAUS;0,00;AUTOMÁTICO
PEDRAGON MANAUS;NV SPARK;NV SPARK EUV ACTIV PEA;PEA;906ADAE35T1576232;;117081;;2026/2026;CINZA REDENTOR;        1495769;126150,08;0,00;156660,00;126150,08;   223672;PEDRAGON MANAUS;1892,25;1;(690) PDB, (700) PEA;  /  /     ;1;28/08/2026 00:00;;DOMICIO;DOMICIO;203052     ;ELT FT EXT;0,00;Sim;;  /  /     ;VN - VEICULOS  NOVOS;Não;Não;Não;Não;0,00;FLOOR PLAN - GM;HOLD BACK (GM), (CUSTO) TOP NA VENDA (NOVOS);0,00;0,00;0,00;203052     ;0,00;128042,33;PEDRAGON MANAUS;0,00;AUTOMÁTICO
PEDRAGON MANAUS;NV S10;NV S10 CD HC DD4A R7U;R7U;9BG148PK0TC440176;        ;101315;;2026/2026;PRATA SHARK;         164718;212065,55;0,00;349040,00;212065,55;    81948;PEDRAGON MANAUS;-2138,03;1;(690) PDB, (693) UE1, (695) R7U;23/03/2026;184;26/02/2026 00:00;Bloqueado;"CHASSI NAO CONTEMPLA BONUS, CANCELAMENTO POSTERIOR AO DIA 15 DO MES SUBSEQUENTE"" - JURÍDICO     ";PEDRAGON MANAUS;220548     ;DIESEL;0,00;;Sim;30/03/2026;VN - VEICULOS  NOVOS;Não;Não;Sim;Não;1948,34;CAPLAN GM;HOLD BACK (GM), BONUS (GM), (CUSTO) TOP NA VENDA (NOVOS);0,00;0,00;0,00;220548     ;0,00;211875,86;PEDRAGON MANAUS;0,00;AUTOMÁTICO
PEDRAGON MANAUS;NV S10;NV S10 CD HC DD4A R7U;R7U;9BG148PK0TC436094;TRZ7I62 ;98823;;2025/2026;PINT EXT(GR2) MET *PRATA SHARK*;         160340;213054,00;0,00;346990,00;213054,00;    60114;PEDRAGON MANAUS;0,00;5;(53) PINTURA METALICA;28/01/2026;254;18/12/2025 00:00;;NÃO VENDER TEST DRIVE;PEDRAGON MANAUS;220548;DIESEL;0,00;;;  /  /     ;VD - VEICULO NOVO EM DEMONSTRACAO;Não;Não;Não;Não;12167,72;;(CUSTO) TOP NA VENDA (NOVOS);0,00;0,00;0,00;220548;0,00;225221,72;PEDRAGON MANAUS;0,00;AUTOMÁTICO
PEDRAGON MANAUS;NV S10;NV S10 CD HC DD4A R7U;R7U;9BG148PK0TC436094;TRZ7I62 ;98823;;2025/2026;PINT EXT(GR2) MET *PRATA SHARK*;         160340;213054,00;0,00;346990,00;213054,00;    60114;PEDRAGON MANAUS;0,00;5;(53) PINTURA METALICA;28/01/2026;254;18/12/2025 00:00;;NÃO VENDER TEST DRIVE;PEDRAGON MANAUS;220548;DIESEL;0,00;;;  /  /     ;VD - VEICULO NOVO EM DEMONSTRACAO;Não;Não;Não;Não;12167,72;;(CUSTO) TOP NA VENDA (NOVOS);0,00;0,00;0,00;220548;0,00;225221,72;PEDRAGON MANAUS;0,00;AUTOMÁTICO
PEDRAGON MANAUS;NV S10;NV S10 CD HC DD4A R7U;R7U;9BG148PK0TC432901;        ;94554;;2025/2026;*PRATA SHARK (GR2) MET ;        1479496;224929,48;0,00;349040,00;224929,48;   198875;PEDRAGON MANAUS;-13752,12;16;(690) PDB, (693) UE1, (695) R7U;10/08/2026;200;10/02/2026 00:00;Bloqueado;Verificando custo com a Fabrica;NÃO VENDER***************;220548;DIESEL;0,00;;Sim;10/08/2026;VN - VEICULOS  NOVOS;Não;Não;Sim;Não;0,00;;HOLD BACK (GM), BONUS (GM) MENSAL, BONUS (GM), (CUSTO) TOP NA VENDA (NOVOS);0,00;0,00;0,00;220548;0,00;211177,36;PEDRAGON MANAUS;0,00;AUTOMÁTICO
PEDRAGON MANAUS;NV MONTANA;NV MONTANA PREM RFE;RFE;9BGEY43T0TB131544;        ;93513;;2025/2026;PRATA SHARK;        2979040;126306,81;0,00;139990,00;126306,81;    19763;PEDRAGON MANAUS;-13565,40;1;(690) PDB, (693) UE1, (705) RFE;26/02/2026;274;28/11/2025 00:00;Bloqueado;CARRO COM GRAVAME INCLUSO - JURÍDICO ;PEDRAGON MANAUS;200859;ALCO/GASOL;0,00;;Sim;27/02/2026;VN - VEICULOS  NOVOS;Não;Não;Sim;Não;0,00;FLOOR PLAN - GM;HOLD BACK (GM), BONUS (GM), BONUS (GM) MENSAL, (CUSTO) TOP NA VENDA (NOVOS);0,00;0,00;0,00;200859;0,00;112741,41;PEDRAGON MANAUS;0,00;AUTOMÁTICO
PEDRAGON MANAUS;NV EQUINOX;NV EQUINOX ACTIV PEE;PEE;3GNAX9EB9TL167289;TSN7G98 ;78472;;2025/2026;PINT EXT(GVR) SOL *VERDE CACTI*;        4624938;192274,50;0,00;265990,00;192274,50;    22491;PEDRAGON MANAUS;0,00;1;;02/12/2025;382;12/08/2025 00:00;;;PEDRAGON MANAUS;202022;GASOLINA;0,00;;;  /  /     ;VD - VEICULO NOVO EM DEMONSTRACAO;Não;Não;Não;Não;0,00;;(CUSTO) TOP NA VENDA (NOVOS);0,00;0,00;0,00;202022;0,00;192274,50;PEDRAGON MANAUS;0,00;AUTOMÁTICO
PEDRAGON MANAUS;NV EQUINOX;NV EQUINOX ACTIV PEE;PEE;3GNAX9EB6TL411738;;106180;;2026/2026;PRATA SHARK;        4754297;236662,20;0,00;268040,00;236662,20;   122629;PEDRAGON MANAUS;7099,87;1;(690) PDB, (693) UE1, (732) PEE;29/06/2026;129;22/04/2026 00:00;;VICTOR ;PEDRAGON MANAUS FLORES;202022     ;GASOLINA;0,00;;;  /  /     ;VN - VEICULOS  NOVOS;Não;Não;Não;Não;0,00;FLOOR PLAN - GM;HOLD BACK (GM), (CUSTO) TOP NA VENDA (NOVOS);0,00;0,00;0,00;202022     ;0,00;243762,07;PEDRAGON MANAUS FLORES;0,00;AUTOMÁTICO
PEDRAGON MANAUS;NV EQUINOX;NV EQUINOX ACTIV PEE;PEE;3GNAX9EB9TL167289;TSN7G98 ;78472;;2025/2026;PINT EXT(GVR) SOL *VERDE CACTI*;        4624938;192274,50;0,00;265990,00;192274,50;    22491;PEDRAGON MANAUS;0,00;1;;02/12/2025;382;12/08/2025 00:00;;;PEDRAGON MANAUS;202022;GASOLINA;0,00;;;  /  /     ;VD - VEICULO NOVO EM DEMONSTRACAO;Não;Não;Não;Não;0,00;;(CUSTO) TOP NA VENDA (NOVOS);0,00;0,00;0,00;202022;0,00;192274,50;PEDRAGON MANAUS;0,00;AUTOMÁTICO
PEDRAGON MANAUS;NV CAPTIVA;NV CAPTIVA EV PREM PEB;PEB;LK6ADAE44TB050556;        ;96987;;2025/2026;*CINZA DIAMANTINA (G64);        2976623;146669,23;0,00;219990,00;146669,23;    43359;PEDRAGON MANAUS;4400,07;1;;31/12/2025;277;25/11/2025 00:00;;TEST DRIVE - NÃO VENDER;PEDRAGON MANAUS;202515;ELT FT EXT;0,00;;;  /  /     ;VD - VEICULO NOVO EM DEMONSTRACAO;Não;Não;Não;Não;0,00;;HOLD BACK (GM), (CUSTO) TOP NA VENDA (NOVOS);0,00;0,00;0,00;202515;0,00;151069,30;PEDRAGON MANAUS;0,00;AUTOMÁTICO
PEDRAGON MANAUS;NV CAPTIVA;NV CAPTIVA EV PREM PEB;PEB;LK6ADAE44TB050556;        ;96987;;2025/2026;*CINZA DIAMANTINA (G64);        2976623;146669,23;0,00;219990,00;146669,23;    43359;PEDRAGON MANAUS;4400,07;1;;31/12/2025;277;25/11/2025 00:00;;TEST DRIVE - NÃO VENDER;PEDRAGON MANAUS;202515;ELT FT EXT;0,00;;;  /  /     ;VD - VEICULO NOVO EM DEMONSTRACAO;Não;Não;Não;Não;0,00;;HOLD BACK (GM), (CUSTO) TOP NA VENDA (NOVOS);0,00;0,00;0,00;202515;0,00;151069,30;PEDRAGON MANAUS;0,00;AUTOMÁTICO
PEDRAGON MANAUS;NV CAPTIVA;NV CAPTIVA EV PREM PEA;PEA;906ADAE44T1068701;;115225;;2026/2026;CINZA DIAMANTINA;        1493357;176002,97;0,00;219990,00;176002,97;   207809;PEDRAGON MANAUS;5280,09;1;(700) PEA;  /  /     ;19;10/08/2026 00:00;;rogerio;PEDRAGON MANAUS;203160     ;ELT FT EXT;0,00;Sim;;  /  /     ;VN - VEICULOS  NOVOS;Não;Não;Não;Não;0,00;CAPLAN GM;HOLD BACK (GM), (CUSTO) TOP NA VENDA (NOVOS);0,00;0,00;0,00;203160     ;0,00;181283,06;PEDRAGON MANAUS;0,00;AUTOMÁTICO
PEDRAGON MANAUS;NV CAPTIVA;NV CAPTIVA EV PREM PEA;PEA;906ADAE46T1069008;;115228;;2026/2026;CINZA DIAMANTINA;        1493390;176002,97;0,00;219990,00;176002,97;   207813;PEDRAGON MANAUS;5280,09;1;(700) PEA;27/08/2026;19;10/08/2026 00:00;Pedido;rogerio;PEDRAGON MANAUS;203160     ;ELT FT EXT;0,00;;;  /  /     ;VN - VEICULOS  NOVOS;Sim;Sim;Não;Não;0,00;CAPLAN GM;HOLD BACK (GM), (CUSTO) TOP NA VENDA (NOVOS);0,00;0,00;0,00;203160     ;0,00;181283,06;PEDRAGON MANAUS;0,00;AUTOMÁTICO
PEDRAGON MANAUS;NV CAPTIVA;NV CAPTIVA EV PREM PEA;PEA;906ADAE41T1068879;;116159;;2026/2026;DOURADO JERI;        1494887;176002,97;0,00;219990,00;176002,97;   216697;PEDRAGON MANAUS;5280,09;1;(700) PEA;  /  /     ;9;20/08/2026 00:00;Pedido;CRISTINA ;Paulo ;203160     ;ELT FT EXT;0,00;Sim;;  /  /     ;VN - VEICULOS  NOVOS;Sim;Sim;Não;Não;0,00;CAPLAN GM;HOLD BACK (GM), (CUSTO) TOP NA VENDA (NOVOS);0,00;0,00;0,00;203160     ;0,00;181283,06;PEDRAGON MANAUS;0,00;AUTOMÁTICO
PEDRAGON MANAUS;NV CAPTIVA;NV CAPTIVA EV PREM PEA;PEA;906ADAE42T1570736;;116432;;2026/2026;BRANCO LENCOIS;        1495238;176002,97;0,00;219990,00;176002,97;   219258;PEDRAGON MANAUS;5280,09;1;(700) PEA;  /  /     ;5;24/08/2026 00:00;Pedido;domicio ;...;victor;ELT FT EXT;0,00;Sim;;  /  /     ;VN - VEICULOS  NOVOS;Sim;Sim;Não;Não;0,00;CAPLAN GM;HOLD BACK (GM), (CUSTO) TOP NA VENDA (NOVOS);0,00;0,00;0,00;203160     ;0,00;181283,06;PEDRAGON MANAUS;0,00;AUTOMÁTICO
PEDRAGON MANAUS;NV CAPTIVA;NV CAPTIVA EV PREM PEA;PEA;906ADAE49T1570555;;116433;;2026/2026;AZUL BUZIOS;        1495260;176002,97;0,00;219990,00;176002,97;   219259;PEDRAGON MANAUS;5280,09;1;(700) PEA;  /  /     ;5;24/08/2026 00:00;;samyra ;Paulo;203160     ;ELT FT EXT;0,00;Sim;;  /  /     ;VN - VEICULOS  NOVOS;Não;Não;Não;Não;0,00;FLOOR PLAN - GM;HOLD BACK (GM), (CUSTO) TOP NA VENDA (NOVOS);0,00;0,00;0,00;203160     ;0,00;181283,06;PEDRAGON MANAUS;0,00;AUTOMÁTICO
PEDRAGON MANAUS;NV CAPTIVA;NV CAPTIVA EV PREM PEA;PEA;906ADAE46T1068859;;116780;;2026/2026;DOURADO JERI;        1495626;176002,97;0,00;219990,00;176002,97;   222405;PEDRAGON MANAUS;5280,09;1;(700) PEA;  /  /     ;2;27/08/2026 00:00;Pedido;marciele;PEDRAGON MANAUS;203160     ;ELT FT EXT;0,00;Sim;;  /  /     ;VN - VEICULOS  NOVOS;Sim;Sim;Não;Não;0,00;FLOOR PLAN - GM;HOLD BACK (GM), (CUSTO) TOP NA VENDA (NOVOS);0,00;0,00;0,00;203160     ;0,00;181283,06;PEDRAGON MANAUS;0,00;AUTOMÁTICO
